sample_token,scene_token,timestamp,filename,ego_pose_token,calibrated_sensor_token,prev_sample,next_sample,ego_x,ego_y,ego_z,ego_yaw,vx,vy,speed,ax,ay,accel,yaw_rate,steering_angle
ca9a282c9e77460f8360f564131a8af5,cc8c0bf57f984915a77078b10eb33198,1532402927647951,datasets/LIDAR_TOP/n015-2018-07-24-11-22-45+0800__LIDAR_TOP__1532402927647951.pcd.bin,9d9bf11fb0e144c8b446d54a8a00184f,a183049901c24361a6b0b11b8013137c,,39586f9d59004284a7114a68825e8eec,411.3039349319818,1180.8903791765097,0.0,-1.9236454030236563,NaN,NaN,NaN,NaN,NaN,NaN,NaN,NaN
39586f9d59004284a7114a68825e8eec,cc8c0bf57f984915a77078b10eb33198,1532402928147847,datasets/LIDAR_TOP/n015-2018-07-24-11-22-45+0800__LIDAR_TOP__1532402928147847.pcd.bin,4f792c8da81e4cb7aca1790654da1c27,a183049901c24361a6b0b11b8013137c,ca9a282c9e77460f8360f564131a8af5,356d81f38dd9473ba590f39e266f54e5,409.7431520488096,1176.6769733781416,0.0,-1.9178313311383752,-3.122215187103392,-8.428564738201661,8.9882663078391,NaN,NaN,NaN,0.011630562927651045,0.0034937237982446264
356d81f38dd9473ba590f39e266f54e5,cc8c0bf57f984915a77078b10eb33198,1532402928698048,datasets/LIDAR_TOP/n015-2018-07-24-11-22-45+0800__LIDAR_TOP__1532402928698048.pcd.bin,28aaabeb212146a28a511858c09cf20c,a183049901c24361a6b0b11b8013137c,39586f9d59004284a7114a68825e8eec,e0845f5322254dafadbbed75aaa07969,408.101879146712,1172.1515777892457,0.0,-1.9115745760130542,-2.9830423828702033,-8.224986121246397,8.749225025834905,0.2529490208727152,0.37000771891593076,0.44820633553959915,0.011371762547361742,0.003509311829015023
e0845f5322254dafadbbed75aaa07969,cc8c0bf57f984915a77078b10eb33198,1532402929197353,datasets/LIDAR_TOP/n015-2018-07-24-11-22-45+0800__LIDAR_TOP__1532402929197353.pcd.bin,c4f1a270736445e185379a80c29a5139,a183049901c24361a6b0b11b8013137c,356d81f38dd9473ba590f39e266f54e5,c923fe08b2ff4e27975d2bf30934383b,406.7260055966978,1168.2112865775816,0.0,-1.900029570959263,-2.755577352548453,-7.891551680163606,8.358815374595311,0.455563293621635,0.6677971201626084,0.8083878451540852,0.023122149895937957,0.007468738322510803
c923fe08b2ff4e27975d2bf30934383b,cc8c0bf57f984915a77078b10eb33198,1532402929697797,datasets/LIDAR_TOP/n015-2018-07-24-11-22-45+0800__LIDAR_TOP__1532402929697797.pcd.bin,6a97481174074729a9d0ffa096eaa498,a183049901c24361a6b0b11b8013137c,e0845f5322254dafadbbed75aaa07969,f1e3d9d08f044c439ce86a2d6fcca57b,405.40940618082874,1164.3542269452469,0.0,-1.8953111684717723,-2.630862625726482,-7.707275204288127,8.143925910154085,0.24920815680070219,0.3682259670921804,0.444629135636628,0.009428432526897453,0.003125859456909214
f1e3d9d08f044c439ce86a2d6fcca57b,cc8c0bf57f984915a77078b10eb33198,1532402930152601,datasets/LIDAR_TOP/n015-2018-07-24-11-22-45+0800__LIDAR_TOP__1532402930152601.pcd.bin,fca0353274424116948fa1f10be1fc29,a183049901c24361a6b0b11b8013137c,c923fe08b2ff4e27975d2bf30934383b,4f545737bf3347fbbc9af60b0be9a963,404.27766613575534,1161.0501064609266,0.0,-1.8889199262923675,-2.4884126900233943,-7.264932771744015,7.67928680893152,0.313211703729712,0.9726001366393252,1.0217889200535024,0.014052739596408096,0.004940875090922811
4f545737bf3347fbbc9af60b0be9a963,cc8c0bf57f984915a77078b10eb33198,1532402930648325,datasets/LIDAR_TOP/n015-2018-07-24-11-22-45+0800__LIDAR_TOP__1532402930648325.pcd.bin,bba3bbf8fb5b443d91ce478600ac3b49,a183049901c24361a6b0b11b8013137c,f1e3d9d08f044c439ce86a2d6fcca57b,7626dde27d604ac28a0240bdd54eba7a,403.1147868052399,1157.5179992427084,0.0,-1.881262243939871,-2.345820114651431,-7.125148708188918,7.50137428236383,0.28764509156700796,0.28197961679300754,0.40280541578946494,0.015447471481099425,0.005560070918875066
7626dde27d604ac28a0240bdd54eba7a,cc8c0bf57f984915a77078b10eb33198,1532402931198511,datasets/LIDAR_TOP/n015-2018-07-24-11-22-45+0800__LIDAR_TOP__1532402931198511.pcd.bin,6d62c08a571148b69ce69a8fca44b72f,a183049901c24361a6b0b11b8013137c,4f545737bf3347fbbc9af60b0be9a963,be99ffc878b24aca8956bbb4e0f97d0c,401.882035855894,1153.723115401486,0.0,-1.8766642418729156,-2.2406076296849986,-6.897456207941264,7.252256524053056,0.19123075644678747,0.413846408755683,0.4558925885021453,0.008357177512614599,0.003111359782878847
be99ffc878b24aca8956bbb4e0f97d0c,cc8c0bf57f984915a77078b10eb33198,1532402931697833,datasets/LIDAR_TOP/n015-2018-07-24-11-22-45+0800__LIDAR_TOP__1532402931697833.pcd.bin,07963799cc9d4a19bd0d9076e4a00da4,a183049901c24361a6b0b11b8013137c,7626dde27d604ac28a0240bdd54eba7a,9813c23a5f1448b09bb7910fea9baf20,400.84139513617623,1150.4041654308548,0.0,-1.8669048539997075,-2.0841074891908855,-6.646913155501136,6.965985825658534,0.3134252856756023,0.5017665002546017,0.5916122298250638,0.019545279144936673,0.0075757050060233444
9813c23a5f1448b09bb7910fea9baf20,cc8c0bf57f984915a77078b10eb33198,1532402932197715,datasets/LIDAR_TOP/n015-2018-07-24-11-22-45+0800__LIDAR_TOP__1532402932197715.pcd.bin,6be2618c971046478919fe91a9880bd8,a183049901c24361a6b0b11b8013137c,be99ffc878b24aca8956bbb4e0f97d0c,023c4df2d451409881d8e6ea82f14704,399.84353161665877,1147.1735328106026,0.0,-1.8585534503149757,-1.996198141796396,-6.462790459052754,6.764057032501625,0.1758601977956586,0.36833231932412447,0.4081611282660525,0.016706750162502074,0.006668812108178328
023c4df2d451409881d8e6ea82f14704,cc8c0bf57f984915a77078b10eb33198,1532402932647284,datasets/LIDAR_TOP/n015-2018-07-24-11-22-45+0800__LIDAR_TOP__1532402932647284.pcd.bin,68dbac351067433883a6303bab0d61ea,a183049901c24361a6b0b11b8013137c,9813c23a5f1448b09bb7910fea9baf20,c235638ed66145988d17f9d0601923f2,399.0198373002425,1144.398545717494,0.0,-1.8481582984530462,-1.832186641908729,-6.172549915827427,6.4387328220830815,0.3648194156796113,0.6455973237152178,0.7415450832181849,0.023122483671982295,0.009696116866385893
c235638ed66145988d17f9d0601923f2,cc8c0bf57f984915a77078b10eb33198,1532402933146604,datasets/LIDAR_TOP/n015-2018-07-24-11-22-45+0800__LIDAR_TOP__1532402933146604.pcd.bin,b5baeed9277642debf7abf2bae8c8e90,a183049901c24361a6b0b11b8013137c,023c4df2d451409881d8e6ea82f14704,bc3c8a953f6b4dcdb77b521d89f3d9d5,398.16712901294835,1141.370496193884,0.0,-1.8252766764180366,-1.7077390997639774,-6.064346558539573,6.300212061108216,0.24923404258742193,0.2167014285184932,0.33026825022460826,0.04582556684092296,0.01963886759213751
bc3c8a953f6b4dcdb77b521d89f3d9d5,cc8c0bf57f984915a77078b10eb33198,1532402933646462,datasets/LIDAR_TOP/n015-2018-07-24-11-22-45+0800__LIDAR_TOP__1532402933646462.pcd.bin,ec1f1d29781744cbbd9e2affac55c70e,a183049901c24361a6b0b11b8013137c,c235638ed66145988d17f9d0601923f2,1e3d79dae62742a0ad64c91679863358,397.4476741975414,1138.4704918742955,0.0,-1.7877086610988902,-1.4393183972387118,-5.801656309569039,5.977529036566201,0.5369939113213464,0.5255297483896108,0.7513614158570067,0.07515737533288742,0.03394795945907551
1e3d79dae62742a0ad64c91679863358,cc8c0bf57f984915a77078b10eb33198,1532402934146351,datasets/LIDAR_TOP/n015-2018-07-24-11-22-45+0800__LIDAR_TOP__1532402934146351.pcd.bin,620c4688ff1043d2aa4ea1d0c0735707,a183049901c24361a6b0b11b8013137c,bc3c8a953f6b4dcdb77b521d89f3d9d5,2afb9d32310e4546a71cbe432911eca2,396.8835035523236,1135.6564273770866,0.0,-1.74127441565969,-1.1285918378236253,-5.629378716492755,5.7413956726656385,0.6215911120570498,0.34463169438872293,0.7107366005529487,0.09288911226132233,0.04368286343677958
2afb9d32310e4546a71cbe432911eca2,cc8c0bf57f984915a77078b10eb33198,1532402934696555,datasets/LIDAR_TOP/n015-2018-07-24-11-22-45+0800__LIDAR_TOP__1532402934696555.pcd.bin,9d4adec20d8a4ba08f2ea4becb6f64b2,a183049901c24361a6b0b11b8013137c,1e3d79dae62742a0ad64c91679863358,cd21dbfc3bd749c7b10a5c42562e0c42,396.4443552268204,1132.6271305081405,0.0,-1.668531049699764,-0.7981554577996472,-5.50577034871825,5.563322682322179,0.6005706611074765,0.2246591587384043,0.6412151406416717,0.13221162688734708,0.06416514248402974
cd21dbfc3bd749c7b10a5c42562e0c42,cc8c0bf57f984915a77078b10eb33198,1532402935197541,datasets/LIDAR_TOP/n015-2018-07-24-11-22-45+0800__LIDAR_TOP__1532402935197541.pcd.bin,f582c6d34c8b403c8f3b66a8bb896892,a183049901c24361a6b0b11b8013137c,2afb9d32310e4546a71cbe432911eca2,88449a5cb1644a199c1c11f6ac034867,396.28709579417813,1130.0546235114005,0.0,-1.5793596526393519,-0.31389985477091803,-5.134887994355138,5.144473523442193,0.9666050608774082,0.7403048276061848,1.2175288832265299,0.17799179430245995,0.09341633160842568
88449a5cb1644a199c1c11f6ac034867,cc8c0bf57f984915a77078b10eb33198,1532402935697945,datasets/LIDAR_TOP/n015-2018-07-24-11-22-45+0800__LIDAR_TOP__1532402935697945.pcd.bin,8ca363317e054bcda00792ebeb46d046,a183049901c24361a6b0b11b8013137c,cd21dbfc3bd749c7b10a5c42562e0c42,2ff86dc19c4644a1a88ce5ba848f56e5,396.3721334319953,1127.5762883014086,0.0,-1.4843247220546174,0.16993796575797115,-4.952668663703494,4.955583296105163,0.9668943903903431,0.36414443260174534,1.0331921069980936,0.18991640871123022,0.10347405600534172
2ff86dc19c4644a1a88ce5ba848f56e5,cc8c0bf57f984915a77078b10eb33198,1532402936198962,datasets/LIDAR_TOP/n015-2018-07-24-11-22-45+0800__LIDAR_TOP__1532402936198962.pcd.bin,a2491d8dad5548be842fac104d69d52a,a183049901c24361a6b0b11b8013137c,88449a5cb1644a199c1c11f6ac034867,bf2938e43c6f487497cda76b51bfc406,396.6816902790987,1125.2563692026397,0.0,-1.3882631900522686,0.6178569731234838,-4.630419923413532,4.671459719015277,0.8940195789075273,0.6431892336786214,1.101346175273735,0.19173307892216987,0.11081746268358773
bf2938e43c6f487497cda76b51bfc406,cc8c0bf57f984915a77078b10eb33198,1532402936699359,datasets/LIDAR_TOP/n015-2018-07-24-11-22-45+0800__LIDAR_TOP__1532402936699359.pcd.bin,aabc5b01953f41158d3069c0733ea152,a183049901c24361a6b0b11b8013137c,2ff86dc19c4644a1a88ce5ba848f56e5,b26e791522294bec90f86fd72226e35c,397.1853086632334,1123.0598472868774,0.0,-1.2930359902624269,1.006437656769947,-4.389558522058151,4.503458756948699,0.7765447907290874,0.48134061825986485,0.9136249792969056,0.19030329876046767,0.11409428494497835
b26e791522294bec90f86fd72226e35c,cc8c0bf57f984915a77078b10eb33198,1532402937198682,datasets/LIDAR_TOP/n015-2018-07-24-11-22-45+0800__LIDAR_TOP__1532402937198682.pcd.bin,cb6676be21f34ad39eb93ecbd40aa846,a183049901c24361a6b0b11b8013137c,bf2938e43c6f487497cda76b51bfc406,c844bf5a9f2243ff8f4bf2c85fe218ff,397.8606615606245,1121.0773884177784,0.0,-1.1929834332532645,1.3525371300563394,-3.9702935156181294,4.194351831730429,0.6931374546864303,0.8396669218922845,1.0887975343511975,0.20037642369600914,0.1289868770393594
c844bf5a9f2243ff8f4bf2c85fe218ff,cc8c0bf57f984915a77078b10eb33198,1532402937698000,datasets/LIDAR_TOP/n015-2018-07-24-11-22-45+0800__LIDAR_TOP__1532402937698000.pcd.bin,e28319b88b634a2d9eff6fdfa7db5500,a183049901c24361a6b0b11b8013137c,b26e791522294bec90f86fd72226e35c,fedfb3a6cb804635a0f47143f9ca8d6f,398.7597041521511,1119.1284635254908,0.0,-1.0833333529629785,1.8005411211423419,-3.9031737135203426,4.29845476501041,0.8972318063558745,0.13442295710907035,0.9072455267095961,0.21959969456395725,0.13793774919979848
fedfb3a6cb804635a0f47143f9ca8d6f,cc8c0bf57f984915a77078b10eb33198,1532402938197897,datasets/LIDAR_TOP/n015-2018-07-24-11-22-45+0800__LIDAR_TOP__1532402938197897.pcd.bin,dc820c3695754f09aed71d7adc0f2365,a183049901c24361a6b0b11b8013137c,c844bf5a9f2243ff8f4bf2c85fe218ff,965f6af5a92449348409029a5f048a38,399.9076584877769,1117.2088940698718,0.0,-0.969912984652353,2.296381725887242,-3.8399299368050057,4.4741961233902305,0.9918855379106101,0.12651361523541224,0.9999213044815848,0.22688747544119192,0.13691759744028298
965f6af5a92449348409029a5f048a38,cc8c0bf57f984915a77078b10eb33198,1532402938647444,datasets/LIDAR_TOP/n015-2018-07-24-11-22-45+0800__LIDAR_TOP__1532402938647444.pcd.bin,ea5b7cc72183440d88f625e81354ec74,a183049901c24361a6b0b11b8013137c,fedfb3a6cb804635a0f47143f9ca8d6f,4711bcd34644420da8bc77163431888e,401.0653931407355,1115.6784191807697,0.0,-0.8717089486717401,2.5753361783275057,-3.404482488153968,4.268823894651729,0.6205234434670093,0.9686360906669105,1.1503500423934576,0.21845109850719258,0.1381687276227028
4711bcd34644420da8bc77163431888e,cc8c0bf57f984915a77078b10eb33198,1532402939147334,datasets/LIDAR_TOP/n015-2018-07-24-11-22-45+0800__LIDAR_TOP__1532402939147334.pcd.bin,c28ea16a15a94d97afdbf7823282ee4f,a183049901c24361a6b0b11b8013137c,965f6af5a92449348409029a5f048a38,a34fabc7aa674713b71f98ec541eb2d4,402.47435861332616,1114.1490807505795,0.0,-0.7726912776962821,2.818551026407084,-3.0593499173620935,4.159789875140795,0.4865367342406893,0.6904170333310822,0.8446263515184024,0.19807891931316488,0.1285673310908387
a34fabc7aa674713b71f98ec541eb2d4,cc8c0bf57f984915a77078b10eb33198,1532402939697511,datasets/LIDAR_TOP/n015-2018-07-24-11-22-45+0800__LIDAR_TOP__1532402939697511.pcd.bin,4c850e12ce914a34ba56fd9896123b10,a183049901c24361a6b0b11b8013137c,4711bcd34644420da8bc77163431888e,c78067571d104caba7c568a847d56971,404.11369592844784,1112.6762567308072,0.0,-0.6754077123530898,2.979654393261949,-2.677000346747248,4.0055800029171955,0.29282097734886214,0.6949573875586322,0.754128566822569,0.1768223050821686,0.11918878748499798
c78067571d104caba7c568a847d56971,cc8c0bf57f984915a77078b10eb33198,1532402940197958,datasets/LIDAR_TOP/n015-2018-07-24-11-22-45+0800__LIDAR_TOP__1532402940197958.pcd.bin,ba77cd8dab87477ab3cbcb044c3a2396,a183049901c24361a6b0b11b8013137c,a34fabc7aa674713b71f98ec541eb2d4,4246e57f018745c9b2bc68feb3d71b58,405.59378952934526,1111.5587954693658,0.0,-0.6024638766297996,2.957543158211397,-2.2329262867823148,3.7058091336287817,-0.044182970525453606,0.8873548247165697,0.8884541180231128,0.14575736436284006,0.1061967493707112
4246e57f018745c9b2bc68feb3d71b58,cc8c0bf57f984915a77078b10eb33198,1532402940797343,datasets/LIDAR_TOP/n015-2018-07-24-11-22-45+0800__LIDAR_TOP__1532402940797343.pcd.bin,67768023d82a4533ae51f8d2cbd5ba60,a183049901c24361a6b0b11b8013137c,c78067571d104caba7c568a847d56971,a7acb150914b40bdad9a2dc4e657cbf9,407.23526472142686,1110.4950559603324,0.0,-0.537916630759839,2.7385990508297677,-1.7747182679470448,3.263364780681232,-0.36528125892644864,0.7644636065888702,0.847251440790604,0.10768912446918198,0.08909841700445596
a7acb150914b40bdad9a2dc4e657cbf9,cc8c0bf57f984915a77078b10eb33198,1532402941297218,datasets/LIDAR_TOP/n015-2018-07-24-11-22-45+0800__LIDAR_TOP__1532402941297218.pcd.bin,67e7a792d1ad4a3c905dc593163ef339,a183049901c24361a6b0b11b8013137c,4246e57f018745c9b2bc68feb3d71b58,0cd661df01aa40c3bb3a773ba86f753a,408.52944568127737,1109.7538669797307,0.0,-0.4945370369363826,2.589009171994013,-1.4827486483654746,2.9835401869086273,-0.29925457131433775,0.5840852604782599,0.6562841533668818,0.08678088286762961,0.07853367780018972
0cd661df01aa40c3bb3a773ba86f753a,cc8c0bf57f984915a77078b10eb33198,1532402941797653,datasets/LIDAR_TOP/n015-2018-07-24-11-22-45+0800__LIDAR_TOP__1532402941797653.pcd.bin,7ac90d580eae4d1a8d7e11000648d3a1,a183049901c24361a6b0b11b8013137c,a7acb150914b40bdad9a2dc4e657cbf9,378a3a3e9af346308ab9dff8ced46d9c,409.73572041073385,1109.1231579309517,0.0,-0.45906906819510374,2.410452365355104,-1.2603216177504646,2.7200535262775922,-0.3568031944986041,0.4444673746141058,0.5699647065395932,0.07087427686168811,0.07035175803633388
378a3a3e9af346308ab9dff8ced46d9c,cc8c0bf57f984915a77078b10eb33198,1532402942197463,datasets/LIDAR_TOP/n015-2018-07-24-11-22-45+0800__LIDAR_TOP__1532402942197463.pcd.bin,880f7696d59c45c89d3af55a1ec745b0,a183049901c24361a6b0b11b8013137c,0cd661df01aa40c3bb3a773ba86f753a,eef55c3b48f34d949959b45130ee293a,410.6650822157686,1108.6719861046136,0.0,-0.4433703562876108,2.3245086541976767,-1.1284655869992448,2.58394563884023,-0.21496138455123057,0.32979673032495377,0.3936677281429255,0.039265430848385345,0.04102898361988166
eef55c3b48f34d949959b45130ee293a,cc8c0bf57f984915a77078b10eb33198,1532402942697870,datasets/LIDAR_TOP/n015-2018-07-24-11-22-45+0800__LIDAR_TOP__1532402942697870.pcd.bin,729c663149494df59f3b9bf2e2ebb262,a183049901c24361a6b0b11b8013137c,378a3a3e9af346308ab9dff8ced46d9c,5fda58ee3ae44ab9b4bbac7a2de66c27,411.779300464498,1108.1419443525465,0.0,-0.43661412587690285,2.226624025502043,-1.0592212979975568,2.4657259192932517,-0.1956100308261752,0.13837593998822556,0.23960631236977503,0.01350147062432768,0.014784275251538704
5fda58ee3ae44ab9b4bbac7a2de66c27,cc8c0bf57f984915a77078b10eb33198,1532402943197769,datasets/LIDAR_TOP/n015-2018-07-24-11-22-45+0800__LIDAR_TOP__1532402943197769.pcd.bin,86c604d17fbc44c38b43097e91720c0b,a183049901c24361a6b0b11b8013137c,eef55c3b48f34d949959b45130ee293a,919e3c4cec934168a3152077a9adcbea,412.8489179352234,1107.6401473937494,0.0,-0.43422872265646906,2.1396671542159607,-1.0037966845243906,2.3634261813504533,-0.1739488802459741,0.11087162301418124,0.20627828225149383,0.004771770338475954,0.005451314712322993
919e3c4cec934168a3152077a9adcbea,cc8c0bf57f984915a77078b10eb33198,1532402943697655,datasets/LIDAR_TOP/n015-2018-07-24-11-22-45+0800__LIDAR_TOP__1532402943697655.pcd.bin,f8e0d79210e341a0b7604d75bf4ad2a7,a183049901c24361a6b0b11b8013137c,5fda58ee3ae44ab9b4bbac7a2de66c27,b73152cab88f49d9ba195da81fde1809,413.9024439761932,1107.148159570898,0.0,-0.4338713733593455,2.107532599372171,-0.9842000433125604,2.326014484622326,-0.06428376638631546,0.039202220529941316,0.0752942010734461,0.0007148615826879625,0.0008297997652284149
b73152cab88f49d9ba195da81fde1809,cc8c0bf57f984915a77078b10eb33198,1532402944198088,datasets/LIDAR_TOP/n015-2018-07-24-11-22-45+0800__LIDAR_TOP__1532402944198088.pcd.bin,bd10d8d1303e4e15b1aa59d51b32c547,a183049901c24361a6b0b11b8013137c,919e3c4cec934168a3152077a9adcbea,6aa6fa91e0d1492e812eb7e57c47df6e,414.9639051557455,1106.6522960506688,0.0,-0.4324155338212661,2.1210854990624894,-0.9908689479495754,2.341116179591237,0.02708234606894125,-0.013326268725313822,0.030183487319015587,0.0029091597438207087,0.0033551223885383446
6aa6fa91e0d1492e812eb7e57c47df6e,cc8c0bf57f984915a77078b10eb33198,1532402944697931,datasets/LIDAR_TOP/n015-2018-07-24-11-22-45+0800__LIDAR_TOP__1532402944697931.pcd.bin,111817c846784c0baf4bdf98745e8444,a183049901c24361a6b0b11b8013137c,b73152cab88f49d9ba195da81fde1809,aa581aac963a4fad848ac11fe66e8637,415.9850022275284,1106.1821496591247,0.0,-0.4235726567588839,2.0428355939422778,-0.9405881277604695,2.2489738304305464,-0.15654896661594078,0.10059322665138024,0.18608217592411935,0.01769130919585186,0.021239257737230115
aa581aac963a4fad848ac11fe66e8637,cc8c0bf57f984915a77078b10eb33198,1532402945197276,datasets/LIDAR_TOP/n015-2018-07-24-11-22-45+0800__LIDAR_TOP__1532402945197276.pcd.bin,e5bd7485417a4e99a9827bc7c848278c,a183049901c24361a6b0b11b8013137c,6aa6fa91e0d1492e812eb7e57c47df6e,67e5f88901214f3aa03d68e028185e22,417.02167488599355,1105.7223623879136,0.0,-0.39587496271316996,2.0760649620305323,-0.9207807652246411,2.2710972995841705,0.06654591132033864,0.03966668843350465,0.07747131394739026,0.05546805123855036,0.06594333865462618
67e5f88901214f3aa03d68e028185e22,cc8c0bf57f984915a77078b10eb33198,1532402945697148,datasets/LIDAR_TOP/n015-2018-07-24-11-22-45+0800__LIDAR_TOP__1532402945697148.pcd.bin,04c98fec98ba4d3c9676d2c31fa4a1ca,a183049901c24361a6b0b11b8013137c,aa581aac963a4fad848ac11fe66e8637,29e056fc277543c9bc42310b122c640e,418.1647075938728,1105.2716555063062,0.0,-0.3460703284633674,2.286650798362839,-0.9016445842283675,2.457994066290998,0.4212795202217899,0.038282162226077235,0.42301531662932157,0.09963477500200568,0.10944448409972982
29e056fc277543c9bc42310b122c640e,cc8c0bf57f984915a77078b10eb33198,1532402946297085,datasets/LIDAR_TOP/n015-2018-07-24-11-22-45+0800__LIDAR_TOP__1532402946297085.pcd.bin,faa171b7a8164f4cbf90b260af5c27f1,a183049901c24361a6b0b11b8013137c,67e5f88901214f3aa03d68e028185e22,ed5fc18c31904f96a8f0dbb99ff069c0,419.5269830911931,1104.8312849413196,0.0,-0.2733285730651145,2.270697585446967,-0.7340280145857839,2.3863915543664316,-0.026591480298550855,0.27939028538427124,0.2806528788228846,0.12124899014105296,0.1371829668026787
ed5fc18c31904f96a8f0dbb99ff069c0,cc8c0bf57f984915a77078b10eb33198,1532402946797517,datasets/LIDAR_TOP/n015-2018-07-24-11-22-45+0800__LIDAR_TOP__1532402946797517.pcd.bin,202d8a4cc24045a08f6ece5876b42d5c,a183049901c24361a6b0b11b8013137c,29e056fc277543c9bc42310b122c640e,,420.52773910005925,1104.584141391587,0.0,-0.20848722556031096,1.999784204179941,-0.4938604040759332,2.0598628502892233,-0.5413590283335721,0.47992056964752605,0.7234592944520619,0.12957074588516226,0.16983704222871795
3e8750f331d7499e9b5123e9eb70f2e2,fcbccedd61424f1b85dcbf8f897f9754,1533151603547590,datasets/LIDAR_TOP/n008-2018-08-01-15-16-36-0400__LIDAR_TOP__1533151603547590.pcd.bin,fdddd75ee1d94f14a09991988dab8b3e,d051cafdd9fe4d999b413462364d44a0,,3950bd41f74548429c0f7700ff3d8269,600.1202137947669,1647.490776275174,0.0,-0.5016313003406881,NaN,NaN,NaN,NaN,NaN,NaN,NaN,NaN
3950bd41f74548429c0f7700ff3d8269,fcbccedd61424f1b85dcbf8f897f9754,1533151604048025,datasets/LIDAR_TOP/n008-2018-08-01-15-16-36-0400__LIDAR_TOP__1533151604048025.pcd.bin,53121f39e1a0434d8431777a05de3eec,d051cafdd9fe4d999b413462364d44a0,3e8750f331d7499e9b5123e9eb70f2e2,c5f58c19249d4137ae063b0e9ecd8b8e,603.8259202783211,1645.3869905049673,0.0,-0.5197010363302482,7.404970642649285,-4.203914135115932,8.515073944125518,NaN,NaN,NaN,-0.0361080579686874,-0.011449314140450273
c5f58c19249d4137ae063b0e9ecd8b8e,fcbccedd61424f1b85dcbf8f897f9754,1533151604547893,datasets/LIDAR_TOP/n008-2018-08-01-15-16-36-0400__LIDAR_TOP__1533151604547893.pcd.bin,872aeb79742f4cd5b6e069c36b007ace,d051cafdd9fe4d999b413462364d44a0,3950bd41f74548429c0f7700ff3d8269,700c1a25559b4433be532de3475e58a9,607.4541261458803,1643.21492223553,0.0,-0.5471726792472147,7.258327933692986,-4.345283693770019,8.45959897231373,-0.2933628657091469,-0.2828137801461336,0.407486693301301,-0.05495779469173155,-0.017540553181457856
700c1a25559b4433be532de3475e58a9,fcbccedd61424f1b85dcbf8f897f9754,1533151605047769,datasets/LIDAR_TOP/n008-2018-08-01-15-16-36-0400__LIDAR_TOP__1533151605047769.pcd.bin,d2e315d29ed4468f802bf6ccfdbe6852,d051cafdd9fe4d999b413462364d44a0,c5f58c19249d4137ae063b0e9ecd8b8e,747aa46b9a4641fe90db05d97db2acea,610.97967849522,1640.9794193247594,0.0,-0.5763833446259312,7.052853806423403,-4.472114906037682,8.351201024259057,-0.4110501949875212,-0.2537253484217331,0.4830515658094994,-0.058435822841497745,-0.018892698333296598
747aa46b9a4641fe90db05d97db2acea,fcbccedd61424f1b85dcbf8f897f9754,1533151605548192,datasets/LIDAR_TOP/n008-2018-08-01-15-16-36-0400__LIDAR_TOP__1533151605548192.pcd.bin,79a411ec3dc943bf94886ad9e539481d,d051cafdd9fe4d999b413462364d44a0,700c1a25559b4433be532de3475e58a9,f4f86af4da3b49e79497deda5c5f223a,614.4485235405814,1638.6493116096167,0.0,-0.6032764943975175,6.9318257661246125,-4.656276220602832,8.350515953787554,-0.241851474250366,-0.36801129157762613,0.4403685346680755,-0.0537408347969344,-0.01737620223166086
f4f86af4da3b49e79497deda5c5f223a,fcbccedd61424f1b85dcbf8f897f9754,1533151606048630,datasets/LIDAR_TOP/n008-2018-08-01-15-16-36-0400__LIDAR_TOP__1533151606048630.pcd.bin,9181fe90f31b4740b36969e383506d40,d051cafdd9fe4d999b413462364d44a0,747aa46b9a4641fe90db05d97db2acea,6832e717621341568c759151b5974512,617.9341119188146,1636.1600918007111,0.0,-0.6271743980114108,6.965075350459317,-4.974082321697284,8.558841602728574,0.06644096638285803,-0.6350558932264375,0.6385220352779664,-0.04775397474590923,-0.01506462413942209
6832e717621341568c759151b5974512,fcbccedd61424f1b85dcbf8f897f9754,1533151606549066,datasets/LIDAR_TOP/n008-2018-08-01-15-16-36-0400__LIDAR_TOP__1533151606549066.pcd.bin,139d5e756c1f461ba1f0c6ec46968e43,d051cafdd9fe4d999b413462364d44a0,f4f86af4da3b49e79497deda5c5f223a,c59e60042a8643e899008da2e446acca,621.4130338498767,1633.5255894106292,0.0,-0.6575497005392723,6.951781908300227,-5.264414210971901,8.720167927583347,-0.026563720753684135,-0.5801578808771086,0.5807656997482695,-0.060697676681656536,-0.018793643471254846
c59e60042a8643e899008da2e446acca,fcbccedd61424f1b85dcbf8f897f9754,1533151607048933,datasets/LIDAR_TOP/n008-2018-08-01-15-16-36-0400__LIDAR_TOP__1533151607048933.pcd.bin,21912d2aad7f45c98a54fad3bbea311f,d051cafdd9fe4d999b413462364d44a0,6832e717621341568c759151b5974512,fa65a298c01f44e7a182bbf9e5fe3697,624.9032554451942,1630.734414828057,0.0,-0.6782007352554408,6.982300482563376,-5.583834465112198,8.940454538924717,0.06105338872770106,-0.6390104850696231,0.6419204906404303,-0.04131305870595273,-0.012476463922547735
fa65a298c01f44e7a182bbf9e5fe3697,fcbccedd61424f1b85dcbf8f897f9754,1533151607548824,datasets/LIDAR_TOP/n008-2018-08-01-15-16-36-0400__LIDAR_TOP__1533151607548824.pcd.bin,c4a4d1b455434dba879d5dcd1cc378d6,d051cafdd9fe4d999b413462364d44a0,c59e60042a8643e899008da2e446acca,a98fba72bde9433fb882032d18aedb2e,628.3430917945711,1627.8683271184168,0.0,-0.6912320893050556,6.881172794423078,-5.733425305997046,8.956712832627584,-0.20229947756670652,-0.29924691759773203,0.3612115672504221,-0.026068391008469572,-0.007858313316295022
a98fba72bde9433fb882032d18aedb2e,fcbccedd61424f1b85dcbf8f897f9754,1533151608048151,datasets/LIDAR_TOP/n008-2018-08-01-15-16-36-0400__LIDAR_TOP__1533151608048151.pcd.bin,e3bdfba683484a1ea09b7bb86e6be648,d051cafdd9fe4d999b413462364d44a0,fa65a298c01f44e7a182bbf9e5fe3697,b6b0d9f2f2e14a3aaa2c8aedeb1edb69,631.769555770283,1624.9663898913764,0.0,-0.6960390304932452,6.86216442473938,-5.8116969982405005,8.99250368871297,-0.03806797886695138,-0.1567543758768393,0.16131058666917084,-0.009626840103158018,-0.0028904595625744755
b6b0d9f2f2e14a3aaa2c8aedeb1edb69,fcbccedd61424f1b85dcbf8f897f9754,1533151608548020,datasets/LIDAR_TOP/n008-2018-08-01-15-16-36-0400__LIDAR_TOP__1533151608548020.pcd.bin,e749c211df64486dafc86660a0b20eca,d051cafdd9fe4d999b413462364d44a0,a98fba72bde9433fb882032d18aedb2e,796b1988dd254f74bf2fb19ba9c5b8c6,635.1193008569817,1622.120958649226,0.0,-0.6913989473388412,6.701245899823161,-5.692353881017677,8.792587179927974,-0.32192139323746544,0.23874878662774288,0.40079217375114795,0.009282598349575602,0.0028504710878578332
796b1988dd254f74bf2fb19ba9c5b8c6,fcbccedd61424f1b85dcbf8f897f9754,1533151609047890,datasets/LIDAR_TOP/n008-2018-08-01-15-16-36-0400__LIDAR_TOP__1533151609047890.pcd.bin,ab1f5ba71a2f42c89efefcbc6dffcfb7,d051cafdd9fe4d999b413462364d44a0,b6b0d9f2f2e14a3aaa2c8aedeb1edb69,0d0700a2284e477db876c3ee1d864668,638.0790843513851,1619.6123465721505,0.0,-0.6902195134936514,5.921106476490652,-5.018528971683519,7.7617739560983345,-1.560684624667431,1.3480002987459898,2.06224181489286,0.002359481155480054,0.0008207658656164343
0d0700a2284e477db876c3ee1d864668,fcbccedd61424f1b85dcbf8f897f9754,1533151609547766,datasets/LIDAR_TOP/n008-2018-08-01-15-16-36-0400__LIDAR_TOP__1533151609547766.pcd.bin,c502570cba9749f7bd89494803a52c02,d051cafdd9fe4d999b413462364d44a0,796b1988dd254f74bf2fb19ba9c5b8c6,de7593d76648450e947ba0c203dee1b0,640.5790130394478,1617.501898500805,0.0,-0.692454970090649,5.001097648342208,-4.221943184600671,6.544905036916122,-1.8404740938721686,1.5935667787268204,2.4345019959893968,-0.004472022255514653,-0.0018448640617066768
de7593d76648450e947ba0c203dee1b0,fcbccedd61424f1b85dcbf8f897f9754,1533151609947025,datasets/LIDAR_TOP/n008-2018-08-01-15-16-36-0400__LIDAR_TOP__1533151609947025.pcd.bin,274b134fb2324486ae253eb6e24f900d,d051cafdd9fe4d999b413462364d44a0,0d0700a2284e477db876c3ee1d864668,f753d3f87e5b40af87ff2cbf7c8e7082,642.1743866899365,1616.1443700233965,0.0,-0.6943663562238056,3.995836413177116,-3.4001199156651456,5.246667902752653,-2.5178173445434977,2.0583713051816632,3.252121862796555,-0.004787333868883498,-0.0024636210420720455
f753d3f87e5b40af87ff2cbf7c8e7082,fcbccedd61424f1b85dcbf8f897f9754,1533151610446899,datasets/LIDAR_TOP/n008-2018-08-01-15-16-36-0400__LIDAR_TOP__1533151610446899.pcd.bin,a977b0e797694036a9c40ab80f9d0ebc,d051cafdd9fe4d999b413462364d44a0,de7593d76648450e947ba0c203dee1b0,b22fa0b3c34f47b6a360b60f35d5d567,643.722203174769,1614.8364809179836,0.0,-0.6939273201454129,3.096413265808059,-2.6164375530891166,4.053827892484718,-1.7992997182671167,1.5677598006218147,2.3864932995091097,0.0008782934867440295,0.0005849760959524553
b22fa0b3c34f47b6a360b60f35d5d567,fcbccedd61424f1b85dcbf8f897f9754,1533151610946785,datasets/LIDAR_TOP/n008-2018-08-01-15-16-36-0400__LIDAR_TOP__1533151610946785.pcd.bin,bfbb3ba599ea450181210aa6000bad7f,d051cafdd9fe4d999b413462364d44a0,f753d3f87e5b40af87ff2cbf7c8e7082,0a0d6b8c2e884134a3b48df43d54c36a,644.8028611435093,1613.919417062525,0.0,-0.6935408255613265,2.1618088298938103,-1.834545987402201,2.835308871516534,-1.8696351486423883,1.5641397552380256,2.4376358963050895,0.000773165449895498,0.0007362678315894625
0a0d6b8c2e884134a3b48df43d54c36a,fcbccedd61424f1b85dcbf8f897f9754,1533151611446636,datasets/LIDAR_TOP/n008-2018-08-01-15-16-36-0400__LIDAR_TOP__1533151611446636.pcd.bin,3e92d615685942dfab6edb5a0a7678e6,d051cafdd9fe4d999b413462364d44a0,b22fa0b3c34f47b6a360b60f35d5d567,8e9c2cba0ee74056aa3746e8391d54a9,645.5046476775212,1613.3223928368388,0.0,-0.6930436821183878,1.403991457478217,-1.1944043838789056,1.8433105665896228,-1.5160865386196951,1.2806648451704516,1.9845958878923702,0.00099458327169218,0.001456821700174593
8e9c2cba0ee74056aa3746e8391d54a9,fcbccedd61424f1b85dcbf8f897f9754,1533151611896734,datasets/LIDAR_TOP/n008-2018-08-01-15-16-36-0400__LIDAR_TOP__1533151611896734.pcd.bin,5b954ca864914a37aaaf0879249ace6a,d051cafdd9fe4d999b413462364d44a0,0a0d6b8c2e884134a3b48df43d54c36a,fdc39b23ab4242eda6ec5e1e6574fe33,646.0739266820499,1612.8350226599152,0.0,-0.6938982046053965,1.2647890115678204,-1.0828090258646006,1.6649824714622523,-0.3092714162480097,0.247935689592722,0.39638480682522165,-0.0018985254033758866,-0.0030787222550235174
fdc39b23ab4242eda6ec5e1e6574fe33,fcbccedd61424f1b85dcbf8f897f9754,1533151612397179,datasets/LIDAR_TOP/n008-2018-08-01-15-16-36-0400__LIDAR_TOP__1533151612397179.pcd.bin,9e10d5419ffa43ce9f70766b4a5a0292,d051cafdd9fe4d999b413462364d44a0,8e9c2cba0ee74056aa3746e8391d54a9,9ee4020153674b9e9943d395ff8cfdf3,646.7122310219156,1612.286381548774,0.0,-0.6957524185336283,1.2754735083090578,-1.0963065094890563,1.681880088813199,0.021349991989604036,-0.026970963091759705,0.034398473920411364,-0.0037051302905050866,-0.005948017252182852
9ee4020153674b9e9943d395ff8cfdf3,fcbccedd61424f1b85dcbf8f897f9754,1533151612897588,datasets/LIDAR_TOP/n008-2018-08-01-15-16-36-0400__LIDAR_TOP__1533151612897588.pcd.bin,12c5d6c3dc424561b9192b76b45af6fd,d051cafdd9fe4d999b413462364d44a0,fdc39b23ab4242eda6ec5e1e6574fe33,5b03af7a953245b5a3b23191ed4da62a,647.4124960757504,1611.6837637442227,0.0,-0.6978203399489737,1.3993854104038002,-1.2042505321672885,1.8462120330764313,0.247621250006979,-0.215711593273167,0.32840184976255393,-0.004132462476385112,-0.006043535892054218
5b03af7a953245b5a3b23191ed4da62a,fcbccedd61424f1b85dcbf8f897f9754,1533151613398020,datasets/LIDAR_TOP/n008-2018-08-01-15-16-36-0400__LIDAR_TOP__1533151613398020.pcd.bin,882819f68f5e4be698694e673c71c6ab,d051cafdd9fe4d999b413462364d44a0,9ee4020153674b9e9943d395ff8cfdf3,d0ecf474e0e64950aa265cd44b9c9d75,648.2069837511335,1611.0014584599426,0.0,-0.6955439412983964,1.587603661203025,-1.3634325628259563,2.09270966415301,0.3761115412268299,-0.31808923222069685,0.492585678942023,0.004548867079997647,0.005868917856297358
d0ecf474e0e64950aa265cd44b9c9d75,fcbccedd61424f1b85dcbf8f897f9754,1533151613948222,datasets/LIDAR_TOP/n008-2018-08-01-15-16-36-0400__LIDAR_TOP__1533151613948222.pcd.bin,f6bf5986ca8a49c082c0e4d892de767c,d051cafdd9fe4d999b413462364d44a0,5b03af7a953245b5a3b23191ed4da62a,456ec36cb4a44ca78f36fbd90c0c34fa,649.2529397022131,1610.1153317500382,0.0,-0.6944170936633866,1.901039892765888,-1.6105479622109233,2.4915491992872822,0.5696748313580521,-0.44913577083501527,0.72543252899659,0.0020480616846354775,0.0022194089324415515
456ec36cb4a44ca78f36fbd90c0c34fa,fcbccedd61424f1b85dcbf8f897f9754,1533151614450164,datasets/LIDAR_TOP/n008-2018-08-01-15-16-36-0400__LIDAR_TOP__1533151614450164.pcd.bin,69e5c0a974344a2b89e9e351a5b79461,d051cafdd9fe4d999b413462364d44a0,d0ecf474e0e64950aa265cd44b9c9d75,6bfd42cf0aba4f1a94ec11fa43e2dd92,650.32586258931,1609.2051390879033,0.0,-0.6943941022731765,2.13754355502601,-1.8133423027659215,2.8030880750760665,0.4711772719958122,-0.40401946949049516,0.6206768510044472,4.580487428827072e-5,4.4120326320811326e-5
6bfd42cf0aba4f1a94ec11fa43e2dd92,fcbccedd61424f1b85dcbf8f897f9754,1533151614948536,datasets/LIDAR_TOP/n008-2018-08-01-15-16-36-0400__LIDAR_TOP__1533151614948536.pcd.bin,519f1a02f21d43699ca1ada7ffd38726,d051cafdd9fe4d999b413462364d44a0,456ec36cb4a44ca78f36fbd90c0c34fa,0af0feb5b1394b928dd13d648de898f5,651.5931811915777,1608.1326129459023,0.0,-0.6933902232972003,2.542916942099031,-2.15205938937365,3.331333995534758,0.813395188881039,-0.6796471041866893,1.0599678860815422,0.002014316566693559,0.0016325756400776552
0af0feb5b1394b928dd13d648de898f5,fcbccedd61424f1b85dcbf8f897f9754,1533151615448397,datasets/LIDAR_TOP/n008-2018-08-01-15-16-36-0400__LIDAR_TOP__1533151615448397.pcd.bin,c71884fb34d046258c12cf018513d8cc,d051cafdd9fe4d999b413462364d44a0,6bfd42cf0aba4f1a94ec11fa43e2dd92,61d9340c5ad8418dafe7a4af1b96e6b9,653.0291508325699,1606.9078096499284,0.0,-0.6935766070966408,2.8727379031214637,-2.4502877719485423,3.7757824653164613,0.6598253534931361,-0.5966226262398789,0.8895662174642831,-0.00037287125709041204,-0.00026663410919244607
61d9340c5ad8418dafe7a4af1b96e6b9,fcbccedd61424f1b85dcbf8f897f9754,1533151615947733,datasets/LIDAR_TOP/n008-2018-08-01-15-16-36-0400__LIDAR_TOP__1533151615947733.pcd.bin,ee7d01fd902d4185a54112e1f1210e41,d051cafdd9fe4d999b413462364d44a0,0af0feb5b1394b928dd13d648de898f5,9e7683e8586542a1b6032980c45f15ce,654.6341468819405,1605.5431135957606,0.0,-0.6948127395970861,3.214260636866927,-2.733021560968526,4.219108708534425,0.6839537580816591,-0.5662195175592866,0.8879173865056906,-0.0024755525346566182,-0.001584218920468314
9e7683e8586542a1b6032980c45f15ce,fcbccedd61424f1b85dcbf8f897f9754,1533151616447606,datasets/LIDAR_TOP/n008-2018-08-01-15-16-36-0400__LIDAR_TOP__1533151616447606.pcd.bin,df7d0426da5346deae21136ea3cba58b,d051cafdd9fe4d999b413462364d44a0,61d9340c5ad8418dafe7a4af1b96e6b9,cc57c1ea80fe46a7abddfdb15654c872,656.4238453813148,1604.018092865,0.0,-0.6974738385573742,3.5803063965732367,-3.050816368878927,4.703836137660711,0.7322775179021663,-0.635751096599338,0.9697472970069153,-0.005323550102302184,-0.0030557155597184765
cc57c1ea80fe46a7abddfdb15654c872,fcbccedd61424f1b85dcbf8f897f9754,1533151616947490,datasets/LIDAR_TOP/n008-2018-08-01-15-16-36-0400__LIDAR_TOP__1533151616947490.pcd.bin,ba7fb622e77447f6aa58ab1fff9ed0cf,d051cafdd9fe4d999b413462364d44a0,9e7683e8586542a1b6032980c45f15ce,4cf5d6c3f6ab42aab23f67b5a9782d1a,658.4156150298791,1602.316270418104,0.0,-0.7011701918490669,3.9844636927052806,-3.4044347226474607,5.24081355318564,0.8085021647663135,-0.7074008245283577,1.0742865897772418,-0.007394422089310142,-0.003809511526889113
4cf5d6c3f6ab42aab23f67b5a9782d1a,fcbccedd61424f1b85dcbf8f897f9754,1533151617397050,datasets/LIDAR_TOP/n008-2018-08-01-15-16-36-0400__LIDAR_TOP__1533151617397050.pcd.bin,5087c0b3f84741178f42d668fbdf506f,d051cafdd9fe4d999b413462364d44a0,cc57c1ea80fe46a7abddfdb15654c872,6d9984d09d52479e837da2fd09e192cc,660.3406005075419,1600.6650311387107,0.0,-0.7043442611892601,4.281932284150854,-3.6730120103954844,5.6414502846841454,0.6616882984375249,-0.5974225637245834,0.8914847861497137,-0.0070603909159915315,-0.003379105462460783
6d9984d09d52479e837da2fd09e192cc,fcbccedd61424f1b85dcbf8f897f9754,1533151617947237,datasets/LIDAR_TOP/n008-2018-08-01-15-16-36-0400__LIDAR_TOP__1533151617947237.pcd.bin,13055b928600455db08cf9ae57d8d4c7,d051cafdd9fe4d999b413462364d44a0,4cf5d6c3f6ab42aab23f67b5a9782d1a,38a28a3aaf2647f2a8c0e90e31267bf8,662.8286241166084,1598.5119996042156,0.0,-0.7086780093637712,4.522141761012949,-3.913272277416742,5.980256351018383,0.4365960607249805,-0.43668837508203157,0.617505349913955,-0.007876864001714242,-0.0035562911614995885
38a28a3aaf2647f2a8c0e90e31267bf8,fcbccedd61424f1b85dcbf8f897f9754,1533151618447134,datasets/LIDAR_TOP/n008-2018-08-01-15-16-36-0400__LIDAR_TOP__1533151618447134.pcd.bin,220b431fd37e436f98aa1c868eee5828,d051cafdd9fe4d999b413462364d44a0,6d9984d09d52479e837da2fd09e192cc,6402fd1ffaf041d0b9162bd92a7ba0a2,665.2319808068396,1596.4016851207932,0.0,-0.7124475192516104,4.80770376743859,-4.221498595555427,6.398051727496399,0.5712416886391417,-0.6165796516856165,0.8405281278529911,-0.007540573133743942,-0.0031821479925851544
6402fd1ffaf041d0b9162bd92a7ba0a2,fcbccedd61424f1b85dcbf8f897f9754,1533151618946993,datasets/LIDAR_TOP/n008-2018-08-01-15-16-36-0400__LIDAR_TOP__1533151618946993.pcd.bin,4abbc508bffb4f9b957a8ad2457db2e2,d051cafdd9fe4d999b413462364d44a0,38a28a3aaf2647f2a8c0e90e31267bf8,ce94ef7a0522468e81c0e2b3a2f1e12d,667.784275070881,1594.1441035930231,0.0,-0.7145078245055412,5.10602842809951,-4.516436690686916,6.816870740269565,0.5968176238917771,-0.5900425822711794,0.8392505734767587,-0.00412177284780458,-0.0016325359704022042
ce94ef7a0522468e81c0e2b3a2f1e12d,fcbccedd61424f1b85dcbf8f897f9754,1533151619446866,datasets/LIDAR_TOP/n008-2018-08-01-15-16-36-0400__LIDAR_TOP__1533151619446866.pcd.bin,103914217786464998f1e48a2c20cef0,d051cafdd9fe4d999b413462364d44a0,6402fd1ffaf041d0b9162bd92a7ba0a2,9fcdc52b791045e99c623c5fc643331f,670.4610385784893,1591.807770701449,0.0,-0.7149825716615024,5.354887156554279,-4.67385294179542,7.107722404607517,0.49784390926249017,-0.31491248998946575,0.5890827058581196,-0.0009497355447507386,-0.00036077463705739535
9fcdc52b791045e99c623c5fc643331f,fcbccedd61424f1b85dcbf8f897f9754,1533151619947313,datasets/LIDAR_TOP/n008-2018-08-01-15-16-36-0400__LIDAR_TOP__1533151619947313.pcd.bin,9f35db3dd17c41e4875c2f54bd71fc29,d051cafdd9fe4d999b413462364d44a0,ce94ef7a0522468e81c0e2b3a2f1e12d,1c9a906c40f6417bbe1cea06d6e55501,673.2759573810192,1589.3145478225247,0.0,-0.716787126907736,5.62480902579089,-4.981991857128469,7.513901745505662,0.5393615492481955,-0.615727370396963,0.8185542593276102,-0.0036058868296416718,-0.001295717560567771
1c9a906c40f6417bbe1cea06d6e55501,fcbccedd61424f1b85dcbf8f897f9754,1533151620447745,datasets/LIDAR_TOP/n008-2018-08-01-15-16-36-0400__LIDAR_TOP__1533151620447745.pcd.bin,8da854b2bced46f7a59f39a4d42bbfd2,d051cafdd9fe4d999b413462364d44a0,9fcdc52b791045e99c623c5fc643331f,a771effa2a2648d78096c3e92b95b129,676.175869003755,1586.7201573082466,0.0,-0.7168345234057607,5.794816523994812,-5.184301791808028,7.775402472882497,0.3397214770516708,-0.4042705795783608,0.5280581250987363,-9.471116560222847e-5,-3.28883486119036e-5
a771effa2a2648d78096c3e92b95b129,fcbccedd61424f1b85dcbf8f897f9754,1533151621047706,datasets/LIDAR_TOP/n008-2018-08-01-15-16-36-0400__LIDAR_TOP__1533151621047706.pcd.bin,1e46c82d6a804cf1aaa9d2d6b5b5ef27,d051cafdd9fe4d999b413462364d44a0,1c9a906c40f6417bbe1cea06d6e55501,b9ea04a6121d4a8bb00199b885aa5ef0,679.7303309791553,1583.570017252158,0.0,-0.7131823251978998,5.924488384078753,-5.250574714170593,7.916318427284977,0.21613381550457622,-0.11046205063756735,0.24272554631851728,0.006087392693626571,0.0020762126263317465
b9ea04a6121d4a8bb00199b885aa5ef0,fcbccedd61424f1b85dcbf8f897f9754,1533151621448049,datasets/LIDAR_TOP/n008-2018-08-01-15-16-36-0400__LIDAR_TOP__1533151621448049.pcd.bin,029f10e7436740a0a04feab4ab3aeddc,d051cafdd9fe4d999b413462364d44a0,a771effa2a2648d78096c3e92b95b129,87e772078a494d42bd34cd16172808bc,682.1582225693385,1581.4115625589866,0.0,-0.7128417641116656,6.064528642147378,-5.391513510093861,8.114611856456879,0.3498006910789625,-0.3520451111253799,0.49628246367023776,0.0008506732632623999,0.00028304715634437633
87e772078a494d42bd34cd16172808bc,fcbccedd61424f1b85dcbf8f897f9754,1533151621947928,datasets/LIDAR_TOP/n008-2018-08-01-15-16-36-0400__LIDAR_TOP__1533151621947928.pcd.bin,d364275322c4483fbf86df22f0e7a315,d051cafdd9fe4d999b413462364d44a0,b9ea04a6121d4a8bb00199b885aa5ef0,f40544fd4f5d42abbcfa948eeaf86850,685.2318815737365,1578.7232776521969,0.0,-0.71085115701195,6.148806019852796,-5.377871258423947,8.168801303860949,0.16859555553527594,0.02729110778791302,0.17079012240331642,0.003982177886479621,0.0013162127334904264
f40544fd4f5d42abbcfa948eeaf86850,fcbccedd61424f1b85dcbf8f897f9754,1533151622448916,datasets/LIDAR_TOP/n008-2018-08-01-15-16-36-0400__LIDAR_TOP__1533151622448916.pcd.bin,c98b06812964464093b23c3734532d06,d051cafdd9fe4d999b413462364d44a0,87e772078a494d42bd34cd16172808bc,281b92269fd648d4b52d06ac06ca6d65,688.3301271295104,1575.984604355729,0.0,-0.7138435096676924,6.184270992067532,-5.466544700607247,8.253988046215303,0.07079006326446052,-0.1769971380218683,0.1906284866564245,-0.0059729028554424074,-0.001953823729741059
281b92269fd648d4b52d06ac06ca6d65,fcbccedd61424f1b85dcbf8f897f9754,1533151622948227,datasets/LIDAR_TOP/n008-2018-08-01-15-16-36-0400__LIDAR_TOP__1533151622948227.pcd.bin,12f431b160be4858a51cced6955c37bd,d051cafdd9fe4d999b413462364d44a0,f40544fd4f5d42abbcfa948eeaf86850,,691.4516847591035,1573.2390413260864,0.0,-0.709585725693031,6.251730143323697,-5.498703272394667,8.32585535922802,0.13510447648092133,-0.06440589489800944,0.14967076823079803,0.008527318594345742,0.0027653327149402083
8687ba92abd3406aa797115b874ebeba,6f83169d067343658251f72e1dd17dbc,1535489296047917,datasets/LIDAR_TOP/n008-2018-08-28-16-43-51-0400__LIDAR_TOP__1535489296047917.pcd.bin,4484110755904050a880043268149497,1dd23defeb98488e851a108a6bdae770,,5bbeb4e68d51413f81a370cb33ef27fb,1316.3781762981437,1038.5936681848448,0.0,2.4139426630311114,NaN,NaN,NaN,NaN,NaN,NaN,NaN,NaN
5bbeb4e68d51413f81a370cb33ef27fb,6f83169d067343658251f72e1dd17dbc,1535489296547795,datasets/LIDAR_TOP/n008-2018-08-28-16-43-51-0400__LIDAR_TOP__1535489296547795.pcd.bin,070595b6dddb475f9056a4507324bc06,1dd23defeb98488e851a108a6bdae770,8687ba92abd3406aa797115b874ebeba,e9a1c915c0d641d0b0a3019112a1ee90,1316.3781895837858,1038.5936642356623,0.0,2.4139407444806418,2.6577769227677625e-5,-7.90029252775029e-6,2.772710657720554e-5,NaN,NaN,NaN,-3.838037420338534e-6,-0.3737389981915106
e9a1c915c0d641d0b0a3019112a1ee90,6f83169d067343658251f72e1dd17dbc,1535489297047675,datasets/LIDAR_TOP/n008-2018-08-28-16-43-51-0400__LIDAR_TOP__1535489297047675.pcd.bin,cc56b12eccdc45659cd3aba21a7d18c4,1dd23defeb98488e851a108a6bdae770,5bbeb4e68d51413f81a370cb33ef27fb,f5b8088835f247b8a5434a9f0daadc20,1316.378189636131,1038.5936709470902,0.0,2.4139611359971402,1.0471570264766455e-7,1.3426078031387648e-5,1.3426486386366726e-5,-5.2958817166179806e-5,4.266298023353192e-5,6.800563357581192e-5,4.079282327451309e-5,8.203234984323396
f5b8088835f247b8a5434a9f0daadc20,6f83169d067343658251f72e1dd17dbc,1535489297547543,datasets/LIDAR_TOP/n008-2018-08-28-16-43-51-0400__LIDAR_TOP__1535489297547543.pcd.bin,80ecda1bdd25416a8240a21da81ff973,1dd23defeb98488e851a108a6bdae770,e9a1c915c0d641d0b0a3019112a1ee90,2021b6b367984ad7b18464a550d0ae8d,1316.3781968638182,1038.5936703559403,0.0,2.4139720190830323,1.4459191411295642e-5,-1.1826121209063918e-6,1.4507473511849e-5,2.871653258189758e-5,-2.9225095729860764e-5,4.0972496432933044e-5,2.177191957083229e-5,4.0519931188042575
2021b6b367984ad7b18464a550d0ae8d,6f83169d067343658251f72e1dd17dbc,1535489298047428,datasets/LIDAR_TOP/n008-2018-08-28-16-43-51-0400__LIDAR_TOP__1535489298047428.pcd.bin,2b2d98f0daec4fdeb6716d1f6b546a5c,1dd23defeb98488e851a108a6bdae770,f5b8088835f247b8a5434a9f0daadc20,7315022fc89147a6afc7f978601f8f38,1316.378185650685,1038.5936853755643,0.0,2.4138431917619583,-2.2431425469240032e-5,3.004615864773289e-5,3.7495873080471194e-5,-7.379820734876156e-5,6.247191007659617e-5,9.668978723996203e-5,-0.0002577139163487577,-18.55744424588557
7315022fc89147a6afc7f978601f8f38,6f83169d067343658251f72e1dd17dbc,1535489298547291,datasets/LIDAR_TOP/n008-2018-08-28-16-43-51-0400__LIDAR_TOP__1535489298547291.pcd.bin,8af5b9edcafe4ed1a1187fd256a74e51,1dd23defeb98488e851a108a6bdae770,2021b6b367984ad7b18464a550d0ae8d,dc03fe4e0a374592af7701c66d5276c4,1316.3781927982718,1038.5936833361334,0.0,2.4139586295698807,1.4299091465317518e-5,-4.0799797351917934e-6,1.486977643991637e-5,7.348116770906737e-5,-6.827098301519554e-5,0.00010030159086350127,0.0002309388931016042,41.933045455916634
dc03fe4e0a374592af7701c66d5276c4,6f83169d067343658251f72e1dd17dbc,1535489299047201,datasets/LIDAR_TOP/n008-2018-08-28-16-43-51-0400__LIDAR_TOP__1535489299047201.pcd.bin,5e92d8900bd7411d892d1e3da32b2cb9,1dd23defeb98488e851a108a6bdae770,7315022fc89147a6afc7f978601f8f38,b7f64f73e8a548488e6d85d9b0e13242,1316.3782011261528,1038.5936796189335,0.0,2.4139212381946717,1.6658760587392525e-5,-7.435738209562307e-6,1.8242930330108906e-5,4.720187877968049e-6,-6.712725239284098e-6,8.206147314144335e-6,-7.479621373641802e-5,-11.070029509185932
b7f64f73e8a548488e6d85d9b0e13242,6f83169d067343658251f72e1dd17dbc,1535489299547057,datasets/LIDAR_TOP/n008-2018-08-28-16-43-51-0400__LIDAR_TOP__1535489299547057.pcd.bin,1d38033115b749bba5d86e3d8c27c1b5,1dd23defeb98488e851a108a6bdae770,dc03fe4e0a374592af7701c66d5276c4,6dabc0fb1df045558f802246dd186b3f,1316.3782017058331,1038.5936823255845,0.0,2.41396417440303,1.1596946279912172e-6,5.414861485871329e-6,5.5376544259609e-6,-3.1007061952644976e-5,2.5708603468666245e-5,4.0278656671297786e-5,8.589715509676077e-5,41.88096636619044
6dabc0fb1df045558f802246dd186b3f,6f83169d067343658251f72e1dd17dbc,1535489300046941,datasets/LIDAR_TOP/n008-2018-08-28-16-43-51-0400__LIDAR_TOP__1535489300046941.pcd.bin,d219ffa9b4ce492c8b8059db9d8b3166,1dd23defeb98488e851a108a6bdae770,b7f64f73e8a548488e6d85d9b0e13242,82597244941b4e79aa3e1e9cc6386f8b,1316.3782131163682,1038.5936748748054,0.0,2.4140424558090987,2.2826365877600377e-5,-1.4905016152032252e-5,2.7261740327250223e-5,4.33433981675932e-5,-4.064918588693293e-5,5.942227257506186e-5,0.00015659914313903645,15.50956327071898
82597244941b4e79aa3e1e9cc6386f8b,6f83169d067343658251f72e1dd17dbc,1535489300546798,datasets/LIDAR_TOP/n008-2018-08-28-16-43-51-0400__LIDAR_TOP__1535489300546798.pcd.bin,11cd6f8358ee486a84e9d2e04dcd0b7f,1dd23defeb98488e851a108a6bdae770,6dabc0fb1df045558f802246dd186b3f,8bf071b1b92c4ff1bd5016bfb30de3f7,1316.378214774106,1038.5936757550835,0.0,2.414057264899862,3.31642412112048e-6,1.7610598510637535e-6,3.754996770994409e-6,-3.903104639222797e-5,3.334168772888247e-5,5.1333134748255575e-5,2.9626654750172195e-5,21.302806021929342
8bf071b1b92c4ff1bd5016bfb30de3f7,6f83169d067343658251f72e1dd17dbc,1535489301047243,datasets/LIDAR_TOP/n008-2018-08-28-16-43-51-0400__LIDAR_TOP__1535489301047243.pcd.bin,2347d3d6ce7142b7be73cb29e73d53f5,1dd23defeb98488e851a108a6bdae770,82597244941b4e79aa3e1e9cc6386f8b,b8766f4291d5449d95bab459ca724ad8,1316.3782129414512,1038.593679451032,0.0,2.414002418531009,-3.6620503528133362e-6,7.3853238772832e-6,8.243398665532903e-6,-1.3944538308772824e-5,1.123852576450848e-5,1.790962339091344e-5,-0.00010959519798024363,-35.89624213904601
b8766f4291d5449d95bab459ca724ad8,6f83169d067343658251f72e1dd17dbc,1535489301547107,datasets/LIDAR_TOP/n008-2018-08-28-16-43-51-0400__LIDAR_TOP__1535489301547107.pcd.bin,a5dbff60caff41bcb672594c1f108e20,1dd23defeb98488e851a108a6bdae770,8bf071b1b92c4ff1bd5016bfb30de3f7,dde297c8e12f44c4bc2f2c80e49d2b5a,1316.3782175649947,1038.5936770483931,0.0,2.414068111084916,9.249602728636697e-6,-4.806584903880999e-6,1.0423934433591768e-5,2.583033201320766e-5,-2.4390451765208537e-5,3.5526049445772955e-5,0.00013142085428610763,34.04053515810776
dde297c8e12f44c4bc2f2c80e49d2b5a,6f83169d067343658251f72e1dd17dbc,1535489302046988,datasets/LIDAR_TOP/n008-2018-08-28-16-43-51-0400__LIDAR_TOP__1535489302046988.pcd.bin,c117cad218d543a69d7d9448a02be01a,1dd23defeb98488e851a108a6bdae770,b8766f4291d5449d95bab459ca724ad8,a0462df7186d4ca99ef58f455d53a42c,1316.378207161358,1038.5936878228056,0.0,2.4139149952154195,-2.081222666846116e-5,2.1553954702602982e-5,2.9962004976657807e-5,-6.0137971631444e-5,5.273362981686438e-5,7.998381927369092e-5,-0.0003063046394967797,-27.602375985372316
a0462df7186d4ca99ef58f455d53a42c,6f83169d067343658251f72e1dd17dbc,1535489302547429,datasets/LIDAR_TOP/n008-2018-08-28-16-43-51-0400__LIDAR_TOP__1535489302547429.pcd.bin,73336895bfb245019b79846ae3386ad2,1dd23defeb98488e851a108a6bdae770,dde297c8e12f44c4bc2f2c80e49d2b5a,d7bea9a3552b40e29d42324108dff575,1316.3782075295119,1038.593688843136,0.0,2.413955111344089,7.356589599639373e-7,2.038862725032844e-6,2.1675228526831214e-6,4.305779428229321e-5,-3.8995789668652525e-5,5.809169699998502e-5,8.01615548478431e-5,99.8541712357291
d7bea9a3552b40e29d42324108dff575,6f83169d067343658251f72e1dd17dbc,1535489303047308,datasets/LIDAR_TOP/n008-2018-08-28-16-43-51-0400__LIDAR_TOP__1535489303047308.pcd.bin,9247dd64ee2941fa93f37ad10d266f9e,1dd23defeb98488e851a108a6bdae770,a0462df7186d4ca99ef58f455d53a42c,3ffc4360d1084e6eae5067e87d79503f,1316.3782134064172,1038.5936846776954,0.0,2.414009565209512,1.1756655778567815e-5,-8.332897989578024e-6,1.4410279109040375e-5,2.204732909084774e-5,-2.0748542576525252e-5,3.0275183551714796e-5,0.00010893409289652273,20.410572799807337
3ffc4360d1084e6eae5067e87d79503f,6f83169d067343658251f72e1dd17dbc,1535489303447089,datasets/LIDAR_TOP/n008-2018-08-28-16-43-51-0400__LIDAR_TOP__1535489303447089.pcd.bin,8a4a9588107443588886831e9d1ec784,1dd23defeb98488e851a108a6bdae770,d7bea9a3552b40e29d42324108dff575,05bc09f952ab4cf8b754405f20d503c5,1316.3782185976354,1038.5936808641623,0.0,2.4140052898435385,1.2985154819462038e-5,-9.539055413855912e-6,1.6112350041940252e-5,3.072930031427764e-6,-3.0170453930474134e-6,4.306444227173883e-6,-1.0694270047085337e-5,-1.7920743437158677
05bc09f952ab4cf8b754405f20d503c5,6f83169d067343658251f72e1dd17dbc,1535489303946971,datasets/LIDAR_TOP/n008-2018-08-28-16-43-51-0400__LIDAR_TOP__1535489303946971.pcd.bin,f5e52420852945128e405133f3fa8770,1dd23defeb98488e851a108a6bdae770,3ffc4360d1084e6eae5067e87d79503f,a860c02c06e54d9dbe83ce7b694f6c17,1316.3782089252577,1038.593690291607,0.0,2.413956830352964,-1.934932184106174e-5,1.8859340080812947e-5,2.7019825387902614e-5,-6.468421879668356e-5,5.6810198196112e-5,8.608976002068282e-5,-9.694185942787727e-5,-9.687072980584727
a860c02c06e54d9dbe83ce7b694f6c17,6f83169d067343658251f72e1dd17dbc,1535489304446846,datasets/LIDAR_TOP/n008-2018-08-28-16-43-51-0400__LIDAR_TOP__1535489304446846.pcd.bin,140b061d9f7b46059482723af9e5dc9f,1dd23defeb98488e851a108a6bdae770,05bc09f952ab4cf8b754405f20d503c5,6873840fc1df4796a7b959e13e9fb78a,1316.3782037934404,1038.5936956139647,0.0,2.413901372435591,-1.0266201072102344e-5,1.0647377374704958e-5,1.4790589217884945e-5,1.8170784233977285e-5,-1.642803242032106e-5,2.4496074152420367e-5,-0.00011094357063875447,-20.25258333605944
6873840fc1df4796a7b959e13e9fb78a,6f83169d067343658251f72e1dd17dbc,1535489304947267,datasets/LIDAR_TOP/n008-2018-08-28-16-43-51-0400__LIDAR_TOP__1535489304947267.pcd.bin,5fc4564567b442cfb5de7ff20bff8660,1dd23defeb98488e851a108a6bdae770,a860c02c06e54d9dbe83ce7b694f6c17,4ae9c033164e4e01a0392672686d095c,1316.3782118401157,1038.5936890556509,0.0,2.413976591128775,1.6079811294683733e-5,-1.310559263333385e-5,2.0744080831493425e-5,5.264769537406719e-5,-4.746597366625063e-5,7.088581299728299e-5,0.00015031082465419269,19.56409781966236
4ae9c033164e4e01a0392672686d095c,6f83169d067343658251f72e1dd17dbc,1535489305447151,datasets/LIDAR_TOP/n008-2018-08-28-16-43-51-0400__LIDAR_TOP__1535489305447151.pcd.bin,8663945b2d174e8e9eaaa14fa4bd04fa,1dd23defeb98488e851a108a6bdae770,6873840fc1df4796a7b959e13e9fb78a,ecd49e3c38624c77b8aac8df445d49ba,1316.3782032520269,1038.5936972696259,0.0,2.4138362858223106,-1.7180163405235386e-5,1.643176212741087e-5,2.3773111307576113e-5,-6.653538560929959e-5,5.908841803447344e-5,8.898538466509473e-5,-0.00028067572969845637,-31.877378622474446
ecd49e3c38624c77b8aac8df445d49ba,6f83169d067343658251f72e1dd17dbc,1535489305947019,datasets/LIDAR_TOP/n008-2018-08-28-16-43-51-0400__LIDAR_TOP__1535489305947019.pcd.bin,6cb743622ae3427d9db9e47533bccaab,1dd23defeb98488e851a108a6bdae770,4ae9c033164e4e01a0392672686d095c,ac452a60e8b34a7080c938c904b23057,1316.3782104544728,1038.593691312326,0.0,2.4139783232815546,1.4408695667502672e-5,-1.191774606641002e-5,1.8698748143716513e-5,6.319440146746353e-5,-5.671398888070629e-5,8.49117713370286e-5,0.00028414993407062557,41.02974253110623
ac452a60e8b34a7080c938c904b23057,6f83169d067343658251f72e1dd17dbc,1535489306446341,datasets/LIDAR_TOP/n008-2018-08-28-16-43-51-0400__LIDAR_TOP__1535489306446341.pcd.bin,693114499b864bb39e32676e0fb5ea61,1dd23defeb98488e851a108a6bdae770,ecd49e3c38624c77b8aac8df445d49ba,27900b9c3cfb48ed8b49087098d4a15a,1316.3782133580094,1038.5936891138965,0.0,2.4139771327133843,5.814958277288202e-6,-4.402829148840117e-6,7.293740074918954e-6,-1.7210812642371997e-5,1.5050241963241962e-5,2.2863111226667316e-5,-2.3843695456496094e-6,-0.88264699689418
27900b9c3cfb48ed8b49087098d4a15a,6f83169d067343658251f72e1dd17dbc,1535489306946757,datasets/LIDAR_TOP/n008-2018-08-28-16-43-51-0400__LIDAR_TOP__1535489306946757.pcd.bin,0129c875ffa741cd9e7501520bc36500,1dd23defeb98488e851a108a6bdae770,ac452a60e8b34a7080c938c904b23057,c4f9b75136384ec4a76c4adfc28b4259,1316.378219456294,1038.593684025652,0.0,2.4140029630792554,1.2186429949878797e-5,-1.0168029212942026e-5,1.5871291472295045e-5,1.2732350029956267e-5,-1.1520814810281663e-5,1.7170961277055304e-5,5.1617785744491875e-5,8.781139313924715
c4f9b75136384ec4a76c4adfc28b4259,6f83169d067343658251f72e1dd17dbc,1535489307446638,datasets/LIDAR_TOP/n008-2018-08-28-16-43-51-0400__LIDAR_TOP__1535489307446638.pcd.bin,601ef12b6c8c45e3a5316b00e2c99388,1dd23defeb98488e851a108a6bdae770,27900b9c3cfb48ed8b49087098d4a15a,a572dd2e95e94e4db66bb5dbfaf870b5,1316.3782167563859,1038.5936867285714,0.0,2.4139809643355425,-5.401101480477863e-6,5.407125588130625e-6,7.642571839913389e-6,-3.518343651860475e-5,3.115772514072879e-5,4.699657478161459e-5,-4.400796132057854e-5,-15.547318108940226
a572dd2e95e94e4db66bb5dbfaf870b5,6f83169d067343658251f72e1dd17dbc,1535489307946546,datasets/LIDAR_TOP/n008-2018-08-28-16-43-51-0400__LIDAR_TOP__1535489307946546.pcd.bin,f8dc75e6f28b4502985f5ecec72a1249,1dd23defeb98488e851a108a6bdae770,c4f9b75136384ec4a76c4adfc28b4259,313a60afcab5481a94a4815e0d1a6496,1316.378218079225,1038.5936858705188,0.0,2.413991463195305,2.6461651450878626e-6,-1.7164209105920972e-6,3.1540911079732104e-6,1.6097495190246455e-5,-1.4249714944995323e-5,2.1498458721816103e-5,2.1001583816328903e-5,17.97800835896769
313a60afcab5481a94a4815e0d1a6496,6f83169d067343658251f72e1dd17dbc,1535489308396618,datasets/LIDAR_TOP/n008-2018-08-28-16-43-51-0400__LIDAR_TOP__1535489308396618.pcd.bin,cd74d5f3dd6b48ce98e42aa2ae3dd1b5,1dd23defeb98488e851a108a6bdae770,a572dd2e95e94e4db66bb5dbfaf870b5,d2ae3c5bbb5343a393882b44d56f8da3,1316.378223517025,1038.5936811742004,0.0,2.4140877430275633,1.208206670860813e-5,-1.0434593700339097e-5,1.5964243848125514e-5,2.0965315690645646e-5,-1.9370618011667018e-5,2.8544094032958045e-5,0.0002139209554434629,36.180014862725166
d2ae3c5bbb5343a393882b44d56f8da3,6f83169d067343658251f72e1dd17dbc,1535489308896501,datasets/LIDAR_TOP/n008-2018-08-28-16-43-51-0400__LIDAR_TOP__1535489308896501.pcd.bin,66771f7dcef74a5d88934ae125e6d09a,1dd23defeb98488e851a108a6bdae770,313a60afcab5481a94a4815e0d1a6496,59bd7a9fae8a45bcb76f1847cf09e000,1316.3782185245186,1038.5936857992692,0.0,2.4140098105643,-9.987349678760415e-6,9.252302775521076e-6,1.361441369489523e-5,-4.414916367903798e-5,3.938300857572707e-5,5.916223472819699e-5,-0.00015590140745565028,-30.918246614474945
59bd7a9fae8a45bcb76f1847cf09e000,6f83169d067343658251f72e1dd17dbc,1535489309396386,datasets/LIDAR_TOP/n008-2018-08-28-16-43-51-0400__LIDAR_TOP__1535489309396386.pcd.bin,782d2d758f6a4976adeae84f98488607,1dd23defeb98488e851a108a6bdae770,d2ae3c5bbb5343a393882b44d56f8da3,37535cd306954669a2b21578573b93e3,1316.3782115705899,1038.5936921926973,0.0,2.4139753288219534,-1.3911057007912874e-5,1.2789797785642723e-5,1.8896995382203843e-5,-7.849219978900063e-6,7.076617642301022e-6,1.0568290852001091e-5,-6.897934994402764e-5,-9.855759663479057
37535cd306954669a2b21578573b93e3,6f83169d067343658251f72e1dd17dbc,1535489309896252,datasets/LIDAR_TOP/n008-2018-08-28-16-43-51-0400__LIDAR_TOP__1535489309896252.pcd.bin,15a62445ca1f44ae8d58a1f2c1fe947d,1dd23defeb98488e851a108a6bdae770,59bd7a9fae8a45bcb76f1847cf09e000,3a064c48e47b489a8b442b8081f877b6,1316.3782168456562,1038.5936876730793,0.0,2.414037765784377,1.0552960822350796e-5,-9.041659084406802e-6,1.3896639202221047e-5,4.894115188923365e-5,-4.36746185378672e-5,6.559503527457891e-5,0.00012490740002993258,24.26845621975395
3a064c48e47b489a8b442b8081f877b6,6f83169d067343658251f72e1dd17dbc,1535489310396680,datasets/LIDAR_TOP/n008-2018-08-28-16-43-51-0400__LIDAR_TOP__1535489310396680.pcd.bin,c431cb3bf71447fdb356235e9848cf21,1dd23defeb98488e851a108a6bdae770,37535cd306954669a2b21578573b93e3,d3c0bbf933594f7184e20d761b6416f4,1316.3782203523795,1038.5936846030056,0.0,2.4140117939411985,7.007448144819933e-6,-6.134895963108358e-6,9.313499770789901e-6,-7.084960628763504e-6,5.8085541202699386e-6,9.161657496284928e-6,-5.189926058957226e-5,-15.045687125191233
d3c0bbf933594f7184e20d761b6416f4,6f83169d067343658251f72e1dd17dbc,1535489310946883,datasets/LIDAR_TOP/n008-2018-08-28-16-43-51-0400__LIDAR_TOP__1535489310946883.pcd.bin,ee754c66314e42c58a32fadc071f4990,1dd23defeb98488e851a108a6bdae770,3a064c48e47b489a8b442b8081f877b6,31812a5e8d514b5f8d2fbc50fc007475,1316.378221964511,1038.5936835393363,0.0,2.414097315041065,2.9300670022480198e-6,-1.933230621715429e-6,3.5103665441661392e-6,-7.41068504274225e-6,7.636572940156504e-6,1.0641216992104534e-5,0.0001554355390041554,119.55331445620031
31812a5e8d514b5f8d2fbc50fc007475,6f83169d067343658251f72e1dd17dbc,1535489311396995,datasets/LIDAR_TOP/n008-2018-08-28-16-43-51-0400__LIDAR_TOP__1535489311396995.pcd.bin,2fc0208b7e7e4e79b9b937b184043f70,1dd23defeb98488e851a108a6bdae770,d3c0bbf933594f7184e20d761b6416f4,32e2619879854a83953c08ec8557f3bb,1316.378227668476,1038.593678315807,0.0,2.4140938815888897,1.2672323591445192e-5,-1.1604954638849639e-5,1.7183211497739767e-5,2.1644072118044336e-5,-2.1487372069916397e-5,3.0498737946382757e-5,-7.627995199996604e-6,-1.1985877635679407
32e2619879854a83953c08ec8557f3bb,6f83169d067343658251f72e1dd17dbc,1535489311897421,datasets/LIDAR_TOP/n008-2018-08-28-16-43-51-0400__LIDAR_TOP__1535489311897421.pcd.bin,e3130bad1a82432e80ce1c648729d3c6,1dd23defeb98488e851a108a6bdae770,31812a5e8d514b5f8d2fbc50fc007475,4d7cf1ad5f9c4842bb6f135e058deed4,1316.3782223335381,1038.5936831160286,0.0,2.414040998060688,-1.0660792796328655e-5,9.592270648887122e-6,1.4340995755098539e-5,-4.662650699159086e-5,4.235836125168708e-5,6.299414196705355e-5,-0.00010567701958306462,-19.89596522771678
4d7cf1ad5f9c4842bb6f135e058deed4,6f83169d067343658251f72e1dd17dbc,1535489312397873,datasets/LIDAR_TOP/n008-2018-08-28-16-43-51-0400__LIDAR_TOP__1535489312397873.pcd.bin,dae04937a1504f218dae63c95c23cca6,1dd23defeb98488e851a108a6bdae770,32e2619879854a83953c08ec8557f3bb,c143943fd6e246448eab88ce1a0aeda9,1316.3782223297123,1038.593683181347,0.0,2.4140510190571702,-7.64466814601165e-9,1.305186468744327e-7,1.3074233489193738e-7,2.128705276066964e-5,-1.8906412607028623e-5,2.8470880789022734e-5,2.002389136699638e-5,413.5195132898325
c143943fd6e246448eab88ce1a0aeda9,6f83169d067343658251f72e1dd17dbc,1535489312897804,datasets/LIDAR_TOP/n008-2018-08-28-16-43-51-0400__LIDAR_TOP__1535489312897804.pcd.bin,79ad2a87cc7a45edba6d3c57fd3ddfc3,1dd23defeb98488e851a108a6bdae770,4d7cf1ad5f9c4842bb6f135e058deed4,47188ae2bc8c4faf83c909b135701176,1316.3782153911698,1038.5936894509132,0.0,2.4139615507309946,-1.3879000468378554e-5,1.2540863151871582e-5,1.8705611526898088e-5,-2.774654062307107e-5,2.4824114737828117e-5,3.7230460500302544e-5,-0.0001789613490174114,-25.83158757745987
47188ae2bc8c4faf83c909b135701176,6f83169d067343658251f72e1dd17dbc,1535489313398193,datasets/LIDAR_TOP/n008-2018-08-28-16-43-51-0400__LIDAR_TOP__1535489313398193.pcd.bin,d1145c17372f4bba973f0ef9d0593236,1dd23defeb98488e851a108a6bdae770,c143943fd6e246448eab88ce1a0aeda9,a5f101af325144bd8b8f67694766e255,1316.378217217795,1038.5936878403359,0.0,2.414062138954945,3.6504105679546647e-6,-3.2186505466597736e-6,4.866745180934416e-6,3.5031567513141214e-5,-3.1494524656879655e-5,4.7107492034607104e-5,0.0002010200542981646,111.52302543623941
a5f101af325144bd8b8f67694766e255,6f83169d067343658251f72e1dd17dbc,1535489313898578,datasets/LIDAR_TOP/n008-2018-08-28-16-43-51-0400__LIDAR_TOP__1535489313898578.pcd.bin,8b0d18f684784afd8339386e5ee40e6d,1dd23defeb98488e851a108a6bdae770,47188ae2bc8c4faf83c909b135701176,6f114ec641f8426399b69e844c0dfd62,1316.3782306436494,1038.5936759296796,0.0,2.4141511872541144,2.6831048845772477e-5,-2.380298412706536e-5,3.586763493063843e-5,4.632560583913949e-5,-4.113699167721971e-5,6.195412690543673e-5,0.0001779595694706246,13.396223043416985
6f114ec641f8426399b69e844c0dfd62,6f83169d067343658251f72e1dd17dbc,1535489314398452,datasets/LIDAR_TOP/n008-2018-08-28-16-43-51-0400__LIDAR_TOP__1535489314398452.pcd.bin,7399f643114f4eef85c0cdb6a5155d03,1dd23defeb98488e851a108a6bdae770,a5f101af325144bd8b8f67694766e255,ed5b84e7ea6f434e99d7816b37d15f2f,1316.378238669686,1038.5936688196275,0.0,2.4141712684257675,1.6056119220797534e-5,-1.422368864585779e-5,2.145022804370079e-5,-2.1555291183328083e-5,1.91634201442915e-5,2.8842108966313446e-5,4.017246676779701e-5,5.056620379609654
ed5b84e7ea6f434e99d7816b37d15f2f,6f83169d067343658251f72e1dd17dbc,1535489314898335,datasets/LIDAR_TOP/n008-2018-08-28-16-43-51-0400__LIDAR_TOP__1535489314898335.pcd.bin,32010f7f9c2848d58f793694a56a0b0f,1dd23defeb98488e851a108a6bdae770,6f114ec641f8426399b69e844c0dfd62,739b12938d0e410d9b8fc832dfad5510,1316.3782336525924,1038.5936733170083,0.0,2.414118713822581,-1.0036535747836038e-5,8.99686689570908e-6,1.3478711502094577e-5,-5.219752415792009e-5,4.645198084665185e-5,6.987394401917185e-5,-0.00010513380768429757,-21.05997154872643
739b12938d0e410d9b8fc832dfad5510,6f83169d067343658251f72e1dd17dbc,1535489315448527,datasets/LIDAR_TOP/n008-2018-08-28-16-43-51-0400__LIDAR_TOP__1535489315448527.pcd.bin,8febefbb91354a58b0fdc15d0bf8e82b,1dd23defeb98488e851a108a6bdae770,ed5b84e7ea6f434e99d7816b37d15f2f,dcbe451d383e450786aaad04ab9d3790,1316.3782266019903,1038.593679702543,0.0,2.414115519526548,-1.2814803027821974e-5,1.160601169943038e-5,1.728926499910248e-5,-5.049632273798848e-6,4.742244168801619e-6,6.927313032996552e-6,-5.8057842226269654e-6,-0.9066676577579533
dcbe451d383e450786aaad04ab9d3790,6f83169d067343658251f72e1dd17dbc,1535489315948406,datasets/LIDAR_TOP/n008-2018-08-28-16-43-51-0400__LIDAR_TOP__1535489315948406.pcd.bin,cf5dd04f13bb4df1a3271613fc66276e,1dd23defeb98488e851a108a6bdae770,739b12938d0e410d9b8fc832dfad5510,,1316.3782271005373,1038.5936792067882,0.0,2.4140610787286993,9.973354033838594e-7,-9.917497541878681e-7,1.40650114887068e-6,2.763096355559212e-5,-2.5201621699687822e-5,3.739775238305955e-5,-0.00010890795142112974,-209.065928650789
5991fad3280c4f84b331536c32001a04,bebf5f5b2a674631ab5c88fd1aa9e87a,1535385092150099,datasets/LIDAR_TOP/n008-2018-08-27-11-48-51-0400__LIDAR_TOP__1535385092150099.pcd.bin,603a96c23db34acf8b5953d958df293d,f59d93392f584e5ebd1aa0ffa4f7d02d,,2578329fc3ae484bb23ef766808f4be5,1772.4240436762457,866.3084047285619,0.0,0.023121090346086424,NaN,NaN,NaN,NaN,NaN,NaN,NaN,NaN
2578329fc3ae484bb23ef766808f4be5,bebf5f5b2a674631ab5c88fd1aa9e87a,1535385092700299,datasets/LIDAR_TOP/n008-2018-08-27-11-48-51-0400__LIDAR_TOP__1535385092700299.pcd.bin,00d437419bec4cb48b8feac9a77875c8,f59d93392f584e5ebd1aa0ffa4f7d02d,5991fad3280c4f84b331536c32001a04,8057958576034e51bac9bdc5740128d5,1776.6557555486843,866.391133676041,0.0,0.02435327905403042,7.69122477724211,0.15036159120166148,7.692694403274554,NaN,NaN,NaN,0.0022395287312686244,0.0007860350687857004
8057958576034e51bac9bdc5740128d5,bebf5f5b2a674631ab5c88fd1aa9e87a,1535385093200183,datasets/LIDAR_TOP/n008-2018-08-27-11-48-51-0400__LIDAR_TOP__1535385093200183.pcd.bin,2dd1198189ec492ab30ccd3ca573ae25,f59d93392f584e5ebd1aa0ffa4f7d02d,2578329fc3ae484bb23ef766808f4be5,23799328f65843fc9e0c71f2bfbe90ef,1780.7472301825842,866.4572395051699,0.0,0.024380912752155363,8.18484815257121,0.13224233848032935,8.185916400546434,0.987475845054252,-0.03624691472688091,0.988140872240809,5.528022126121741e-5,1.8233340056505303e-5
23799328f65843fc9e0c71f2bfbe90ef,bebf5f5b2a674631ab5c88fd1aa9e87a,1535385093650312,datasets/LIDAR_TOP/n008-2018-08-27-11-48-51-0400__LIDAR_TOP__1535385093650312.pcd.bin,70e2baba09614b4db54b0c5913c41903,f59d93392f584e5ebd1aa0ffa4f7d02d,8057958576034e51bac9bdc5740128d5,6af01b48aec7475eac1f8e9add0276ff,1784.5635518454678,866.5298070596876,0.0,0.025816151371286383,8.478284364890149,0.16121501728997295,8.47981698232577,0.6518935956557768,0.0643652793080286,0.6550634696252096,0.0031885051154913794,0.0010152299076466073
6af01b48aec7475eac1f8e9add0276ff,bebf5f5b2a674631ab5c88fd1aa9e87a,1535385094150195,datasets/LIDAR_TOP/n008-2018-08-27-11-48-51-0400__LIDAR_TOP__1535385094150195.pcd.bin,086a175205db4f63bafb02e65a5557ff,f59d93392f584e5ebd1aa0ffa4f7d02d,23799328f65843fc9e0c71f2bfbe90ef,df7066fa5f0d4b708982747cc3feed14,1788.8689105802796,866.6066845692669,0.0,0.028431750458020703,8.612732849110214,0.15379100625401582,8.614105804071992,0.268959905057915,-0.014851497322287683,0.2693696298796072,0.005232422560347763,0.001640047293853844
df7066fa5f0d4b708982747cc3feed14,bebf5f5b2a674631ab5c88fd1aa9e87a,1535385094550004,datasets/LIDAR_TOP/n008-2018-08-27-11-48-51-0400__LIDAR_TOP__1535385094550004.pcd.bin,b5fd361961ea46559a9968dbd9ed0714,f59d93392f584e5ebd1aa0ffa4f7d02d,6af01b48aec7475eac1f8e9add0276ff,5f6cc6483988439a824cec99e28bb5b9,1792.2954929032635,866.6791119495808,0.0,0.03160459140729569,8.570548244246387,0.18115495227448924,8.572462558896854,-0.10551189408899561,0.06844254636707385,0.1257662194210213,0.007935891761503588,0.002499504384982348
5f6cc6483988439a824cec99e28bb5b9,bebf5f5b2a674631ab5c88fd1aa9e87a,1535385094949783,datasets/LIDAR_TOP/n008-2018-08-27-11-48-51-0400__LIDAR_TOP__1535385094949783.pcd.bin,60c3e551ad8e407a91c5c3dd2a2696d9,f59d93392f584e5ebd1aa0ffa4f7d02d,df7066fa5f0d4b708982747cc3feed14,c9304cf98aad4ff0bb5b0cff0aab65d2,1795.704828912833,866.7648180512533,0.0,0.03374369645270135,8.52805177252786,0.2143837011761138,8.530746005259184,-0.10629990999659117,0.08311779483570812,0.13493790677061154,0.0053507188856985,0.001693514375235114
c9304cf98aad4ff0bb5b0cff0aab65d2,bebf5f5b2a674631ab5c88fd1aa9e87a,1535385095449675,datasets/LIDAR_TOP/n008-2018-08-27-11-48-51-0400__LIDAR_TOP__1535385095449675.pcd.bin,d7ae8ef1a5464d1d894b608b9920ced4,f59d93392f584e5ebd1aa0ffa4f7d02d,5f6cc6483988439a824cec99e28bb5b9,79937d5eae1d450499677a0dcffa210c,1800.0407293277067,866.8646544736707,0.0,0.03666062073376435,8.673674343405729,0.19971598348725542,8.675973322314626,0.29130806429762607,-0.029341773200728123,0.29278204859484264,0.005835108945658263,0.0018159108572586248
79937d5eae1d450499677a0dcffa210c,bebf5f5b2a674631ab5c88fd1aa9e87a,1535385095949554,datasets/LIDAR_TOP/n008-2018-08-27-11-48-51-0400__LIDAR_TOP__1535385095949554.pcd.bin,091440719101480ba950ae17c6b524bd,f59d93392f584e5ebd1aa0ffa4f7d02d,c9304cf98aad4ff0bb5b0cff0aab65d2,5c85640c10d9485c86bf6eb44778c002,1804.249911570257,866.9787420253247,0.0,0.04069639768505677,8.420402222438312,0.22823033504895812,8.423494682937756,-0.5066668553138188,0.05704250741019868,0.5098677769042056,0.008073507691446165,0.0025878179529285664
5c85640c10d9485c86bf6eb44778c002,bebf5f5b2a674631ab5c88fd1aa9e87a,1535385096399680,datasets/LIDAR_TOP/n008-2018-08-27-11-48-51-0400__LIDAR_TOP__1535385096399680.pcd.bin,5f468f66edb141fcaaad2f61b5800e84,f59d93392f584e5ebd1aa0ffa4f7d02d,79937d5eae1d450499677a0dcffa210c,91d9058720eb4c25a172236e14e11085,1807.9908434635045,867.0978947948428,0.0,0.04291273203984429,8.31085494560975,0.26470981351468115,8.315069525406086,-0.24337024928256265,0.08104281571320703,0.25650929069837125,0.004923808788622561,0.0015988181083346575
91d9058720eb4c25a172236e14e11085,bebf5f5b2a674631ab5c88fd1aa9e87a,1535385096900138,datasets/LIDAR_TOP/n008-2018-08-27-11-48-51-0400__LIDAR_TOP__1535385096900138.pcd.bin,0d9eb8fef2454867afd987e39cf1d851,f59d93392f584e5ebd1aa0ffa4f7d02d,5c85640c10d9485c86bf6eb44778c002,9768a199e4884a0db50d015703efe969,1812.2423806055554,867.254283037146,0.0,0.04766907738858727,8.495292596083774,0.31249024354341626,8.501037962824634,0.368537720396165,0.09547340641719208,0.3807035890134269,0.009503985047182743,0.003018544293015617
9768a199e4884a0db50d015703efe969,bebf5f5b2a674631ab5c88fd1aa9e87a,1535385097400558,datasets/LIDAR_TOP/n008-2018-08-27-11-48-51-0400__LIDAR_TOP__1535385097400558.pcd.bin,5f602830b5ed491ebc9838a3f3de809b,f59d93392f584e5ebd1aa0ffa4f7d02d,91d9058720eb4c25a172236e14e11085,39bc0a6b3692446d8ba3bde3d6a0774e,1816.5725820362168,867.4421391542119,0.0,0.0495602270250638,8.653134228570837,0.37539690073507975,8.661273278839879,0.31541831359070993,0.12570771989861215,0.33954549531766043,0.003779124808114236,0.0011780758617600331
39bc0a6b3692446d8ba3bde3d6a0774e,bebf5f5b2a674631ab5c88fd1aa9e87a,1535385097901019,datasets/LIDAR_TOP/n008-2018-08-27-11-48-51-0400__LIDAR_TOP__1535385097901019.pcd.bin,23094c6b99fe44b8a040680afab47fe8,f59d93392f584e5ebd1aa0ffa4f7d02d,9768a199e4884a0db50d015703efe969,f6ef25ab02c0483b9df411ed84873f41,1820.8160438120092,867.6059870963394,0.0,0.0428101326433581,8.47910581602245,0.32739402696217657,8.485424107738885,-0.34773621230902385,-0.09591731178434121,0.3607223365013055,-0.0134877530550946,-0.0042917045496338145
f6ef25ab02c0483b9df411ed84873f41,bebf5f5b2a674631ab5c88fd1aa9e87a,1535385098400887,datasets/LIDAR_TOP/n008-2018-08-27-11-48-51-0400__LIDAR_TOP__1535385098400887.pcd.bin,444e2e0a5a1c4b57940ea31a96f5859f,f59d93392f584e5ebd1aa0ffa4f7d02d,39bc0a6b3692446d8ba3bde3d6a0774e,576f17c305324ed7bf460f0110617355,1825.0719423430685,867.7198389085164,0.0,0.03357184515224482,8.514044769937867,0.2277637539850872,8.517090739926147,0.06989636046999678,-0.199313164629641,0.21121372777742006,-0.01848145408610529,-0.00585879939009749
576f17c305324ed7bf460f0110617355,bebf5f5b2a674631ab5c88fd1aa9e87a,1535385098900804,datasets/LIDAR_TOP/n008-2018-08-27-11-48-51-0400__LIDAR_TOP__1535385098900804.pcd.bin,008228ec292d4853af0bcd290e50482d,f59d93392f584e5ebd1aa0ffa4f7d02d,f6ef25ab02c0483b9df411ed84873f41,0fa505e5dd804d3b9f9f076d23b28d6d,1829.2335217416226,867.7960511826345,0.0,0.024577702647702857,8.324540670859498,0.1524498549121557,8.325936484207446,-0.37907112396331405,-0.15065280651174393,0.40791075633363133,-0.01799127156016291,-0.005834350682902657
0fa505e5dd804d3b9f9f076d23b28d6d,bebf5f5b2a674631ab5c88fd1aa9e87a,1535385099400097,datasets/LIDAR_TOP/n008-2018-08-27-11-48-51-0400__LIDAR_TOP__1535385099400097.pcd.bin,73fe26afdbd8477a92cdb664aa4b9ec7,f59d93392f584e5ebd1aa0ffa4f7d02d,576f17c305324ed7bf460f0110617355,447c96d132e9494e8b03050e8dcae124,1833.2167486089202,867.8457338455515,0.0,0.016097329368854045,7.977734250825902,0.09950602735669696,7.978354794459885,-0.694594997393507,-0.10603759226638217,0.7026422855036106,-0.016984763012597437,-0.005747909351669489
447c96d132e9494e8b03050e8dcae124,bebf5f5b2a674631ab5c88fd1aa9e87a,1535385099899436,datasets/LIDAR_TOP/n008-2018-08-27-11-48-51-0400__LIDAR_TOP__1535385099899436.pcd.bin,1fb3ae4157414fed96871a6786e28398,f59d93392f584e5ebd1aa0ffa4f7d02d,0fa505e5dd804d3b9f9f076d23b28d6d,baaa60749cd04db7952fd8f4ef8ac837,1837.1944271283,867.8579971366883,0.0,0.010925880271131616,7.965887942619902,0.024559049336661247,7.965925800638709,-0.02372397951291712,-0.15009237816400425,0.151955747462397,-0.010356589606905187,-0.003510300326473283
baaa60749cd04db7952fd8f4ef8ac837,bebf5f5b2a674631ab5c88fd1aa9e87a,1535385100398781,datasets/LIDAR_TOP/n008-2018-08-27-11-48-51-0400__LIDAR_TOP__1535385100398781.pcd.bin,a320420fe2314a7ba021f15224ab9f68,f59d93392f584e5ebd1aa0ffa4f7d02d,447c96d132e9494e8b03050e8dcae124,d7387fb5a21d40a990a5842cca61af1c,1841.2909784876638,867.8931947721958,0.0,0.012165653859406336,8.203849761915569,0.07048760978387571,8.20415257166852,0.4765479163617683,0.09197761156557983,0.4853429690621382,0.0024827996440831895,0.0008170934146415168
d7387fb5a21d40a990a5842cca61af1c,bebf5f5b2a674631ab5c88fd1aa9e87a,1535385100898103,datasets/LIDAR_TOP/n008-2018-08-27-11-48-51-0400__LIDAR_TOP__1535385100898103.pcd.bin,5d5c9959d52f4d94a66eaa11ff6056d6,f59d93392f584e5ebd1aa0ffa4f7d02d,baaa60749cd04db7952fd8f4ef8ac837,252b65dd79ce4712af1b898b64ea3b98,1845.5209073592832,867.9179640766125,0.0,0.011252403832822824,8.471344886905543,0.04960587439915787,8.471490124864431,0.5357166818004698,-0.04182017893206756,0.5373465274152388,-0.0018289801502507648,-0.0005829253570375958
252b65dd79ce4712af1b898b64ea3b98,bebf5f5b2a674631ab5c88fd1aa9e87a,1535385101398009,datasets/LIDAR_TOP/n008-2018-08-27-11-48-51-0400__LIDAR_TOP__1535385101398009.pcd.bin,ef96f68c037f4bbbbc363b9fb9d24d9e,f59d93392f584e5ebd1aa0ffa4f7d02d,d7387fb5a21d40a990a5842cca61af1c,0d7263a5b8264cad996582d6219ef1f2,1849.937175243823,867.9356417963514,0.0,0.01422636703742957,8.834196598040073,0.035362087550285165,8.834267372570219,0.7258398801665312,-0.02849293036865471,0.7263989115638578,0.005949044829641465,0.001818195031079164
0d7263a5b8264cad996582d6219ef1f2,bebf5f5b2a674631ab5c88fd1aa9e87a,1535385101947644,datasets/LIDAR_TOP/n008-2018-08-27-11-48-51-0400__LIDAR_TOP__1535385101947644.pcd.bin,577348ca0f394f5ebef2d74a9c949206,f59d93392f584e5ebd1aa0ffa4f7d02d,252b65dd79ce4712af1b898b64ea3b98,8017a35b9b5e476289a89bd098a4a1d1,1854.5194429028056,867.9924953013535,0.0,0.028194919892689452,8.336928432473503,0.10343865474741513,8.337570104261856,-0.9047243453684177,0.12385777324429843,0.9131631229388034,0.025414234638005007,0.008230027773624157
8017a35b9b5e476289a89bd098a4a1d1,bebf5f5b2a674631ab5c88fd1aa9e87a,1535385102447561,datasets/LIDAR_TOP/n008-2018-08-27-11-48-51-0400__LIDAR_TOP__1535385102447561.pcd.bin,82adbebc95394af3b386658c1210ff10,f59d93392f584e5ebd1aa0ffa4f7d02d,0d7263a5b8264cad996582d6219ef1f2,8580e9a249b64b59bead9d80c0e13e8b,1858.145862437229,868.0969094740414,0.0,0.039808078144313794,7.254043240024541,0.20886301663641196,7.257049475362849,-2.1661299624716936,0.21088373047725287,2.1763710534046403,0.02323017271191886,0.00864283294955005
8580e9a249b64b59bead9d80c0e13e8b,bebf5f5b2a674631ab5c88fd1aa9e87a,1535385102947981,datasets/LIDAR_TOP/n008-2018-08-27-11-48-51-0400__LIDAR_TOP__1535385102947981.pcd.bin,3707490aa140438c88b65ca24604a6f8,f59d93392f584e5ebd1aa0ffa4f7d02d,8017a35b9b5e476289a89bd098a4a1d1,5f3fc3c1d08b47cabc1bbca600abbfa8,1861.3694548951328,868.210032166727,0.0,0.049902484149695565,6.441773825793945,0.22605549875243303,6.445738988758401,-1.62317536115782,0.034356105103754975,1.6235389108449847,0.02017186764194431,0.008449619621309034
5f3fc3c1d08b47cabc1bbca600abbfa8,bebf5f5b2a674631ab5c88fd1aa9e87a,1535385103447886,datasets/LIDAR_TOP/n008-2018-08-27-11-48-51-0400__LIDAR_TOP__1535385103447886.pcd.bin,3dc7f1a46dc94ee69c904cab4c93bfe4,f59d93392f584e5ebd1aa0ffa4f7d02d,8580e9a249b64b59bead9d80c0e13e8b,7ff999a1242e4573a81dd3a6f0c158a2,1864.4729052510552,868.3551712607241,0.0,0.05786504735118652,6.2080802470917575,0.2903333513308432,6.214865550374027,-0.46747597784016404,0.12858013538254304,0.4848367158875353,0.01592815275200479,0.006919862076151384
7ff999a1242e4573a81dd3a6f0c158a2,bebf5f5b2a674631ab5c88fd1aa9e87a,1535385103948321,datasets/LIDAR_TOP/n008-2018-08-27-11-48-51-0400__LIDAR_TOP__1535385103948321.pcd.bin,ecb45267b5f74be1a6ec40982f4f26cd,f59d93392f584e5ebd1aa0ffa4f7d02d,5f3fc3c1d08b47cabc1bbca600abbfa8,0402e40724984f3b833496067d46c771,1867.6725232591834,868.5380187380114,0.0,0.06229004826479608,6.393673520293854,0.36537707651799406,6.404105050055913,0.37086389481570314,0.14995698779492014,0.4000339068959014,0.00884230901837314,0.003727957952438497
0402e40724984f3b833496067d46c771,bebf5f5b2a674631ab5c88fd1aa9e87a,1535385104448758,datasets/LIDAR_TOP/n008-2018-08-27-11-48-51-0400__LIDAR_TOP__1535385104448758.pcd.bin,782ff7b63e814700b461e2617dc4f093,f59d93392f584e5ebd1aa0ffa4f7d02d,7ff999a1242e4573a81dd3a6f0c158a2,6e004695af1549c398a52b5c95e22060,1871.090655373585,868.7138685944242,0.0,0.0533521131166685,6.830294551365081,0.35139259569698156,6.839327482634399,0.8724795150463036,-0.02794453811571187,0.8729269164059117,-0.01786026042864053,-0.007050796043875767
6e004695af1549c398a52b5c95e22060,bebf5f5b2a674631ab5c88fd1aa9e87a,1535385104949764,datasets/LIDAR_TOP/n008-2018-08-27-11-48-51-0400__LIDAR_TOP__1535385104949764.pcd.bin,269cc2d145b14fa48cd26e0f94119413,f59d93392f584e5ebd1aa0ffa4f7d02d,0402e40724984f3b833496067d46c771,ba2491f55619445e9d2e472f39f3b01b,1874.9056328259087,868.8800735570405,0.0,0.041875695615242604,7.614634260515391,0.3317424594043744,7.621857252716456,1.5655295728001466,-0.0392213592104828,1.5660208039263486,-0.022906746628634983,-0.008114585965943083
ba2491f55619445e9d2e472f39f3b01b,bebf5f5b2a674631ab5c88fd1aa9e87a,1535385105450180,datasets/LIDAR_TOP/n008-2018-08-27-11-48-51-0400__LIDAR_TOP__1535385105450180.pcd.bin,8d9df69dd62a43e685818383fbfed405,f59d93392f584e5ebd1aa0ffa4f7d02d,6e004695af1549c398a52b5c95e22060,2e024439286d469f8f743fe9266c0e56,1878.9759425969382,869.0120191895268,0.0,0.027488721019713298,8.133852177047782,0.2636718899600249,8.13812472892988,1.0375725726843081,-0.13602796362296476,1.046451360778008,-0.028750029166791844,-0.009538447902425461
2e024439286d469f8f743fe9266c0e56,bebf5f5b2a674631ab5c88fd1aa9e87a,1535385105950634,datasets/LIDAR_TOP/n008-2018-08-27-11-48-51-0400__LIDAR_TOP__1535385105950634.pcd.bin,81a6248f1fb841c9bb1fda323633936a,f59d93392f584e5ebd1aa0ffa4f7d02d,ba2491f55619445e9d2e472f39f3b01b,ff007cb7b78443e6887401d694f0d369,1883.2112886605798,869.0956735916802,0.0,0.019979463668169394,8.463007716276822,0.16715702572755226,8.46465835559895,0.6577138742602521,-0.19285461647318763,0.6854053132923985,-0.01500489026272925,-0.004786159347183991
ff007cb7b78443e6887401d694f0d369,bebf5f5b2a674631ab5c88fd1aa9e87a,1535385106451625,datasets/LIDAR_TOP/n008-2018-08-27-11-48-51-0400__LIDAR_TOP__1535385106451625.pcd.bin,879184779248483081480c73e56f48b0,f59d93392f584e5ebd1aa0ffa4f7d02d,2e024439286d469f8f743fe9266c0e56,b2e2ffeabf91451cb31a79649bfd95df,1887.5142567626572,869.1726905442102,0.0,0.02060798723251888,8.588912978631013,0.15372921375836326,8.590288634595407,0.2513124234850351,-0.026802501380641552,0.25273762734935395,0.0012545605896103647,0.00039431894969237243
b2e2ffeabf91451cb31a79649bfd95df,bebf5f5b2a674631ab5c88fd1aa9e87a,1535385106952072,datasets/LIDAR_TOP/n008-2018-08-27-11-48-51-0400__LIDAR_TOP__1535385106952072.pcd.bin,491ffc5ab0864f17ab6ad43f84ec2f0a,f59d93392f584e5ebd1aa0ffa4f7d02d,ff007cb7b78443e6887401d694f0d369,21342b260f964064855aa8ad1e741a22,1891.7640783519962,869.2293208161336,0.0,0.01990951870044285,8.492051284829433,0.11315937936161426,8.492805194357794,-0.19355035358705372,-0.08106719472141707,0.2098419153402715,-0.0013956893179018553,-0.0004437121860323047
21342b260f964064855aa8ad1e741a22,bebf5f5b2a674631ab5c88fd1aa9e87a,1535385107452513,datasets/LIDAR_TOP/n008-2018-08-27-11-48-51-0400__LIDAR_TOP__1535385107452513.pcd.bin,b13083db883c479b970d45bb550f4fc6,f59d93392f584e5ebd1aa0ffa4f7d02d,b2e2ffeabf91451cb31a79649bfd95df,9a0a16d628ae41d1ab25c9cdfc66d6a1,1895.9374116302272,869.2849437273817,0.0,0.019823022881854557,8.33931128390956,0.11114779014522204,8.340051949550162,-0.3052108059089355,-0.004019633116375792,0.3052372740901284,-0.00017283919300835324,-5.59547858868822e-5
9a0a16d628ae41d1ab25c9cdfc66d6a1,bebf5f5b2a674631ab5c88fd1aa9e87a,1535385107953148,datasets/LIDAR_TOP/n008-2018-08-27-11-48-51-0400__LIDAR_TOP__1535385107953148.pcd.bin,483d83406d104acfb6dd4597bdb17e22,f59d93392f584e5ebd1aa0ffa4f7d02d,21342b260f964064855aa8ad1e741a22,521cde13efcc4f7cb5f93db99cce30f4,1900.1124797426455,869.327928104564,0.0,0.018377597140450574,8.339545002683252,0.0858597125296451,8.339986974930769,0.00046684465467399373,-0.05051200498482315,0.0505141622866142,-0.002887184758165097,-0.000934701561342723
521cde13efcc4f7cb5f93db99cce30f4,bebf5f5b2a674631ab5c88fd1aa9e87a,1535385108451734,datasets/LIDAR_TOP/n008-2018-08-27-11-48-51-0400__LIDAR_TOP__1535385108451734.pcd.bin,4f08ca45bdfc4f36ad2d0085dd0bb23e,f59d93392f584e5ebd1aa0ffa4f7d02d,9a0a16d628ae41d1ab25c9cdfc66d6a1,96d915e8b7e44bacba3c78e76a924e5c,1904.4052373811014,869.3742498508567,0.0,0.01830364386062419,8.609863972225245,0.09290623140788797,8.610365218041375,0.5421711992354238,0.014133005897162916,0.5423553734739491,-0.0001483260256533124,-4.651141491940594e-5
96d915e8b7e44bacba3c78e76a924e5c,bebf5f5b2a674631ab5c88fd1aa9e87a,1535385108951051,datasets/LIDAR_TOP/n008-2018-08-27-11-48-51-0400__LIDAR_TOP__1535385108951051.pcd.bin,c86737adb80248e7937baa70ed0b3d59,f59d93392f584e5ebd1aa0ffa4f7d02d,521cde13efcc4f7cb5f93db99cce30f4,e426ccb3e7874894b16e06774ae5ec42,1908.8573384566855,869.4451552315238,0.0,0.021856339681571756,8.916381928883046,0.14200473980880604,8.91751266036894,0.6138744658359345,0.09833133740873648,0.6217000174697961,0.007115110883361802,0.002154277780894349
e426ccb3e7874894b16e06774ae5ec42,bebf5f5b2a674631ab5c88fd1aa9e87a,1535385109400618,datasets/LIDAR_TOP/n008-2018-08-27-11-48-51-0400__LIDAR_TOP__1535385109400618.pcd.bin,24b67ba2e3db4590849412a7269c20e2,f59d93392f584e5ebd1aa0ffa4f7d02d,96d915e8b7e44bacba3c78e76a924e5c,c5a8f6d7a0fe4858b318aeac2524098f,1912.8205707412353,869.5240587858315,0.0,0.02427341307967001,8.815665483787297,0.17551011152432883,8.817412416422746,-0.2240298889726091,0.07452809417844901,0.23610130871079754,0.005376447555310453,0.0016463342887649097
c5a8f6d7a0fe4858b318aeac2524098f,bebf5f5b2a674631ab5c88fd1aa9e87a,1535385109899957,datasets/LIDAR_TOP/n008-2018-08-27-11-48-51-0400__LIDAR_TOP__1535385109899957.pcd.bin,98ac5cb9a8604e548df6d4eceabaae6c,f59d93392f584e5ebd1aa0ffa4f7d02d,e426ccb3e7874894b16e06774ae5ec42,ed1eee39e3dd4c30a3d932e3ceaa92c2,1917.233571291751,869.600789435801,0.0,0.02825558333111038,8.837684519966976,0.15366444433436377,8.839020332362432,0.044096367757531764,-0.04374917078370617,0.06211666116002515,0.00797488329860149,0.0024360374901942383
ed1eee39e3dd4c30a3d932e3ceaa92c2,bebf5f5b2a674631ab5c88fd1aa9e87a,1535385110449087,datasets/LIDAR_TOP/n008-2018-08-27-11-48-51-0400__LIDAR_TOP__1535385110449087.pcd.bin,3b2631bced8c4c3a96a3abbd3d591cfc,f59d93392f584e5ebd1aa0ffa4f7d02d,c5a8f6d7a0fe4858b318aeac2524098f,728e3e32df3c413389cb7e233de96ac4,1922.0083909978352,869.7058228691328,0.0,0.0324327537410446,8.695244670814096,0.19127243700374913,8.697348160817658,-0.25939185466625225,0.06848650168336343,0.2682807022132294,0.007606888004542136,0.002361478146268999
728e3e32df3c413389cb7e233de96ac4,bebf5f5b2a674631ab5c88fd1aa9e87a,1535385110948962,datasets/LIDAR_TOP/n008-2018-08-27-11-48-51-0400__LIDAR_TOP__1535385110948962.pcd.bin,6d886a7cd2494e5aa9ce92b3f1642b9d,f59d93392f584e5ebd1aa0ffa4f7d02d,ed1eee39e3dd4c30a3d932e3ceaa92c2,9c56003504024697a5c8d1cb9355a335,1926.4025569447613,869.8758476098222,0.0,0.04021936842084396,8.790529526233604,0.3401345150076074,8.79710752690248,0.1906173651803094,0.2977986056591313,0.35358024469815363,0.015577123640508847,0.004780916193277778
9c56003504024697a5c8d1cb9355a335,bebf5f5b2a674631ab5c88fd1aa9e87a,1535385111448839,datasets/LIDAR_TOP/n008-2018-08-27-11-48-51-0400__LIDAR_TOP__1535385111448839.pcd.bin,b2899eb96cec4d36adcb7a3170efca17,f59d93392f584e5ebd1aa0ffa4f7d02d,728e3e32df3c413389cb7e233de96ac4,35833ae5808e4ef186d1fdebac3d9cf6,1930.8481795309813,870.0420091806884,0.0,0.04417074674395375,8.893432956947404,0.33240491334101324,8.89964284598722,0.2058575023731841,-0.015463007232967597,0.2064374381647193,0.007904701202715442,0.002398151658069621
35833ae5808e4ef186d1fdebac3d9cf6,bebf5f5b2a674631ab5c88fd1aa9e87a,1535385111949270,datasets/LIDAR_TOP/n008-2018-08-27-11-48-51-0400__LIDAR_TOP__1535385111949270.pcd.bin,3bf5906143324c6aaee0266bc1ee1def,f59d93392f584e5ebd1aa0ffa4f7d02d,9c56003504024697a5c8d1cb9355a335,,1935.2922513678059,870.1778587378614,0.0,0.040291086224289806,8.880488692396366,0.2714651114198488,8.884636893114873,-0.02586623240973887,-0.12177463410772803,0.12449145951086629,-0.0077526382651433344,-0.0023559908601451457
cd9964f8c3d34383b16e9c2997de1ed0,2fc3753772e241f2ab2cd16a784cc680,1535657108301401,datasets/LIDAR_TOP/n008-2018-08-30-15-16-55-0400__LIDAR_TOP__1535657108301401.pcd.bin,80bddcd6f16b4bcaa645e3fcbd0de6ef,fdf7783dc28e42a684796c5822f79403,,9ab95de13c2d432ebb678ebb5da1ac5e,334.5398509505576,658.7025312409702,0.0,2.879708088890179,NaN,NaN,NaN,NaN,NaN,NaN,NaN,NaN
9ab95de13c2d432ebb678ebb5da1ac5e,2fc3753772e241f2ab2cd16a784cc680,1535657108801262,datasets/LIDAR_TOP/n008-2018-08-30-15-16-55-0400__LIDAR_TOP__1535657108801262.pcd.bin,8b4040a9157b4c0085aec350fe1ff25c,fdf7783dc28e42a684796c5822f79403,cd9964f8c3d34383b16e9c2997de1ed0,4a61e56dd1ee4c159cc595b52aa2a254,332.0797577474775,659.4188573738066,0.0,2.8513663615022726,-4.921554598338494,1.4330506537546577,5.1259471164511075,NaN,NaN,NaN,-0.05669921715818302,-0.02986528788714521
4a61e56dd1ee4c159cc595b52aa2a254,2fc3753772e241f2ab2cd16a784cc680,1535657109301132,datasets/LIDAR_TOP/n008-2018-08-30-15-16-55-0400__LIDAR_TOP__1535657109301132.pcd.bin,d7b6704e3ff14f208ee93becd1cecddf,fdf7783dc28e42a684796c5822f79403,9ab95de13c2d432ebb678ebb5da1ac5e,8c0372d87281421aba897bec0084d0da,329.6474941596216,660.1966888688361,0.0,2.8287073423413176,-4.865792281705072,1.5560675676264462,5.108549775006556,0.11155363721251974,0.24609781317500248,0.270200569253399,-0.04532982407616987,-0.023957978368822214
8c0372d87281421aba897bec0084d0da,2fc3753772e241f2ab2cd16a784cc680,1535657109801064,datasets/LIDAR_TOP/n008-2018-08-30-15-16-55-0400__LIDAR_TOP__1535657109801064.pcd.bin,04c81c4a9efb47618458b1de513f86bc,fdf7783dc28e42a684796c5822f79403,4a61e56dd1ee4c159cc595b52aa2a254,ebce5a3b3484446580028d6538e69a81,327.2338340334786,661.0255136361046,0.0,2.8177058971340556,-4.827976857138543,1.657875005537839,5.10469490440442,0.07564113632759807,0.2036425712124707,0.2172369174771095,-0.02200588321464116,-0.01163945853615386
ebce5a3b3484446580028d6538e69a81,2fc3753772e241f2ab2cd16a784cc680,1535657110200261,datasets/LIDAR_TOP/n008-2018-08-30-15-16-55-0400__LIDAR_TOP__1535657110200261.pcd.bin,a0acc8ba9b494532abc95a6dc3abc724,fdf7783dc28e42a684796c5822f79403,8c0372d87281421aba897bec0084d0da,12e1aa58e9d04068a33f37b896b901a3,325.3623119653266,661.6868328688465,0.0,2.815673479305952,-4.688216765536788,1.6566237540409943,4.972301147669266,0.3501030608991413,-0.003134421092455094,0.3501170916229778,-0.005091265285318986,-0.00276459849516653
12e1aa58e9d04068a33f37b896b901a3,2fc3753772e241f2ab2cd16a784cc680,1535657110651414,datasets/LIDAR_TOP/n008-2018-08-30-15-16-55-0400__LIDAR_TOP__1535657110651414.pcd.bin,806af928f111466db74fffc3aa15a2ab,fdf7783dc28e42a684796c5822f79403,ebce5a3b3484446580028d6538e69a81,407969e29bf741f184bf8405af03588e,323.3629248739305,662.4053626288567,0.0,2.807967705113446,-4.431727355012827,1.592652071492691,4.709219465049271,0.5685197937816254,-0.14179598173635818,0.5859358807566571,-0.017080179434706577,-0.009792808514441418
407969e29bf741f184bf8405af03588e,2fc3753772e241f2ab2cd16a784cc680,1535657111149672,datasets/LIDAR_TOP/n008-2018-08-30-15-16-55-0400__LIDAR_TOP__1535657111149672.pcd.bin,ca63bdf665f04b4ca918b41f9e51712e,fdf7783dc28e42a684796c5822f79403,12e1aa58e9d04068a33f37b896b901a3,f4163d8adea94bcf892e005d5d2937a8,321.35844911994104,663.1649109949846,0.0,2.781689256886041,-4.022967526842483,1.524407768922702,4.302102598495416,0.8203778527797723,-0.13696579396615616,0.8317327996708613,-0.05274064486150748,-0.033100033731383344
f4163d8adea94bcf892e005d5d2937a8,2fc3753772e241f2ab2cd16a784cc680,1535657111649009,datasets/LIDAR_TOP/n008-2018-08-30-15-16-55-0400__LIDAR_TOP__1535657111649009.pcd.bin,df71ce655f7b4f8d9bb7e04b5a176b45,fdf7783dc28e42a684796c5822f79403,407969e29bf741f184bf8405af03588e,e122a34ec57c4edf8311b40c3f85f863,319.51814456203374,663.9384536087967,0.0,2.751457733099899,-3.6854960836214867,1.549139386450827,3.9978386937247183,0.6758390490209942,0.04952891039142887,0.6776514835416241,-0.06054332802524574,-0.04088883974352254
e122a34ec57c4edf8311b40c3f85f863,2fc3753772e241f2ab2cd16a784cc680,1535657112148325,datasets/LIDAR_TOP/n008-2018-08-30-15-16-55-0400__LIDAR_TOP__1535657112148325.pcd.bin,496e34e1fbb644f1aa0cf56bbd3ad028,fdf7783dc28e42a684796c5822f79403,f4163d8adea94bcf892e005d5d2937a8,8366b5125ac945f3b93153cfa39f1677,317.89863080650935,664.6608184227448,0.0,2.7384154862528294,-3.2434645705813447,1.4467087254324864,3.5514825857462564,0.8852740810231237,-0.20514195623280754,0.9087317650100932,-0.02612022616353061,-0.01985779429824056
8366b5125ac945f3b93153cfa39f1677,2fc3753772e241f2ab2cd16a784cc680,1535657112648213,datasets/LIDAR_TOP/n008-2018-08-30-15-16-55-0400__LIDAR_TOP__1535657112648213.pcd.bin,a3493356710348d2967a6b6db5a70c28,fdf7783dc28e42a684796c5822f79403,e122a34ec57c4edf8311b40c3f85f863,6b7487db4612438db7d446e2832a9e2e,316.33696405018054,665.3582926925519,0.0,2.7352953350950693,-3.124033296115939,1.395261078095727,3.4214525440651475,0.23891606612962418,-0.10291834838355657,0.2601404872157621,-0.006241700456422435,-0.004925566266167591
6b7487db4612438db7d446e2832a9e2e,2fc3753772e241f2ab2cd16a784cc680,1535657113148632,datasets/LIDAR_TOP/n008-2018-08-30-15-16-55-0400__LIDAR_TOP__1535657113148632.pcd.bin,1514393cbd754e03bd18708fc53c338b,fdf7783dc28e42a684796c5822f79403,8366b5125ac945f3b93153cfa39f1677,0307afa1ec7e48ce90295acabf8cb6dd,314.9593226771003,665.965589473688,0.0,2.7317705972625363,-2.752975752479869,1.213576585093976,3.0085949580544162,0.7414937155385195,-0.36306473775326514,0.8256082206367412,-0.0070435731507655225,-0.006321105955507268
0307afa1ec7e48ce90295acabf8cb6dd,2fc3753772e241f2ab2cd16a784cc680,1535657113648526,datasets/LIDAR_TOP/n008-2018-08-30-15-16-55-0400__LIDAR_TOP__1535657113648526.pcd.bin,fb2afec3d43d48b9abbe5a3aa41fb87b,fdf7783dc28e42a684796c5822f79403,6b7487db4612438db7d446e2832a9e2e,3d9b4a27209e4624b491f48144be21d6,313.7280659468156,666.5166849318827,0.0,2.730124074109482,-2.4630356241217393,1.1024246304108376,2.6984967206630506,0.5800032173983475,-0.22235104778840778,0.6211631996867149,-0.003293744579959445,-0.003295579460146747
3d9b4a27209e4624b491f48144be21d6,2fc3753772e241f2ab2cd16a784cc680,1535657114148383,datasets/LIDAR_TOP/n008-2018-08-30-15-16-55-0400__LIDAR_TOP__1535657114148383.pcd.bin,77a8aed752ce470f968c33588e81d53b,fdf7783dc28e42a684796c5822f79403,0307afa1ec7e48ce90295acabf8cb6dd,73eb876167f4419a9a6ec1a601abdcaf,312.62432406969265,667.0234585878007,0.0,2.729568608668155,-2.208115275214625,1.01383726929521,2.429740537022035,0.5099865539686633,-0.17722540869814285,0.5399028900802959,-0.0011112486997823753,-0.0012348526287871712
73eb876167f4419a9a6ec1a601abdcaf,2fc3753772e241f2ab2cd16a784cc680,1535657114648261,datasets/LIDAR_TOP/n008-2018-08-30-15-16-55-0400__LIDAR_TOP__1535657114648261.pcd.bin,2a70e30c15d44c9fb68ee8867acae66f,fdf7783dc28e42a684796c5822f79403,3d9b4a27209e4624b491f48144be21d6,348c8122f47349429a6cd694dcac86e6,311.63964439375286,667.4730816994419,0.0,2.726522299947867,-1.9698399928378276,0.8994656929113322,2.1654810389628896,0.4766668714702338,-0.22879897971880708,0.5287346021186692,-0.006094104402049865,-0.007598349553508427
348c8122f47349429a6cd694dcac86e6,2fc3753772e241f2ab2cd16a784cc680,1535657115148131,datasets/LIDAR_TOP/n008-2018-08-30-15-16-55-0400__LIDAR_TOP__1535657115148131.pcd.bin,24d2e56395bc4570902f680fbd784d6f,fdf7783dc28e42a684796c5822f79403,73eb876167f4419a9a6ec1a601abdcaf,7ae00681137b40f5bd7bef3823a82ee2,310.76703424491416,667.8799328164787,0.0,2.714459437008203,-1.7456741729623764,0.8139138516750521,1.926092956244946,0.44844823629233854,-0.17114818099961993,0.47999741717345495,-0.02413200019937977,-0.03382827413758492
7ae00681137b40f5bd7bef3823a82ee2,2fc3753772e241f2ab2cd16a784cc680,1535657115648632,datasets/LIDAR_TOP/n008-2018-08-30-15-16-55-0400__LIDAR_TOP__1535657115648632.pcd.bin,1eb9031d8d494b09bd48a8c88ea9a50e,fdf7783dc28e42a684796c5822f79403,348c8122f47349429a6cd694dcac86e6,8b6d496ed9d84469b75836ca1c56959f,310.0600644011556,668.2242317518952,0.0,2.6992483045000215,-1.4125243381302794,0.6879085864294617,1.571128011682614,0.6656327056930894,-0.2517582687059375,0.7116523903916251,-0.03039181242031809,-0.052228649050040286
8b6d496ed9d84469b75836ca1c56959f,2fc3753772e241f2ab2cd16a784cc680,1535657116148450,datasets/LIDAR_TOP/n008-2018-08-30-15-16-55-0400__LIDAR_TOP__1535657116148450.pcd.bin,1227dd051a7b4d45a1685bad45d810ff,fdf7783dc28e42a684796c5822f79403,7ae00681137b40f5bd7bef3823a82ee2,a9def8f915cf4bfe9c74b864384ec6c7,309.59162945485514,668.4542450642808,0.0,2.6889031257207288,-0.9372110374185733,0.46019413543651594,1.0440992150889497,0.9509727555064167,-0.4555947384706949,1.0544741568372589,-0.020697891591124673,-0.05352394340347788
a9def8f915cf4bfe9c74b864384ec6c7,2fc3753772e241f2ab2cd16a784cc680,1535657116649423,datasets/LIDAR_TOP/n008-2018-08-30-15-16-55-0400__LIDAR_TOP__1535657116649423.pcd.bin,b4d658f986c3487baaec8a3aa0d1eca3,fdf7783dc28e42a684796c5822f79403,8b6d496ed9d84469b75836ca1c56959f,3d22d2c87c5b483a914c7e8125326013,309.31626182989794,668.5916209878569,0.0,2.6814591082481662,-0.5496656006555206,0.2742182184989754,0.6142702205876059,0.7735854761894406,-0.37122942142099585,0.8580476515321344,-0.014859119099357679,-0.06531265919075098
3d22d2c87c5b483a914c7e8125326013,2fc3753772e241f2ab2cd16a784cc680,1535657117149304,datasets/LIDAR_TOP/n008-2018-08-30-15-16-55-0400__LIDAR_TOP__1535657117149304.pcd.bin,852560fcab7e4002b06ae89f2365b712,fdf7783dc28e42a684796c5822f79403,a9def8f915cf4bfe9c74b864384ec6c7,286532245ff646a9915070c8b402e487,309.2029457479566,668.6506857948127,0.0,2.678349739398721,-0.22668611517805354,0.11815773545264342,0.2556322461306762,0.6461127457884318,-0.31219526856658275,0.7175845357765365,-0.00622021811080129,-0.06569824094327398
286532245ff646a9915070c8b402e487,2fc3753772e241f2ab2cd16a784cc680,1535657117649169,datasets/LIDAR_TOP/n008-2018-08-30-15-16-55-0400__LIDAR_TOP__1535657117649169.pcd.bin,bb3daa74855d463c8fe51203da999873,fdf7783dc28e42a684796c5822f79403,3d22d2c87c5b483a914c7e8125326013,73e2b7fb98ef41aface277a968d65941,309.17397450414137,668.6678703086632,0.0,2.6788167428402945,-0.05795813632730674,0.03437830984456258,0.06738704440991178,0.33754709541725625,-0.16760410432432926,0.37686758604447124,0.0009342591331133164,0.03743300632183427
73e2b7fb98ef41aface277a968d65941,2fc3753772e241f2ab2cd16a784cc680,1535657118149616,datasets/LIDAR_TOP/n008-2018-08-30-15-16-55-0400__LIDAR_TOP__1535657118149616.pcd.bin,e9a13da5f8244b2c9b952ffac5ed1cf9,fdf7783dc28e42a684796c5822f79403,286532245ff646a9915070c8b402e487,c537fef0b4b241df92f44daa976fe5b3,309.1844291868738,668.6638311780879,0.0,2.6785964145515595,0.02089068918869666,-0.00807104563575995,0.02239559493367495,0.157556795257047,-0.08482287930654502,0.17893871740214226,-0.00044026298236371134,-0.05307785106412274
c537fef0b4b241df92f44daa976fe5b3,2fc3753772e241f2ab2cd16a784cc680,1535657118649480,datasets/LIDAR_TOP/n008-2018-08-30-15-16-55-0400__LIDAR_TOP__1535657118649480.pcd.bin,afc8deb7688c406f80696cee08b83937,fdf7783dc28e42a684796c5822f79403,73e2b7fb98ef41aface277a968d65941,d68668cb98fe4be5a00f58b5ac8a0a7d,309.1857915044384,668.6640641135908,0.0,2.6784265454365674,0.002725376431587242,0.00046599775726200696,0.0027649286796632617,-0.036340510132975005,0.017078732201202644,0.04015365201728549,-0.0003398306639247087,-0.3318504377148927
d68668cb98fe4be5a00f58b5ac8a0a7d,2fc3753772e241f2ab2cd16a784cc680,1535657119149935,datasets/LIDAR_TOP/n008-2018-08-30-15-16-55-0400__LIDAR_TOP__1535657119149935.pcd.bin,9ec773efd80d4b2c876569d45eb1ab91,fdf7783dc28e42a684796c5822f79403,c537fef0b4b241df92f44daa976fe5b3,00889f8a9549450aa2f32cf310a3e305,309.18609732858295,668.6646602964793,0.0,2.6783432116194343,0.000611092195225313,0.0011912817105309442,0.001338874820478309,-0.004224723973907602,0.0014492490898660964,0.0044663873074541295,-0.00016651610461100832,-0.3357994904177125
00889f8a9549450aa2f32cf310a3e305,2fc3753772e241f2ab2cd16a784cc680,1535657119649820,datasets/LIDAR_TOP/n008-2018-08-30-15-16-55-0400__LIDAR_TOP__1535657119649820.pcd.bin,5933b3acbae44b6a92b36327b134e56c,fdf7783dc28e42a684796c5822f79403,d68668cb98fe4be5a00f58b5ac8a0a7d,dd8d85a47000418e849e4cb2f2a3f45f,309.1864149043895,668.665122053919,0.0,2.6782635250529134,0.000635297731574503,0.0009237273368471363,0.0011211045448941913,4.842220980663555e-5,-0.0005352318506932752,0.0005374177559395542,-0.00015940979729519588,-0.3839128604528583
dd8d85a47000418e849e4cb2f2a3f45f,2fc3753772e241f2ab2cd16a784cc680,1535657120149686,datasets/LIDAR_TOP/n008-2018-08-30-15-16-55-0400__LIDAR_TOP__1535657120149686.pcd.bin,860b9c08366a4f139d3c5c52a03402ed,fdf7783dc28e42a684796c5822f79403,00889f8a9549450aa2f32cf310a3e305,c15f8261acfd4013a735798770fad71a,309.1865925053735,668.6655555999663,0.0,2.6783217186286437,0.00035529718762361974,0.0008673245374711345,0.0009372768773594978,-0.0005601512084256246,-0.00011283583875679042,0.0005714029250963246,0.00011641835157867395,0.3353646684936375
c15f8261acfd4013a735798770fad71a,2fc3753772e241f2ab2cd16a784cc680,1535657120649535,datasets/LIDAR_TOP/n008-2018-08-30-15-16-55-0400__LIDAR_TOP__1535657120649535.pcd.bin,39ce3612455e46619a420fe966ac5c79,fdf7783dc28e42a684796c5822f79403,dd8d85a47000418e849e4cb2f2a3f45f,0373e9d8886648779c8a73304919ab5f,309.1868124703269,668.6658874709506,0.0,2.6781936842647363,0.0004400628058282854,0.0006639424791662872,0.0007965393202566582,0.00016958245030932476,-0.0004068869964826323,0.000440812018165989,-0.0002561460839321541,-0.8682489477028866
0373e9d8886648779c8a73304919ab5f,2fc3753772e241f2ab2cd16a784cc680,1535657121149429,datasets/LIDAR_TOP/n008-2018-08-30-15-16-55-0400__LIDAR_TOP__1535657121149429.pcd.bin,7324c55c48674432aa0127f862bc174a,fdf7783dc28e42a684796c5822f79403,c15f8261acfd4013a735798770fad71a,a5addc41b07842768a2183abdd01cff8,309.18704200715456,668.6661482207468,0.0,2.6781637325404537,0.0004591709995446445,0.0005216101737802659,0.0006949209884684064,3.8224491024815424e-5,-0.00028472497246620536,0.0002872793442974757,-5.991615078906905e-5,-0.23279424541059351
a5addc41b07842768a2183abdd01cff8,2fc3753772e241f2ab2cd16a784cc680,1535657121649287,datasets/LIDAR_TOP/n008-2018-08-30-15-16-55-0400__LIDAR_TOP__1535657121649287.pcd.bin,a4fab4682f06498299859334c2f97afd,fdf7783dc28e42a684796c5822f79403,0373e9d8886648779c8a73304919ab5f,46292fc546f048f29520299220f22798,309.18710587593705,668.6664366832658,0.0,2.6782088599491805,0.00012777385275481684,0.000577088931360088,0.0005910649644041998,-0.000662982580632555,0.00011098903604588121,0.0006722086494122165,9.028045710332295e-5,0.41240345623375263
46292fc546f048f29520299220f22798,2fc3753772e241f2ab2cd16a784cc680,1535657122149177,datasets/LIDAR_TOP/n008-2018-08-30-15-16-55-0400__LIDAR_TOP__1535657122149177.pcd.bin,f650eddb684748a892c5d3a39664f0c4,fdf7783dc28e42a684796c5822f79403,a5addc41b07842768a2183abdd01cff8,9ecb1b79dbe140ca860efc4adebe854b,309.187253618401,668.6666367097907,0.0,2.678212574319499,0.00029554994883544466,0.0004001410808538393,0.0004974561858530987,0.000335626029887831,-0.0003539735751990412,0.0004877931158569773,7.430375319431439e-6,0.04032920673819764
9ecb1b79dbe140ca860efc4adebe854b,2fc3753772e241f2ab2cd16a784cc680,1535657122649085,datasets/LIDAR_TOP/n008-2018-08-30-15-16-55-0400__LIDAR_TOP__1535657122649085.pcd.bin,77a638bad2e740aaa0c7dfb12de3a509,fdf7783dc28e42a684796c5822f79403,46292fc546f048f29520299220f22798,bad8a002637046178fe0f8216e5bc355,309.18730052917635,668.6668477617104,0.0,2.6782739825309685,9.383881710544313e-5,0.0004221815207550779,0.00043248463563786755,-0.0004034965068172574,4.40889921770377e-5,0.0004058981032782932,0.0001228390253198681,0.7668835862214476
bad8a002637046178fe0f8216e5bc355,2fc3753772e241f2ab2cd16a784cc680,1535657123148366,datasets/LIDAR_TOP/n008-2018-08-30-15-16-55-0400__LIDAR_TOP__1535657123148366.pcd.bin,4c7429f1a7cd480b873a8bd8a341c404,fdf7783dc28e42a684796c5822f79403,9ecb1b79dbe140ca860efc4adebe854b,4d8ff5b287bb4e1ba6d0a0f79fc74457,309.187431228529,668.6669831325333,0.0,2.67815489907967,0.0002617751379821224,0.0002711315330078469,0.0003768799955645622,0.00033635632214460255,-0.00030253502085445075,0.00045239696538554124,-0.0002385098798041952,-1.7087048478300284
4d8ff5b287bb4e1ba6d0a0f79fc74457,2fc3753772e241f2ab2cd16a784cc680,1535657123648262,datasets/LIDAR_TOP/n008-2018-08-30-15-16-55-0400__LIDAR_TOP__1535657123648262.pcd.bin,7683e0d810664285b61424bdb526443a,fdf7783dc28e42a684796c5822f79403,bad8a002637046178fe0f8216e5bc355,af8c2d8187aa463eab3cccbd6abc1573,309.1875203501618,668.6671111935166,0.0,2.678209939983979,0.0001782803478214284,0.0002561752509107118,0.0003121051771414496,-0.00016702432138023513,-2.9918787302029005e-5,0.00016968281517629332,0.0001101047103976972,0.9525081281783755
af8c2d8187aa463eab3cccbd6abc1573,2fc3753772e241f2ab2cd16a784cc680,1535657124148113,datasets/LIDAR_TOP/n008-2018-08-30-15-16-55-0400__LIDAR_TOP__1535657124148113.pcd.bin,44e68bcd6ef14da2a07e82e6b98bbe1f,fdf7783dc28e42a684796c5822f79403,4d8ff5b287bb4e1ba6d0a0f79fc74457,73ccc9c10a3547849b8ff130d50bac98,309.1874909442249,668.6672741922116,0.0,2.6783218369311994,-5.882940487680182e-5,0.00032609456624474437,0.0003313586652141553,-0.0004743608649342109,0.00013988031500193575,0.0004945550856134971,0.00022386060490119845,1.824076738245551
73ccc9c10a3547849b8ff130d50bac98,2fc3753772e241f2ab2cd16a784cc680,1535657124648599,datasets/LIDAR_TOP/n008-2018-08-30-15-16-55-0400__LIDAR_TOP__1535657124648599.pcd.bin,d35ea9e76f0d4605bd2e3c898d63ca2e,fdf7783dc28e42a684796c5822f79403,af8c2d8187aa463eab3cccbd6abc1573,e3bcde4a06124931a097ef2a211aaaef,309.1875532937629,668.667370245494,0.0,2.6782177181781415,0.00012457798616568455,0.00019192001852407428,0.0002288077099823747,0.00036645858434099335,-0.00026808851340630926,0.00045405213913999985,-0.00020803529580834572,-2.4548792465332636
e3bcde4a06124931a097ef2a211aaaef,2fc3753772e241f2ab2cd16a784cc680,1535657125148970,datasets/LIDAR_TOP/n008-2018-08-30-15-16-55-0400__LIDAR_TOP__1535657125148970.pcd.bin,b59ea461938c4bdba28921a8ae3d5878,fdf7783dc28e42a684796c5822f79403,73ccc9c10a3547849b8ff130d50bac98,9e6ce5a26025462fbd9bdac2d18c07eb,309.1876360047236,668.6674382209188,0.0,2.67820882786133,0.0001652992692800325,0.00013585004891715797,0.00021396047348822846,8.138218065065313e-5,-0.00011205679307337216,0.0001384910979137074,-1.7767450175202235e-5,-0.22421017625802428
9e6ce5a26025462fbd9bdac2d18c07eb,2fc3753772e241f2ab2cd16a784cc680,1535657125649405,datasets/LIDAR_TOP/n008-2018-08-30-15-16-55-0400__LIDAR_TOP__1535657125649405.pcd.bin,990221dad14647259ac888143bb05f3c,fdf7783dc28e42a684796c5822f79403,e3bcde4a06124931a097ef2a211aaaef,1b90013f0287408f9371729424c93892,309.18765911297487,668.667520751249,0.0,2.678203018901111,4.6176329190112384e-5,0.0001649171823166106,0.00017125983300448415,-0.00023803878643564126,5.808373395036842e-5,0.0002450228234213499,-1.160782163331294e-5,-0.1830033222625198
1b90013f0287408f9371729424c93892,2fc3753772e241f2ab2cd16a784cc680,1535657126149278,datasets/LIDAR_TOP/n008-2018-08-30-15-16-55-0400__LIDAR_TOP__1535657126149278.pcd.bin,5124f159a79e4ff5b0e0a46d7ddf4737,fdf7783dc28e42a684796c5822f79403,9e6ce5a26025462fbd9bdac2d18c07eb,ca0a3858c31e4281866e2b2a7f7c0db0,309.1876757027085,668.6675931535642,0.0,2.678214771074335,3.318789693508708e-5,0.0001448414202293264,0.00014859499829073078,-2.5983464309985342e-5,-4.0161725252782584e-5,4.783413627137294e-5,2.351031806950023e-5,0.42718704880936975
ca0a3858c31e4281866e2b2a7f7c0db0,2fc3753772e241f2ab2cd16a784cc680,1535657126649732,datasets/LIDAR_TOP/n008-2018-08-30-15-16-55-0400__LIDAR_TOP__1535657126649732.pcd.bin,9349841fadd14e98953d33a635571500,fdf7783dc28e42a684796c5822f79403,1b90013f0287408f9371729424c93892,2c3e2cfc699f4ca78cc77dc3161d1763,309.18775856592856,668.667621247301,0.0,2.678184022449943,0.00016557609707672965,5.6136501603286914e-5,0.0001748334943179322,0.0002645362014124027,-0.00017724889525518728,0.00031842828506099715,-6.144145993839081e-5,-0.9488567535691019
2c3e2cfc699f4ca78cc77dc3161d1763,2fc3753772e241f2ab2cd16a784cc680,1535657127150180,datasets/LIDAR_TOP/n008-2018-08-30-15-16-55-0400__LIDAR_TOP__1535657127150180.pcd.bin,b56ff6631cfe4cbeade1d4e09ba145d1,fdf7783dc28e42a684796c5822f79403,ca0a3858c31e4281866e2b2a7f7c0db0,f3e7e088082d4aabb9a3bf504d4ac904,309.1877986108575,668.667661063039,0.0,2.6781230694315643,8.00181616017594e-5,7.956019002520357e-5,0.00011283939924942788,-0.00017096268838115097,4.680543917033669e-5,0.00017725402662404773,-0.00012179690672922805,-2.9143335604082727
f3e7e088082d4aabb9a3bf504d4ac904,2fc3753772e241f2ab2cd16a784cc680,1535657127650049,datasets/LIDAR_TOP/n008-2018-08-30-15-16-55-0400__LIDAR_TOP__1535657127650049.pcd.bin,203f43a3eee74b808bfed5df38847780,fdf7783dc28e42a684796c5822f79403,2c3e2cfc699f4ca78cc77dc3161d1763,8fe9664cec514a58b1184c4fcefda6b5,309.1878391296459,668.667692177347,0.0,2.678142098250196,8.105881422898161e-5,6.224492428620756e-5,0.00010220059668908134,2.0818506993276352e-6,-3.4639607055040443e-5,3.470211058800169e-5,3.806761097702084e-5,1.0056942226144274
8fe9664cec514a58b1184c4fcefda6b5,2fc3753772e241f2ab2cd16a784cc680,1535657128149910,datasets/LIDAR_TOP/n008-2018-08-30-15-16-55-0400__LIDAR_TOP__1535657128149910.pcd.bin,46e855a9aa094a2b9c465ef7524d101a,fdf7783dc28e42a684796c5822f79403,f3e7e088082d4aabb9a3bf504d4ac904,,309.1878607795861,668.6677254778403,0.0,2.678093668689712,4.331192113125473e-5,6.661950687925239e-5,7.946119310024729e-5,-7.551477930410029e-5,8.751598130369911e-6,7.602021022848114e-5,-9.688605529072276e-5,-3.292076787154828
c1676a2feac74eee8aa38ca3901787d6,c5224b9b454b4ded9b5d2d2634bbda8a,1538448744447639,datasets/LIDAR_TOP/n015-2018-10-02-10-50-40+0800__LIDAR_TOP__1538448744447639.pcd.bin,17dcee974ba349e884f676670d0c66e7,921418ec19a946fbafe4a5e058d79bf9,,d6b0de49811b4d1b86a0933719c0c44a,1871.025038542989,2484.322482558051,0.0,2.2977625037833374,NaN,NaN,NaN,NaN,NaN,NaN,NaN,NaN
d6b0de49811b4d1b86a0933719c0c44a,c5224b9b454b4ded9b5d2d2634bbda8a,1538448745047596,datasets/LIDAR_TOP/n015-2018-10-02-10-50-40+0800__LIDAR_TOP__1538448745047596.pcd.bin,7f4f4f15b0924b819dfe777bff607413,921418ec19a946fbafe4a5e058d79bf9,c1676a2feac74eee8aa38ca3901787d6,6d5d0e60cbf4429d8b6cfa055924e5ca,1866.0075205697103,2490.1104548717644,0.0,2.2837077442628995,-8.36312931306527,9.647311913542893,12.767637176245188,NaN,NaN,NaN,-0.0234262780839925,-0.004954005972574255
6d5d0e60cbf4429d8b6cfa055924e5ca,c5224b9b454b4ded9b5d2d2634bbda8a,1538448745547460,datasets/LIDAR_TOP/n015-2018-10-02-10-50-40+0800__LIDAR_TOP__1538448745547460.pcd.bin,919ee06026cb4ec89f98eba125da0594,921418ec19a946fbafe4a5e058d79bf9,d6b0de49811b4d1b86a0933719c0c44a,a51146d2b181450292623ec03ade9f03,1861.8452266544177,2495.02908979658,0.0,2.275283968006683,-8.32685273452898,9.839946315029099,12.890345997884909,0.07257289690053687,0.3853736245983028,0.39214749253382913,-0.016852136293504363,-0.003529832946293893
a51146d2b181450292623ec03ade9f03,c5224b9b454b4ded9b5d2d2634bbda8a,1538448746047898,datasets/LIDAR_TOP/n015-2018-10-02-10-50-40+0800__LIDAR_TOP__1538448746047898.pcd.bin,7a849fdad06c4623a816fc751ce99030,921418ec19a946fbafe4a5e058d79bf9,6d5d0e60cbf4429d8b6cfa055924e5ca,092051710b7b4d9294e98dcb3f0f7be1,1857.6723468061195,2500.000981377934,0.0,2.2753348745062985,-8.338455209832546,9.935080032598847,12.970568628264832,-0.023184640861735686,0.1901009067451876,0.19150948362216993,0.00010172388910365576,2.117520892502406e-5
092051710b7b4d9294e98dcb3f0f7be1,c5224b9b454b4ded9b5d2d2634bbda8a,1538448746548329,datasets/LIDAR_TOP/n015-2018-10-02-10-50-40+0800__LIDAR_TOP__1538448746548329.pcd.bin,6dcab8d0e0164bec8adbfe302e109a0a,921418ec19a946fbafe4a5e058d79bf9,a51146d2b181450292623ec03ade9f03,feaef544d11646ed806b53d9e1f39cd9,1853.5268567252149,2504.9388214980067,0.0,2.274143410900524,-8.283839492167083,9.867174735523792,12.883444182102314,0.10913735892753075,-0.13569362624428896,0.1741370819699281,-0.0023808748973876536,-0.0004989630204535638
feaef544d11646ed806b53d9e1f39cd9,c5224b9b454b4ded9b5d2d2634bbda8a,1538448747047643,datasets/LIDAR_TOP/n015-2018-10-02-10-50-40+0800__LIDAR_TOP__1538448747047643.pcd.bin,49e2ba0672564d2580d880b52f400bf3,921418ec19a946fbafe4a5e058d79bf9,092051710b7b4d9294e98dcb3f0f7be1,dca2cc206bb34bc197ae8ebdaed22f35,1849.483235137069,2509.788657855031,0.0,2.275296347099451,-8.098354118141941,9.712998948606062,12.646172859740966,0.37148041918540525,-0.3087752134282828,0.48305262059722437,0.0023090404012847433,0.0004929878116181711
dca2cc206bb34bc197ae8ebdaed22f35,c5224b9b454b4ded9b5d2d2634bbda8a,1538448747547529,datasets/LIDAR_TOP/n015-2018-10-02-10-50-40+0800__LIDAR_TOP__1538448747547529.pcd.bin,8a1f3dbb35f548b0ab04e5dd166f51d0,921418ec19a946fbafe4a5e058d79bf9,feaef544d11646ed806b53d9e1f39cd9,fe42b85d7f7a4107b650ffa993a4fbff,1845.4742473557535,2514.577152234306,0.0,2.27438708029924,-8.019804077960684,9.579172809950883,12.493110468245172,0.1571359073493903,-0.2677133159463936,0.3104224748846799,-0.001818948320638829,-0.0003931095044911324
fe42b85d7f7a4107b650ffa993a4fbff,c5224b9b454b4ded9b5d2d2634bbda8a,1538448748047387,datasets/LIDAR_TOP/n015-2018-10-02-10-50-40+0800__LIDAR_TOP__1538448748047387.pcd.bin,754d2c3b330740919e344fb015dd9001,921418ec19a946fbafe4a5e058d79bf9,dca2cc206bb34bc197ae8ebdaed22f35,fe2a163b8948451b95fa48e21e1988ce,1841.5444335548439,2519.2495503420305,0.0,2.2780805713933647,-7.86186037016441,9.347450891501882,12.214077396553577,0.3159771531040286,-0.4635754923378253,0.5610203190437792,0.007389080687164446,0.0016334035889582134
fe2a163b8948451b95fa48e21e1988ce,c5224b9b454b4ded9b5d2d2634bbda8a,1538448748547277,datasets/LIDAR_TOP/n015-2018-10-02-10-50-40+0800__LIDAR_TOP__1538448748547277.pcd.bin,f8b82aa361734f89842e5ef49470c535,921418ec19a946fbafe4a5e058d79bf9,fe42b85d7f7a4107b650ffa993a4fbff,3a7aa284dd9d485d8effc20db8cda140,1837.5800419425905,2523.9279537971997,0.0,2.2802359225093305,-7.9305279406537315,9.358865860827873,12.267095973312466,-0.1373653613581411,0.02283496234369641,0.13925041474369373,0.004311650795106452,0.000948998619731504
3a7aa284dd9d485d8effc20db8cda140,c5224b9b454b4ded9b5d2d2634bbda8a,1538448749047731,datasets/LIDAR_TOP/n015-2018-10-02-10-50-40+0800__LIDAR_TOP__1538448749047731.pcd.bin,e3bcd9fa64e940f085e1f5532c3bc3ce,921418ec19a946fbafe4a5e058d79bf9,fe2a163b8948451b95fa48e21e1988ce,f218a2b4fa6941f7ac3798adc72126e8,1833.6928104499395,2528.518701478352,0.0,2.2777667871756773,-7.767410176861263,9.17316612746057,12.01996828854377,0.3259395744513345,-0.3710625419465176,0.493886643096701,-0.0049337907852734265,-0.001108258757465668
f218a2b4fa6941f7ac3798adc72126e8,c5224b9b454b4ded9b5d2d2634bbda8a,1538448749547584,datasets/LIDAR_TOP/n015-2018-10-02-10-50-40+0800__LIDAR_TOP__1538448749547584.pcd.bin,6c94ce43b54c49ebb7c2c667adea1c94,921418ec19a946fbafe4a5e058d79bf9,3a7aa284dd9d485d8effc20db8cda140,17723c0411434e48875a93de4db0ecba,1829.8000442134933,2533.0925919407337,0.0,2.2810761164918683,-7.787822092587776,9.150471163285545,12.015876807620765,-0.040835837189158765,-0.045403276913463735,0.06106572814124262,0.0066206050902785215,0.0014876678606104586
17723c0411434e48875a93de4db0ecba,c5224b9b454b4ded9b5d2d2634bbda8a,1538448750047463,datasets/LIDAR_TOP/n015-2018-10-02-10-50-40+0800__LIDAR_TOP__1538448750047463.pcd.bin,26f69bf5959c4e03bb3cf8dfe0ee79fc,921418ec19a946fbafe4a5e058d79bf9,f218a2b4fa6941f7ac3798adc72126e8,7fd597745c26471ab336b3dd41a5f6dc,1825.949616640181,2537.594288055898,0.0,2.2836490467672323,-7.702719204672221,9.005571578650278,11.850409385511536,0.17024697559920562,-0.28986931764540413,0.3361670031589786,0.005147106150416588,0.0011727178491500615
7fd597745c26471ab336b3dd41a5f6dc,c5224b9b454b4ded9b5d2d2634bbda8a,1538448750547877,datasets/LIDAR_TOP/n015-2018-10-02-10-50-40+0800__LIDAR_TOP__1538448750547877.pcd.bin,2a317368167d4251aa179b49d57718cc,921418ec19a946fbafe4a5e058d79bf9,17723c0411434e48875a93de4db0ecba,19f02e3faab4412988f28d419e1727fa,1822.1436240086034,2542.126209523086,0.0,2.275186559428585,-7.60568775369496,9.056344281311299,11.826405115179565,0.19390235080805152,0.10146139528674494,0.21884363454855568,-0.016910972392154108,-0.0038608203434711127
19f02e3faab4412988f28d419e1727fa,c5224b9b454b4ded9b5d2d2634bbda8a,1538448751048300,datasets/LIDAR_TOP/n015-2018-10-02-10-50-40+0800__LIDAR_TOP__1538448751048300.pcd.bin,424a8bbee64046b4899c7b205d6bb12d,921418ec19a946fbafe4a5e058d79bf9,7fd597745c26471ab336b3dd41a5f6dc,312cd4d3bef1476a9211d3dab50dd0b7,1818.3693410580452,2546.673266111642,0.0,2.267686031848273,-7.542185212426777,9.086426060665055,11.808797412712364,0.12689772705927363,0.0601127033604686,0.1404157050978045,-0.014988374995377357,-0.0034269884623436544
312cd4d3bef1476a9211d3dab50dd0b7,c5224b9b454b4ded9b5d2d2634bbda8a,1538448751548178,datasets/LIDAR_TOP/n015-2018-10-02-10-50-40+0800__LIDAR_TOP__1538448751548178.pcd.bin,bd76601ac48f44ba926105cd14ef68a9,921418ec19a946fbafe4a5e058d79bf9,19f02e3faab4412988f28d419e1727fa,4aaaf68b9f9f45968a4e862eb03e17ea,1814.5555007714975,2551.2936584082036,0.0,2.271872077927231,-7.629542181387663,9.243039894857299,11.985144988505448,-0.1747565785269316,0.31330411458844815,0.3587468884276086,0.008374135446964626,0.0018865158267579697
4aaaf68b9f9f45968a4e862eb03e17ea,c5224b9b454b4ded9b5d2d2634bbda8a,1538448752048628,datasets/LIDAR_TOP/n015-2018-10-02-10-50-40+0800__LIDAR_TOP__1538448752048628.pcd.bin,66735d60c9ab4763b07570827c8b5ba0,921418ec19a946fbafe4a5e058d79bf9,312cd4d3bef1476a9211d3dab50dd0b7,639a4120779f44bb9cf41be3e8612e36,1810.7159675680657,2555.8623642444018,0.0,2.2786524505497967,-7.67216146154812,9.129195396539526,11.924943189812799,-0.0851619145977756,-0.22748426080082548,0.2429025331487031,0.013548551548737539,0.0030676111910404513
639a4120779f44bb9cf41be3e8612e36,c5224b9b454b4ded9b5d2d2634bbda8a,1538448752549040,datasets/LIDAR_TOP/n015-2018-10-02-10-50-40+0800__LIDAR_TOP__1538448752549040.pcd.bin,05632405466449caa51cb5fc7688a3b4,921418ec19a946fbafe4a5e058d79bf9,4aaaf68b9f9f45968a4e862eb03e17ea,b2f333255d574bebb6f170beaab6a824,1806.8285519787742,2560.4385430880034,0.0,2.277887696650076,-7.7684299922694695,9.144822353583868,11.999011643606277,-0.1923785415244834,0.031228182066660462,0.19489664592874828,-0.001528248522658606,-0.0003438842409472064
b2f333255d574bebb6f170beaab6a824,c5224b9b454b4ded9b5d2d2634bbda8a,1538448753048377,datasets/LIDAR_TOP/n015-2018-10-02-10-50-40+0800__LIDAR_TOP__1538448753048377.pcd.bin,f2f5bd610a204e338bdd1517e8be396c,921418ec19a946fbafe4a5e058d79bf9,639a4120779f44bb9cf41be3e8612e36,0106a9b8e65f4ad1867b44591aeed8b0,1803.001412274274,2564.9639987473747,0.0,2.2766232904588897,-7.664442459702102,9.062928762281478,11.869303095307378,0.20825120623420085,-0.16400465277435733,0.2650775189065213,-0.002532170039845627,-0.0005760118393375765
0106a9b8e65f4ad1867b44591aeed8b0,c5224b9b454b4ded9b5d2d2634bbda8a,1538448753547684,datasets/LIDAR_TOP/n015-2018-10-02-10-50-40+0800__LIDAR_TOP__1538448753547684.pcd.bin,a61ad2acf5d641a995e3cb00e3b1e685,921418ec19a946fbafe4a5e058d79bf9,b2f333255d574bebb6f170beaab6a824,4786b3c0d0a24c8b86b0676d32dd5919,1799.1534686532161,2569.563659708754,0.0,2.270755606466967,-7.7065685461204545,9.21208987933158,12.010570290412378,-0.08436910842097575,0.29873628258787155,0.31042150858175244,-0.011751655778754356,-0.0026417955047451243
4786b3c0d0a24c8b86b0676d32dd5919,c5224b9b454b4ded9b5d2d2634bbda8a,1538448754047572,datasets/LIDAR_TOP/n015-2018-10-02-10-50-40+0800__LIDAR_TOP__1538448754047572.pcd.bin,ad881d8f511d41ffae14c7e93963fc61,921418ec19a946fbafe4a5e058d79bf9,0106a9b8e65f4ad1867b44591aeed8b0,4ee219c4638949de9d994bc792fd0a69,1795.292211083406,2574.1977002731574,0.0,2.26796308133184,-7.724245370583111,9.270157644118726,12.066473772058988,-0.03536156991697374,0.11616154976143664,0.12142465264505285,-0.005586301601813383,-0.0012499935449097168
4ee219c4638949de9d994bc792fd0a69,c5224b9b454b4ded9b5d2d2634bbda8a,1538448754547448,datasets/LIDAR_TOP/n015-2018-10-02-10-50-40+0800__LIDAR_TOP__1538448754547448.pcd.bin,f330779d807d451aafaea198e036cba7,921418ec19a946fbafe4a5e058d79bf9,4786b3c0d0a24c8b86b0676d32dd5919,ac9af15d1aba4f5786877dde9f0b1c93,1791.473578944353,2578.803644653475,0.0,2.2658046808112076,-7.639158789485951,9.21417387575689,11.969032844121584,0.17021537560746922,-0.11199531156093877,0.20375530399188033,-0.004317871873489265,-0.000974034762060729
ac9af15d1aba4f5786877dde9f0b1c93,c5224b9b454b4ded9b5d2d2634bbda8a,1538448755047865,datasets/LIDAR_TOP/n015-2018-10-02-10-50-40+0800__LIDAR_TOP__1538448755047865.pcd.bin,5dcd4e529def4dea83dfdbb41f359234,921418ec19a946fbafe4a5e058d79bf9,4ee219c4638949de9d994bc792fd0a69,61d47d1198184bfdaa6777e9448d825d,1787.6198252534386,2583.452539397284,0.0,2.2672605937047203,-7.701084677207899,9.29004159292909,12.066962252525643,-0.12374856913723546,0.1516089924447002,0.1957012901173886,0.0029093993479693283,0.0006509822501411271
61d47d1198184bfdaa6777e9448d825d,c5224b9b454b4ded9b5d2d2634bbda8a,1538448755548316,datasets/LIDAR_TOP/n015-2018-10-02-10-50-40+0800__LIDAR_TOP__1538448755548316.pcd.bin,301d18c2894d42078e3dd3dee71092eb,921418ec19a946fbafe4a5e058d79bf9,ac9af15d1aba4f5786877dde9f0b1c93,f1fd429830e3437db4ba03ba851f0015,1783.7704167772522,2588.0845839732187,0.0,2.268823388937854,-7.691878877625291,9.255740473961971,12.034688711777962,0.01839500686902154,-0.06854041448037484,0.07096594038588461,0.0031227737243683224,0.0007005988486883624
f1fd429830e3437db4ba03ba851f0015,c5224b9b454b4ded9b5d2d2634bbda8a,1538448756050426,datasets/LIDAR_TOP/n015-2018-10-02-10-50-40+0800__LIDAR_TOP__1538448756050426.pcd.bin,0c54d13080a44cf2893e6a395bcc5f5a,921418ec19a946fbafe4a5e058d79bf9,61d47d1198184bfdaa6777e9448d825d,7df1288fed8a403b8e7a35112b392d7c,1779.8978113397282,2592.7389894888465,0.0,2.273369342554243,-7.712663435350907,9.269692927103199,12.058705744390064,-0.04139443095261341,0.027787642431394307,0.04985631339946531,0.009053700616177263,0.002027165450575065
7df1288fed8a403b8e7a35112b392d7c,c5224b9b454b4ded9b5d2d2634bbda8a,1538448756547528,datasets/LIDAR_TOP/n015-2018-10-02-10-50-40+0800__LIDAR_TOP__1538448756547528.pcd.bin,2052f63adeeb4cb58e9a2d26a14b16eb,921418ec19a946fbafe4a5e058d79bf9,f1fd429830e3437db4ba03ba851f0015,264c5f3a04744d53a72fd07c1bb6a724,1776.0721013799093,2597.2376557418534,0.0,2.277979644747319,-7.696026086836953,9.049785060222714,11.879706526909878,0.033468681505916156,-0.44237976688986325,0.44364401359116096,0.009274358568414328,0.0021078608362922443
264c5f3a04744d53a72fd07c1bb6a724,c5224b9b454b4ded9b5d2d2634bbda8a,1538448757048500,datasets/LIDAR_TOP/n015-2018-10-02-10-50-40+0800__LIDAR_TOP__1538448757048500.pcd.bin,9924c2fdbbed44d09bac67e5e1144431,921418ec19a946fbafe4a5e058d79bf9,7df1288fed8a403b8e7a35112b392d7c,bc0040070bcc4233a057bb293f5f6444,1772.2701268039023,2601.7483615323004,0.0,2.2718783304354897,-7.589195755465513,9.003907983773527,11.775663514003634,0.2132461123005678,-0.09157612890378579,0.2320777710085763,-0.012178952739532635,-0.0027924687519844133
bc0040070bcc4233a057bb293f5f6444,c5224b9b454b4ded9b5d2d2634bbda8a,1538448757548354,datasets/LIDAR_TOP/n015-2018-10-02-10-50-40+0800__LIDAR_TOP__1538448757548354.pcd.bin,21f576c4c5a24dd38aea878e2c78f9aa,921418ec19a946fbafe4a5e058d79bf9,264c5f3a04744d53a72fd07c1bb6a724,269ccf1fe399403c914e1f649d2a8ca2,1768.543108239809,2606.2207441789847,0.0,2.266456359334638,-7.456214342774518,8.947377927723513,11.646918223586459,0.26604050921067984,-0.11309313529553237,0.2890806285312999,-0.010847109557694551,-0.0025145875710250176
269ccf1fe399403c914e1f649d2a8ca2,c5224b9b454b4ded9b5d2d2634bbda8a,1538448758048230,datasets/LIDAR_TOP/n015-2018-10-02-10-50-40+0800__LIDAR_TOP__1538448758048230.pcd.bin,d58214c9fe024a10806ea13c2d5c9747,921418ec19a946fbafe4a5e058d79bf9,bc0040070bcc4233a057bb293f5f6444,59b32981037042eda1fed3c1026fbaba,1764.8499812496634,2610.7066216224994,0.0,2.261685766154141,-7.3880862256752255,8.973980434177095,11.623946959230558,0.13629003412704885,0.05321821102349734,0.14631182927874845,-0.00954355316217799,-0.0022167679901032725
59b32981037042eda1fed3c1026fbaba,c5224b9b454b4ded9b5d2d2634bbda8a,1538448758547578,datasets/LIDAR_TOP/n015-2018-10-02-10-50-40+0800__LIDAR_TOP__1538448758547578.pcd.bin,d480d2744ce34815b52dd05eeb5732df,921418ec19a946fbafe4a5e058d79bf9,269ccf1fe399403c914e1f649d2a8ca2,1dba6570f0774b5cb87de6694bb338c0,1761.1707535897149,2615.2073126591295,0.0,2.2554780841155235,-7.368063274406902,9.013135201563012,11.641518911951227,0.04009819057715992,0.07841178373782713,0.08806970373806199,-0.012431574850840364,-0.002883236487535211
1dba6570f0774b5cb87de6694bb338c0,c5224b9b454b4ded9b5d2d2634bbda8a,1538448759047433,datasets/LIDAR_TOP/n015-2018-10-02-10-50-40+0800__LIDAR_TOP__1538448759047433.pcd.bin,6940339abda24bada9c47a85a291af32,921418ec19a946fbafe4a5e058d79bf9,59b32981037042eda1fed3c1026fbaba,3e7ed5cf0b4541e4a0e1b109dfea89cf,1757.5090914255602,2619.752931061649,0.0,2.2496077190895654,-7.3254487084348,9.093874028507711,11.67736030215203,0.0852538555623162,0.1615244959932372,0.18264277345164678,-0.011744135851313219,-0.002715439618036106
3e7ed5cf0b4541e4a0e1b109dfea89cf,c5224b9b454b4ded9b5d2d2634bbda8a,1538448759546758,datasets/LIDAR_TOP/n015-2018-10-02-10-50-40+0800__LIDAR_TOP__1538448759546758.pcd.bin,49ba1c7ea209428aa648affaa00e3347,921418ec19a946fbafe4a5e058d79bf9,1dba6570f0774b5cb87de6694bb338c0,be1494c7762c43ca88010f366997a586,1753.8272297190142,2624.3898598256856,0.0,2.245880868378271,-7.373677878227582,9.286394160189023,11.857834623161835,-0.09658873437697228,0.385560770402666,0.39747514548968044,-0.0074637775222434165,-0.0016994839235398053
be1494c7762c43ca88010f366997a586,c5224b9b454b4ded9b5d2d2634bbda8a,1538448760047738,datasets/LIDAR_TOP/n015-2018-10-02-10-50-40+0800__LIDAR_TOP__1538448760047738.pcd.bin,63175a77138f46f891924cd0746a189d,921418ec19a946fbafe4a5e058d79bf9,3e7ed5cf0b4541e4a0e1b109dfea89cf,b422bd971acf483592e367c2c5057a60,1750.0889988197314,2629.0943357136607,0.0,2.246409301801926,-7.461836598831941,9.390546305192123,11.994222164760217,-0.17597253504004004,0.20789681225418224,0.27237367279872854,0.00105479944040646,0.00023744420021374327
b422bd971acf483592e367c2c5057a60,c5224b9b454b4ded9b5d2d2634bbda8a,1538448760548179,datasets/LIDAR_TOP/n015-2018-10-02-10-50-40+0800__LIDAR_TOP__1538448760548179.pcd.bin,babb4ff9ad2b45f69d49acea58ce4b86,921418ec19a946fbafe4a5e058d79bf9,be1494c7762c43ca88010f366997a586,fa51f1910942494cbe396640010fea64,1746.2973070493244,2633.9157293325834,0.0,2.2428123448776387,-7.5767008906283495,9.634289794246842,12.256669050993311,-0.2295261415359817,0.48705739348838073,0.5384302686514669,-0.007187574407946786,-0.0015833380848186954
fa51f1910942494cbe396640010fea64,c5224b9b454b4ded9b5d2d2634bbda8a,1538448761048087,datasets/LIDAR_TOP/n015-2018-10-02-10-50-40+0800__LIDAR_TOP__1538448761048087.pcd.bin,70cbbf88b7e2495f9a45f392e0fbe605,921418ec19a946fbafe4a5e058d79bf9,b422bd971acf483592e367c2c5057a60,26e594c412e84bdda76e344933fe305a,1742.559213458611,2638.6730041619026,0.0,2.246789276841089,-7.477563053028424,9.51630065795938,12.102641340826965,0.19831216463814386,-0.23602170056782645,0.3082757820238155,0.007955327707198465,0.001774768350523406
26e594c412e84bdda76e344933fe305a,c5224b9b454b4ded9b5d2d2634bbda8a,1538448761548500,datasets/LIDAR_TOP/n015-2018-10-02-10-50-40+0800__LIDAR_TOP__1538448761548500.pcd.bin,5d5fa8f7e1fa4bb89efe64daf8b2434a,921418ec19a946fbafe4a5e058d79bf9,fa51f1910942494cbe396640010fea64,78e778e7e6c84dc59c0436a4d6ff5032,1738.7783945487015,2643.43657786252,0.0,2.246669409433973,-7.55539706184614,9.51928447226111,12.153221861958448,-0.15553954197376094,0.005962703410440319,0.15565379195306556,-0.00023953695670510204,-5.321632324743508e-5
78e778e7e6c84dc59c0436a4d6ff5032,c5224b9b454b4ded9b5d2d2634bbda8a,1538448762048350,datasets/LIDAR_TOP/n015-2018-10-02-10-50-40+0800__LIDAR_TOP__1538448762048350.pcd.bin,7cf393d35396408097fc318d66facc06,921418ec19a946fbafe4a5e058d79bf9,26e594c412e84bdda76e344933fe305a,9966278ad296494598a9e5fba07926e0,1735.0352685275548,2648.1683770212726,0.0,2.245864702826344,-7.488498591871033,9.466438248979568,12.0702553528166,0.13383709107753716,-0.10572416381222652,0.170557807683763,-0.0016098961841138823,-0.00036011828830888597
9966278ad296494598a9e5fba07926e0,c5224b9b454b4ded9b5d2d2634bbda8a,1538448762547686,datasets/LIDAR_TOP/n015-2018-10-02-10-50-40+0800__LIDAR_TOP__1538448762547686.pcd.bin,cc6ad410cc8f4e1797ddf5d8b8cc84a3,921418ec19a946fbafe4a5e058d79bf9,78e778e7e6c84dc59c0436a4d6ff5032,225aa2795d63442ebc496cd0c49d3bdb,1731.3015904600995,2652.922033418502,0.0,2.2402291147160813,-7.477285970679523,9.519955295090693,12.105344039218634,0.02245506270629442,0.10717642251134497,0.10950349484593608,-0.011286164246644637,-0.0025172885105302174
225aa2795d63442ebc496cd0c49d3bdb,c5224b9b454b4ded9b5d2d2634bbda8a,1538448763047541,datasets/LIDAR_TOP/n015-2018-10-02-10-50-40+0800__LIDAR_TOP__1538448763047541.pcd.bin,11882438a76e417d833618f0aefd797a,921418ec19a946fbafe4a5e058d79bf9,9966278ad296494598a9e5fba07926e0,de9432d4fc7a4e5a985e2bc628eb614c,1727.595661957912,2657.6316129640268,0.0,2.239274929042456,-7.414007066424442,9.421891439567025,11.989142549823066,0.1265945209212291,-0.19618460458266437,0.23348355788477246,-0.0019089249354822598,-0.0004298970759904899
de9432d4fc7a4e5a985e2bc628eb614c,c5224b9b454b4ded9b5d2d2634bbda8a,1538448763547987,datasets/LIDAR_TOP/n015-2018-10-02-10-50-40+0800__LIDAR_TOP__1538448763547987.pcd.bin,80bbed0cdcef4a329de253d5fb6b6d2d,921418ec19a946fbafe4a5e058d79bf9,225aa2795d63442ebc496cd0c49d3bdb,63c24b51feb94f14bec29022dae4975d,1723.8842054128522,2662.378052720583,0.0,2.234531144526689,-7.416297752524186,9.484419410998102,12.03975431301706,-0.004577289257471289,0.12494449237495582,0.12502830780180127,-0.00947911366214728,-0.002125758235791119
63c24b51feb94f14bec29022dae4975d,c5224b9b454b4ded9b5d2d2634bbda8a,1538448764047314,datasets/LIDAR_TOP/n015-2018-10-02-10-50-40+0800__LIDAR_TOP__1538448764047314.pcd.bin,be93b3f1e1fb4e6297823e3ca0cc3585,921418ec19a946fbafe4a5e058d79bf9,de9432d4fc7a4e5a985e2bc628eb614c,,1720.2645721643485,2667.0719898325997,0.0,2.2282484461992573,-7.249023682884682,9.400527333824439,11.870899650363633,0.3349990479976125,-0.16801029620602037,0.37476902458786715,-0.01258233247437362,-0.002861813230791495
b5989651183643369174912bc5641d3b,325cef682f064c55a255f2625c533b75,1538984233547259,datasets/LIDAR_TOP/n015-2018-10-08-15-36-50+0800__LIDAR_TOP__1538984233547259.pcd.bin,65e07a70e6b5404a87bf34e49d4c0924,00e93a09857648a8b723b48db4236602,,0bb62a68055249e381b039bf54b0ccf8,715.6860124782239,1810.0473004751316,0.0,-1.2950313667060436,NaN,NaN,NaN,NaN,NaN,NaN,NaN,NaN
0bb62a68055249e381b039bf54b0ccf8,325cef682f064c55a255f2625c533b75,1538984234047134,datasets/LIDAR_TOP/n015-2018-10-08-15-36-50+0800__LIDAR_TOP__1538984234047134.pcd.bin,9ab5069c183c492b82b0ab30133080c1,00e93a09857648a8b723b48db4236602,b5989651183643369174912bc5641d3b,07fad91090c746ccaa1b2bdb55329e20,716.0462082378564,1808.048908564913,0.0,-1.4760040360433202,0.7205716621804671,-3.9977832662535944,4.062203166297174,NaN,NaN,NaN,-0.36203584763646235,-0.24063217633436773
07fad91090c746ccaa1b2bdb55329e20,325cef682f064c55a255f2625c533b75,1538984234547551,datasets/LIDAR_TOP/n015-2018-10-08-15-36-50+0800__LIDAR_TOP__1538984234547551.pcd.bin,4258ba3b8b8142f48c3249d310a8c3d2,00e93a09857648a8b723b48db4236602,0bb62a68055249e381b039bf54b0ccf8,ae5004bf4ebb4db0a84cb3c27bd398d1,716.0570033520877,1805.9828064891144,0.0,-1.6506901524698327,0.021572237216789344,-4.128760765119197,4.128817120799393,-1.3968338904627096,-0.2617367093156362,1.4211442652132706,-0.3490810992162787,-0.22827820664080867
ae5004bf4ebb4db0a84cb3c27bd398d1,325cef682f064c55a255f2625c533b75,1538984234947904,datasets/LIDAR_TOP/n015-2018-10-08-15-36-50+0800__LIDAR_TOP__1538984234947904.pcd.bin,8970a737ebee4443af37102473aaef8b,00e93a09857648a8b723b48db4236602,07fad91090c746ccaa1b2bdb55329e20,ac8b4d49731d43289579f014cb7c97ef,715.8086537730704,1804.3816130551554,0.0,-1.7888857747627231,-0.6203265093986015,-3.999454066683644,4.0472753563076225,-1.6033319261136816,0.32298171472563736,1.6355398048786587,-0.34518443047233416,-0.23027787343967007
ac8b4d49731d43289579f014cb7c97ef,325cef682f064c55a255f2625c533b75,1538984235447825,datasets/LIDAR_TOP/n015-2018-10-08-15-36-50+0800__LIDAR_TOP__1538984235447825.pcd.bin,83f3eb36fc7144ab902e192db3a98c06,00e93a09857648a8b723b48db4236602,ae5004bf4ebb4db0a84cb3c27bd398d1,c1eed31234b94e9f8e22fbf3428b0ac2,715.2077622462376,1802.4418900594176,0.0,-1.9400129876971084,-1.2019729653941542,-3.8800590408041242,4.061969617028694,-1.1634767413162335,0.23882778654931436,1.1877360141091482,-0.3023021896147296,-0.20094092002510516
c1eed31234b94e9f8e22fbf3428b0ac2,325cef682f064c55a255f2625c533b75,1538984235947081,datasets/LIDAR_TOP/n015-2018-10-08-15-36-50+0800__LIDAR_TOP__1538984235947081.pcd.bin,0fc0a764b3ec4c8196ffa35598fbda5f,00e93a09857648a8b723b48db4236602,ac8b4d49731d43289579f014cb7c97ef,edba7d0cf1c64d2a9c8a5ebddab507a9,714.3095473560707,1800.527887031421,0.0,-2.0677651514838638,-1.799106851328715,-3.8337106173919073,4.234869839841759,-1.1960474905350376,0.09283498528253421,1.1996449200107377,-0.2558850845793648,-0.16314308455584106
edba7d0cf1c64d2a9c8a5ebddab507a9,325cef682f064c55a255f2625c533b75,1538984236446970,datasets/LIDAR_TOP/n015-2018-10-08-15-36-50+0800__LIDAR_TOP__1538984236446970.pcd.bin,ef823f39fe034fdc9651a363fc81327b,00e93a09857648a8b723b48db4236602,c1eed31234b94e9f8e22fbf3428b0ac2,a5afebb0aa5e4d7c95665788ce51ec58,713.1824944944533,1798.6536010204552,0.0,-2.1580360216536913,-2.254606245821288,-3.7494043897060374,4.375075153782306,-0.9112010756239348,0.16864989564857386,0.9266769596361456,-0.1805818295058055,-0.11144287184282169
a5afebb0aa5e4d7c95665788ce51ec58,325cef682f064c55a255f2625c533b75,1538984236946289,datasets/LIDAR_TOP/n015-2018-10-08-15-36-50+0800__LIDAR_TOP__1538984236946289.pcd.bin,f8de967b00394c9e88558219feef8426,00e93a09857648a8b723b48db4236602,edba7d0cf1c64d2a9c8a5ebddab507a9,5b7cb170eee6468aa1fdbd3abcf63c5a,711.871388501393,1796.7910228244718,0.0,-2.2053316484548153,-2.625788309798592,-3.7302369747262976,4.561735649452975,-0.7433766068931965,0.03838711320766852,0.7443670802342487,-0.09472026259990904,-0.0560630270301661
5b7cb170eee6468aa1fdbd3abcf63c5a,325cef682f064c55a255f2625c533b75,1538984237446737,datasets/LIDAR_TOP/n015-2018-10-08-15-36-50+0800__LIDAR_TOP__1538984237446737.pcd.bin,cb440b4d1912467fb51d871f0ccf8e8a,00e93a09857648a8b723b48db4236602,a5afebb0aa5e4d7c95665788ce51ec58,d8251bbc2105497ab8ec80827d4429aa,710.4369174164464,1794.8997834692777,0.0,-2.232960046595205,-2.86637389887982,-3.779092643379736,4.743167774328286,-0.48074043473293543,-0.09762386632265188,0.49055253017693706,-0.055207330512639735,-0.031426211231846364
d8251bbc2105497ab8ec80827d4429aa,325cef682f064c55a255f2625c533b75,1538984237947155,datasets/LIDAR_TOP/n015-2018-10-08-15-36-50+0800__LIDAR_TOP__1538984237947155.pcd.bin,13546ea263ff48f49899cb30ac0004e9,00e93a09857648a8b723b48db4236602,5b7cb170eee6468aa1fdbd3abcf63c5a,048a45dd2cf54aa5808d8ccc85731d44,708.9654790859047,1793.068495771667,0.0,-2.2588897802730186,-2.9404184712413883,-3.6595160398123823,4.694477439679697,-0.14796544561060582,0.23895344205714777,0.2810560808196539,-0.05181614905501741,-0.029801741353792214
048a45dd2cf54aa5808d8ccc85731d44,325cef682f064c55a255f2625c533b75,1538984238447571,datasets/LIDAR_TOP/n015-2018-10-08-15-36-50+0800__LIDAR_TOP__1538984238447571.pcd.bin,9b77dad2bdcf4814b042fa47889f19f6,00e93a09857648a8b723b48db4236602,d8251bbc2105497ab8ec80827d4429aa,858a1ece22cf45d9bc71e42336604b78,707.4481435884431,1791.3005239468062,0.0,-2.290303320858403,-3.0321482475811026,-3.533004190235227,4.655753602106626,-0.1833070412211325,0.25281335844008807,0.31227562435611655,-0.0627748524934946,-0.03640486937619379
858a1ece22cf45d9bc71e42336604b78,325cef682f064c55a255f2625c533b75,1538984238948012,datasets/LIDAR_TOP/n015-2018-10-08-15-36-50+0800__LIDAR_TOP__1538984238948012.pcd.bin,2b77a910c5e749f9a620d893361c1976,00e93a09857648a8b723b48db4236602,048a45dd2cf54aa5808d8ccc85731d44,372725a4b00e49c78d6d0b1c4a38b6e0,705.871116199194,1789.5997177285249,0.0,-2.338346528914299,-3.1512753536363136,-3.3986148582575897,4.634772843323061,-0.23804425707568133,0.2685418100787854,0.35885898635411584,-0.09600174257484079,-0.055926086070320624
372725a4b00e49c78d6d0b1c4a38b6e0,325cef682f064c55a255f2625c533b75,1538984239448435,datasets/LIDAR_TOP/n015-2018-10-08-15-36-50+0800__LIDAR_TOP__1538984239448435.pcd.bin,097394612e494d1ebe1750ed54a27763,00e93a09857648a8b723b48db4236602,858a1ece22cf45d9bc71e42336604b78,61a7bd24f88a46c2963280d8b13ac675,704.2331339457438,1788.0377522888532,0.0,-2.413049718580941,-3.273195383605906,-3.121290267776795,4.522859820398721,-0.24363394562118929,0.5541803443902351,0.6053704267367446,-0.1492800883785156,-0.08911535060276532
61a7bd24f88a46c2963280d8b13ac675,325cef682f064c55a255f2625c533b75,1538984239948316,datasets/LIDAR_TOP/n015-2018-10-08-15-36-50+0800__LIDAR_TOP__1538984239948316.pcd.bin,20601ccb0ab0445db56bad84060c1323,00e93a09857648a8b723b48db4236602,372725a4b00e49c78d6d0b1c4a38b6e0,609d5177362340458a3bfd4949cd1e64,702.553089089722,1786.6938654282192,0.0,-2.5135369702297896,-3.3608896037693428,-2.6884135636962183,4.303852508879765,-0.17543019271273913,0.8659595065237061,0.8835505754929989,-0.20102234661619192,-0.12611034758832648
609d5177362340458a3bfd4949cd1e64,325cef682f064c55a255f2625c533b75,1538984240448191,datasets/LIDAR_TOP/n015-2018-10-08-15-36-50+0800__LIDAR_TOP__1538984240448191.pcd.bin,746857c6bd46430fa4b5b82186e716e0,00e93a09857648a8b723b48db4236602,61a7bd24f88a46c2963280d8b13ac675,b1303058fa624645b753d7283d70de45,700.7567181092842,1785.6000070126443,0.0,-2.6630775358427057,-3.59364037096837,-2.188263897124109,4.2074636064154465,-0.4656179388827751,1.000549470511847,1.103584753406362,-0.2991559202058836,-0.19197337401190848
b1303058fa624645b753d7283d70de45,325cef682f064c55a255f2625c533b75,1538984240947518,datasets/LIDAR_TOP/n015-2018-10-08-15-36-50+0800__LIDAR_TOP__1538984240947518.pcd.bin,ef4fbe4064a74ce6b0a52cb3dd2e0bf0,00e93a09857648a8b723b48db4236602,609d5177362340458a3bfd4949cd1e64,a19a80c905674faab7203a3a4e0f5246,698.884285628757,1784.8536030844143,0.0,-2.848948652327033,-3.7499123430681878,-1.4948198840237723,4.036871197644035,-0.31296519535258016,1.388757293517748,1.4235849232837565,-0.3722432724133227,-0.24896926017915416
a19a80c905674faab7203a3a4e0f5246,325cef682f064c55a255f2625c533b75,1538984241447959,datasets/LIDAR_TOP/n015-2018-10-08-15-36-50+0800__LIDAR_TOP__1538984241447959.pcd.bin,63d7813869b34ee9aa65064e93775e58,00e93a09857648a8b723b48db4236602,b1303058fa624645b753d7283d70de45,b6c420c3a5bd4a219b1cb82ee5ea0aa7,696.9786896115409,1784.493168150669,0.0,-3.045028135489111,-3.807833525262942,-0.7202346205554891,3.875349540978609,-0.11574028146125973,1.5478053626067472,1.552126687247834,-0.3918133869168953,-0.2729808326937332
b6c420c3a5bd4a219b1cb82ee5ea0aa7,325cef682f064c55a255f2625c533b75,1538984241947812,datasets/LIDAR_TOP/n015-2018-10-08-15-36-50+0800__LIDAR_TOP__1538984241947812.pcd.bin,3d5a6fe339f3490297e4b9d1f3949618,00e93a09857648a8b723b48db4236602,a19a80c905674faab7203a3a4e0f5246,8092909473464f80b9f791a4d31ddcb8,695.031887732036,1784.5376789769668,0.0,2.9972463485548264,-3.8947488151613507,0.08904783265867657,3.895766657501698,-0.17388170101691636,1.6190409044542409,1.6283514044101606,-0.4819633434942852,-0.33402950993709585
8092909473464f80b9f791a4d31ddcb8,325cef682f064c55a255f2625c533b75,1538984242447730,datasets/LIDAR_TOP/n015-2018-10-08-15-36-50+0800__LIDAR_TOP__1538984242447730.pcd.bin,306e66375cf94c7881864ba03782d2d2,00e93a09857648a8b723b48db4236602,b6c420c3a5bd4a219b1cb82ee5ea0aa7,e174cb43655f49dab7ffa27b973670e3,693.0430360875839,1785.1107470067323,0.0,2.7401411817910684,-3.978355739245431,1.1463240566761128,4.140214152782612,-0.16724127573738182,2.1148992915186815,2.121501510151828,-0.5142946778546843,-0.3353922234371334
e174cb43655f49dab7ffa27b973670e3,325cef682f064c55a255f2625c533b75,1538984242947023,datasets/LIDAR_TOP/n015-2018-10-08-15-36-50+0800__LIDAR_TOP__1538984242947023.pcd.bin,49cd09e4a07145258972fc4e6b18e42d,00e93a09857648a8b723b48db4236602,8092909473464f80b9f791a4d31ddcb8,6ff9723a60bf4e14b328b3b19f04dc32,691.1344013367822,1786.1973865609737,0.0,2.5242755669100876,-3.8226747637194043,2.1763564765406307,4.3987918639278165,0.311802840268193,2.062981896130164,2.0864120673922777,-0.43234256214483435,-0.2653739831074236
6ff9723a60bf4e14b328b3b19f04dc32,325cef682f064c55a255f2625c533b75,1538984243446332,datasets/LIDAR_TOP/n015-2018-10-08-15-36-50+0800__LIDAR_TOP__1538984243446332.pcd.bin,60448167db014ef49dcfb65d89d69b3f,00e93a09857648a8b723b48db4236602,e174cb43655f49dab7ffa27b973670e3,06be0e3b665c44fa8d17d9f4770bdf9c,689.3402121435973,1787.6525568172692,0.0,2.4135405167697956,-3.593344388314291,2.914368169401232,4.626625738035107,0.4592954971873394,1.4780660730341353,1.5477828239100972,-0.2217765955356141,-0.1294240861160433
06be0e3b665c44fa8d17d9f4770bdf9c,325cef682f064c55a255f2625c533b75,1538984243946219,datasets/LIDAR_TOP/n015-2018-10-08-15-36-50+0800__LIDAR_TOP__1538984243946219.pcd.bin,f0bb168a6bc34e0bba79dd122b6394b0,00e93a09857648a8b723b48db4236602,6ff9723a60bf4e14b328b3b19f04dc32,9150678870764c1b87a649a25939c61b,687.5509115546441,1789.3279629521714,0.0,2.3847941617523656,-3.5794101245945793,3.351569724562215,4.903590160143099,0.027874827150359455,0.8746007700960083,0.8750448634448369,-0.057505706324489446,-0.03166361828892945
9150678870764c1b87a649a25939c61b,325cef682f064c55a255f2625c533b75,1538984244446640,datasets/LIDAR_TOP/n015-2018-10-08-15-36-50+0800__LIDAR_TOP__1538984244446640.pcd.bin,a82ac06abf0d4d5ea70af9e19e82305e,00e93a09857648a8b723b48db4236602,06be0e3b665c44fa8d17d9f4770bdf9c,8573a885a7cb41d185c05029eeb9a54e,685.6856305048951,1791.0941331305528,0.0,2.3852471838268086,-3.7274236088193757,3.5293686283775942,5.133237737973959,-0.29577792343805803,0.3552986461706825,0.46230045204828596,0.0009052819015248699,0.00047616363373068245
8573a885a7cb41d185c05029eeb9a54e,325cef682f064c55a255f2625c533b75,1538984244946513,datasets/LIDAR_TOP/n015-2018-10-08-15-36-50+0800__LIDAR_TOP__1538984244946513.pcd.bin,2a572213c61c4d40a1955c2aecee6104,00e93a09857648a8b723b48db4236602,9150678870764c1b87a649a25939c61b,55c258972acb4300a3a6077a531ab050,683.7998853640001,1792.8990188587436,0.0,2.385178436436766,-3.7724484837048267,3.610688571278727,5.221919141557983,-0.09007262821846934,0.16268120682880025,0.18595228799199404,-0.00013752971263196538,-7.110991458123545e-5
55c258972acb4300a3a6077a531ab050,325cef682f064c55a255f2625c533b75,1538984245447134,datasets/LIDAR_TOP/n015-2018-10-08-15-36-50+0800__LIDAR_TOP__1538984245447134.pcd.bin,4734352144ac49a7b02960b99573fc14,00e93a09857648a8b723b48db4236602,8573a885a7cb41d185c05029eeb9a54e,44237858a539457da65822bfcf58c414,681.8289896189303,1794.7641144322467,0.0,2.3887085782913906,-3.936901858031946,3.7255639965225997,5.420241999390879,-0.3284987532027612,0.22946585389720492,0.4007068865898638,0.007051525714311874,0.003512595827046404
44237858a539457da65822bfcf58c414,325cef682f064c55a255f2625c533b75,1538984245947391,datasets/LIDAR_TOP/n015-2018-10-08-15-36-50+0800__LIDAR_TOP__1538984245947391.pcd.bin,0ab9ec2730894df2b48df70d0d2e84a9,00e93a09857648a8b723b48db4236602,55c258972acb4300a3a6077a531ab050,8cd36e9531fb4eba8e6ac1d666c4641c,679.787982943174,1796.6884876041354,0.0,2.391335732285162,-4.0799162745474975,3.8467691044576022,5.607436968020869,-0.2858818897397765,0.24228568102995562,0.3747409853663396,0.0052516086606913,0.002528667458008195
8cd36e9531fb4eba8e6ac1d666c4641c,325cef682f064c55a255f2625c533b75,1538984246447815,datasets/LIDAR_TOP/n015-2018-10-08-15-36-50+0800__LIDAR_TOP__1538984246447815.pcd.bin,cb708f56b6104d638f93e3906cba5b82,00e93a09857648a8b723b48db4236602,44237858a539457da65822bfcf58c414,7bebe3c9be714f02837f8617c56df122,677.7124882221995,1798.651751633201,0.0,2.3811923663639973,-4.14747238536636,3.923201183527594,5.709030978529443,-0.13499774355119312,0.15273463916597116,0.20384371652094924,-0.02026954326963678,-0.00958617443728013
7bebe3c9be714f02837f8617c56df122,325cef682f064c55a255f2625c533b75,1538984246948247,datasets/LIDAR_TOP/n015-2018-10-08-15-36-50+0800__LIDAR_TOP__1538984246948247.pcd.bin,fd6002d736cb405796fc4fbdd5af6f7f,00e93a09857648a8b723b48db4236602,8cd36e9531fb4eba8e6ac1d666c4641c,4b894442c95141f9affd731d9da7b43c,675.6390425863514,1800.6705688736756,0.0,2.370160373162947,-4.143311450602856,4.03414897623377,5.7828529065803425,0.008314685638615545,0.22170403312772996,0.22185989340656095,-0.02204493957430841,-0.010292728833358883
4b894442c95141f9affd731d9da7b43c,325cef682f064c55a255f2625c533b75,1538984247449248,datasets/LIDAR_TOP/n015-2018-10-08-15-36-50+0800__LIDAR_TOP__1538984247449248.pcd.bin,7f769bb638214009813b92df0cfb501a,00e93a09857648a8b723b48db4236602,7bebe3c9be714f02837f8617c56df122,e00dc15130dc44e796687baadd076ae4,673.4555321379873,1802.8288751995765,0.0,2.3641996622273265,-4.35829558895894,4.307988059706202,6.128091184317525,-0.42910920009358106,0.5465839059651205,0.694901915283762,-0.011897602870294791,-0.005242012036636084
e00dc15130dc44e796687baadd076ae4,325cef682f064c55a255f2625c533b75,1538984247949081,datasets/LIDAR_TOP/n015-2018-10-08-15-36-50+0800__LIDAR_TOP__1538984247949081.pcd.bin,f76469bb5b5747dbaedb1c59990b5579,00e93a09857648a8b723b48db4236602,4b894442c95141f9affd731d9da7b43c,e63b83b436a0479db7362338cdfab118,671.3094255874967,1804.9841514275513,0.0,2.3590303987357073,-4.293647179139203,4.311992661498559,6.085120114816754,0.12934001920588936,0.008011879552485326,0.12958792683789397,-0.010341981204960795,-0.004588791794824748
e63b83b436a0479db7362338cdfab118,325cef682f064c55a255f2625c533b75,1538984248448966,datasets/LIDAR_TOP/n015-2018-10-08-15-36-50+0800__LIDAR_TOP__1538984248448966.pcd.bin,770820077d44452a8428299e33808c0f,00e93a09857648a8b723b48db4236602,e00dc15130dc44e796687baadd076ae4,c567f9b8e9f34817acdc9c49d791c557,669.1911883845346,1807.1113477745082,0.0,2.3551498181297124,-4.237449019198543,4.2553714293425635,6.0053443025335085,0.1124221769820259,-0.1132685160706874,0.15958854160068486,-0.007762946689728524,-0.0034902172142610576
c567f9b8e9f34817acdc9c49d791c557,325cef682f064c55a255f2625c533b75,1538984248948287,datasets/LIDAR_TOP/n015-2018-10-08-15-36-50+0800__LIDAR_TOP__1538984248948287.pcd.bin,8a7007fd59cf4f39a3855b0e82136105,00e93a09857648a8b723b48db4236602,e63b83b436a0479db7362338cdfab118,8e352d4a6c6f40c8ad4f10a3d2c3f158,667.0860644844829,1809.2402669566923,0.0,2.3535500030047696,-4.21597309156173,4.263628371696891,5.996078385137343,0.04301026321106718,0.016536341059813785,0.04607964102650716,-0.0032039812564317997,-0.0014427345402636376
8e352d4a6c6f40c8ad4f10a3d2c3f158,325cef682f064c55a255f2625c533b75,1538984249448168,datasets/LIDAR_TOP/n015-2018-10-08-15-36-50+0800__LIDAR_TOP__1538984249448168.pcd.bin,15f4465f9fe44b80ab54908983b1cf68,00e93a09857648a8b723b48db4236602,c567f9b8e9f34817acdc9c49d791c557,841dd6709e9b4d7c9d6bf888f1fe6d7e,665.0621488251711,1811.2863781683113,0.0,2.362946905553898,-4.048794931817366,4.0931966040298855,5.757343036431977,0.33443591523655297,-0.34094468016789053,0.47758837541851457,0.018798279088680116,0.008815759842389234
841dd6709e9b4d7c9d6bf888f1fe6d7e,325cef682f064c55a255f2625c533b75,1538984249948039,datasets/LIDAR_TOP/n015-2018-10-08-15-36-50+0800__LIDAR_TOP__1538984249948039.pcd.bin,f94199c2a589484d8e32dd6bf4931d4f,00e93a09857648a8b723b48db4236602,8e352d4a6c6f40c8ad4f10a3d2c3f158,e54b784a608644a2804fcf800c7499f7,663.1313953987776,1813.167064510506,0.0,2.3957567301152003,-3.862503378658682,3.7623433689784402,5.392045991666408,0.37267925756582077,-0.6618772344293733,0.7595862705945171,0.0656365833611116,0.0328667031677584
e54b784a608644a2804fcf800c7499f7,325cef682f064c55a255f2625c533b75,1538984250447364,datasets/LIDAR_TOP/n015-2018-10-08-15-36-50+0800__LIDAR_TOP__1538984250447364.pcd.bin,a07f902656eb4f0fb2e5a77f803fb37c,00e93a09857648a8b723b48db4236602,841dd6709e9b4d7c9d6bf888f1fe6d7e,a1289b27ca1d41deb6fc982be9a3d03c,661.2948354163689,1814.7730577378575,0.0,2.460848412682763,-3.6780853800805966,3.2163284981755744,4.8860087056143255,0.36933459886463804,-1.093505974671538,1.1541938149898627,0.13035935025797366,0.07203635255338235
a1289b27ca1d41deb6fc982be9a3d03c,325cef682f064c55a255f2625c533b75,1538984250947236,datasets/LIDAR_TOP/n015-2018-10-08-15-36-50+0800__LIDAR_TOP__1538984250947236.pcd.bin,bec365d878c4413d85d5fbb3eb3b3f46,00e93a09857648a8b723b48db4236602,e54b784a608644a2804fcf800c7499f7,e6e877f31dd447199b56cae07f86daad,659.4622387860842,1816.1186857731398,0.0,2.5663300106840996,-3.6661317903076864,2.6919452085379634,4.548306422139469,0.02391330135096618,-1.049035132269083,1.0493076549403013,0.2110172164100742,0.12526563327701182
e6e877f31dd447199b56cae07f86daad,325cef682f064c55a255f2625c533b75,1538984251447166,datasets/LIDAR_TOP/n015-2018-10-08-15-36-50+0800__LIDAR_TOP__1538984251447166.pcd.bin,7ac804cee1cd4d48ac2ea0ac97726bc9,00e93a09857648a8b723b48db4236602,a1289b27ca1d41deb6fc982be9a3d03c,cb4e6195faad467094fbd4d0a9e960e9,657.6926834505499,1817.1171388349185,0.0,2.7045773435850022,-3.5396062159387878,1.9971857295595756,4.06418048347621,0.2530865808591176,-1.3897135178492743,1.412570875780739,0.27653338047507176,0.18371234503937955
cb4e6195faad467094fbd4d0a9e960e9,325cef682f064c55a255f2625c533b75,1538984251947010,datasets/LIDAR_TOP/n015-2018-10-08-15-36-50+0800__LIDAR_TOP__1538984251947010.pcd.bin,54259afa6c644e1d99422df9da1c8f35,00e93a09857648a8b723b48db4236602,e6e877f31dd447199b56cae07f86daad,7f594234e8034228b1a7d727f1981e09,655.8482943880199,1817.80698454803,0.0,2.888466876433259,-3.68992938302753,1.380122024294542,3.939583182733015,-0.3007401651089983,-1.234512578454545,1.2706163674659148,0.36789384857726976,0.2521366715931443
7f594234e8034228b1a7d727f1981e09,325cef682f064c55a255f2625c533b75,1538984252446890,datasets/LIDAR_TOP/n015-2018-10-08-15-36-50+0800__LIDAR_TOP__1538984252446890.pcd.bin,fa8abe51b4104eb68fc7f85ab1c475bb,00e93a09857648a8b723b48db4236602,cb4e6195faad467094fbd4d0a9e960e9,9cdbf5ff7f294549aea0a4307e5d104a,653.9859734300842,1818.109453753626,0.0,3.100236895890307,-3.7255360445221015,0.605083631263555,3.77435358967022,-0.07123041828953267,-1.550448893796485,1.5520842582683603,0.42364171292519803,0.3030539131332356
9cdbf5ff7f294549aea0a4307e5d104a,325cef682f064c55a255f2625c533b75,1538984252947312,datasets/LIDAR_TOP/n015-2018-10-08-15-36-50+0800__LIDAR_TOP__1538984252947312.pcd.bin,bc84a61f13f744cd8f5aa8e888ce879b,00e93a09857648a8b723b48db4236602,7f594234e8034228b1a7d727f1981e09,b4ff30109dd14c89b24789dc5713cf8c,652.1785210109658,1818.008889634103,0.0,-2.9718619308675756,-3.6118564314086163,-0.20095862996214103,3.6174426397752386,0.22716749685962082,-1.610725070491897,1.6266654002408094,0.4218169473398533,0.31483726799006473
b4ff30109dd14c89b24789dc5713cf8c,325cef682f064c55a255f2625c533b75,1538984253447765,datasets/LIDAR_TOP/n015-2018-10-08-15-36-50+0800__LIDAR_TOP__1538984253447765.pcd.bin,76c090ac27774e66a592f40998d5537c,00e93a09857648a8b723b48db4236602,9cdbf5ff7f294549aea0a4307e5d104a,,650.486841739074,1817.543033825678,0.0,-2.7694845423521763,-3.3802959956117182,-0.9308682502152573,3.50612559917745,0.4627016638863152,-1.4584978414618681,1.530133583486126,0.40438840113936614,0.31141174273176075
5998b71b64c146769bde1d5430741381,d25718445d89453381c659b9c8734939,1542800367947576,datasets/LIDAR_TOP/n015-2018-11-21-19-38-26+0800__LIDAR_TOP__1542800367947576.pcd.bin,5e8bbadecb8640c69a12857c6992f44c,3483259a64104da79b354a726981e8a6,,30aaef2c5ab44dc4afea271fe829b459,608.8587510330312,2011.0522203242867,0.0,-1.557497461523457,NaN,NaN,NaN,NaN,NaN,NaN,NaN,NaN
30aaef2c5ab44dc4afea271fe829b459,d25718445d89453381c659b9c8734939,1542800368447460,datasets/LIDAR_TOP/n015-2018-11-21-19-38-26+0800__LIDAR_TOP__1542800368447460.pcd.bin,77a132cf54f84881bdc8800e82068d4a,3483259a64104da79b354a726981e8a6,5998b71b64c146769bde1d5430741381,e8b1863300964b2481fee312496d06d8,609.2274711701275,2007.957510525277,0.0,-1.3204140068361974,0.737611400037331,-6.19085587658278,6.23464249673424,NaN,NaN,NaN,0.47427694162497613,0.20539232891993367
e8b1863300964b2481fee312496d06d8,d25718445d89453381c659b9c8734939,1542800368948430,datasets/LIDAR_TOP/n015-2018-11-21-19-38-26+0800__LIDAR_TOP__1542800368948430.pcd.bin,6e9f7877390a4533a6bbf711516173a1,3483259a64104da79b354a726981e8a6,30aaef2c5ab44dc4afea271fe829b459,f0c059b6d7b8438ea9f08de0a3c1fc1a,610.3844629877722,2004.811594268448,0.0,-1.0985538461527038,2.309503199083111,-6.2796499926721525,6.690875059141554,3.1376964669456853,-0.17724437808526022,3.1426986314704544,0.4428611706958372,0.17870983246729064
f0c059b6d7b8438ea9f08de0a3c1fc1a,d25718445d89453381c659b9c8734939,1542800369448339,datasets/LIDAR_TOP/n015-2018-11-21-19-38-26+0800__LIDAR_TOP__1542800369448339.pcd.bin,560181e1085341a3a6edfd87710dc312,3483259a64104da79b354a726981e8a6,e8b1863300964b2481fee312496d06d8,a63038dfb41843eb8a14485d90c2fa35,612.2356411804708,2001.769059080775,0.0,-0.9175233053215088,3.7030303369185713,-6.086178059753152,7.1241839568584915,2.7875616118842834,0.3870143024410452,2.814299168593281,0.36212698877434685,0.13724278817217486
a63038dfb41843eb8a14485d90c2fa35,d25718445d89453381c659b9c8734939,1542800369949334,datasets/LIDAR_TOP/n015-2018-11-21-19-38-26+0800__LIDAR_TOP__1542800369949334.pcd.bin,8aa1a7754d6847d691685d29ee05ca33,3483259a64104da79b354a726981e8a6,f0c059b6d7b8438ea9f08de0a3c1fc1a,7220a2aaebf347cda4efedc88dcae96e,614.7846361130589,1998.7767767599157,0.0,-0.7931504703431834,5.0878650137988,-5.972679010487537,7.845971256699597,2.7641686581307776,0.2265472694649941,2.7734368635133104,0.248251649174793,0.08542976144599002
7220a2aaebf347cda4efedc88dcae96e,d25718445d89453381c659b9c8734939,1542800370450291,datasets/LIDAR_TOP/n015-2018-11-21-19-38-26+0800__LIDAR_TOP__1542800370450291.pcd.bin,3fae29536ac04b02a45fe07a4a994bdf,3483259a64104da79b354a726981e8a6,a63038dfb41843eb8a14485d90c2fa35,4cd162f9083b47d0acd83129a6539c01,617.8300570078711,1995.7315900462743,0.0,-0.7562328153007274,6.079206188978687,-6.078738721370182,8.596965297754897,1.9788947458162813,-0.2117142007849864,1.9901877594421362,0.07369425927266418,0.023144736909448224
4cd162f9083b47d0acd83129a6539c01,d25718445d89453381c659b9c8734939,1542800370949037,datasets/LIDAR_TOP/n015-2018-11-21-19-38-26+0800__LIDAR_TOP__1542800370949037.pcd.bin,41e8be1595df455aa74ae631ec869fc9,3483259a64104da79b354a726981e8a6,7220a2aaebf347cda4efedc88dcae96e,c0f7a7d51fbe46f9be8ca098da06b7fb,621.237698912269,1992.4930315409804,0.0,-0.7462489840837548,6.832419516944308,-6.49340246396742,9.425827921969487,1.5102142733287496,-0.8314126681662367,1.7239472660592563,0.020017867244995546,0.005734057741019616
c0f7a7d51fbe46f9be8ca098da06b7fb,d25718445d89453381c659b9c8734939,1542800371448359,datasets/LIDAR_TOP/n015-2018-11-21-19-38-26+0800__LIDAR_TOP__1542800371448359.pcd.bin,e6eca216565a4620916ef5103cefe401,3483259a64104da79b354a726981e8a6,4cd162f9083b47d0acd83129a6539c01,1ddf7a48af3d43be8763f154974f09ce,624.9401616919815,1989.0178491069098,0.0,-0.7402335505156874,7.414980272674757,-6.959802360141502,10.169600844496653,1.1667035614902803,-0.9340663863680801,1.494549167654523,0.0120472031435976,0.00319849805170239
1ddf7a48af3d43be8763f154974f09ce,d25718445d89453381c659b9c8734939,1542800371948272,datasets/LIDAR_TOP/n015-2018-11-21-19-38-26+0800__LIDAR_TOP__1542800371948272.pcd.bin,3d7b552d1e3741509d844bf4b6791962,3483259a64104da79b354a726981e8a6,c0f7a7d51fbe46f9be8ca098da06b7fb,3be9d2705879419f8f3afc08949dca57,628.8047144042123,1985.4469987858727,0.0,-0.7382599952993045,7.7304505228524985,-7.142943514245762,10.52527944208495,0.6310503031082231,-0.3663460524216414,0.7296806939873771,0.0039477973495045575,0.0010127097244603757
3be9d2705879419f8f3afc08949dca57,d25718445d89453381c659b9c8734939,1542800372397808,datasets/LIDAR_TOP/n015-2018-11-21-19-38-26+0800__LIDAR_TOP__1542800372397808.pcd.bin,6e5a2f9bc359433a9bc821d8558c85d3,3483259a64104da79b354a726981e8a6,1ddf7a48af3d43be8763f154974f09ce,ed2e7d24f2ad41abb3d37cd9a0ca8e89,632.4675046239691,1982.0783681353503,0.0,-0.7370165106126871,8.147935248248988,-7.493572596015428,11.069890652640236,0.928701428576331,-0.7799799832931408,1.212788158656608,0.0027661515131544327,0.0006746777651083356
ed2e7d24f2ad41abb3d37cd9a0ca8e89,d25718445d89453381c659b9c8734939,1542800372948008,datasets/LIDAR_TOP/n015-2018-11-21-19-38-26+0800__LIDAR_TOP__1542800372948008.pcd.bin,0af1568c817a44048cfc67879f893f35,3483259a64104da79b354a726981e8a6,3be9d2705879419f8f3afc08949dca57,ca6000b81f2b4b598502b1e93e334a1d,637.0698563877736,1977.8234202155522,0.0,-0.7393785788652817,8.364870526725644,-7.733456778985899,11.39198896950512,0.39428440290195615,-0.4359945164857718,0.5878362091411298,-0.004293108419837425,-0.0010175038585965722
ca6000b81f2b4b598502b1e93e334a1d,d25718445d89453381c659b9c8734939,1542800373447883,datasets/LIDAR_TOP/n015-2018-11-21-19-38-26+0800__LIDAR_TOP__1542800373447883.pcd.bin,86e42829043946a4bdbafa460919177b,3483259a64104da79b354a726981e8a6,ed2e7d24f2ad41abb3d37cd9a0ca8e89,385d542a35384181bc1e69cfd2df0664,641.3493214543371,1973.8768504055784,0.0,-0.7404921682797069,8.561070400727159,-7.895113398297334,11.64580362096926,0.39249787247114726,-0.3233940871446558,0.5085649570059878,-0.0022277357627910714,-0.000516485315681056
385d542a35384181bc1e69cfd2df0664,d25718445d89453381c659b9c8734939,1542800373947765,datasets/LIDAR_TOP/n015-2018-11-21-19-38-26+0800__LIDAR_TOP__1542800373947765.pcd.bin,80394e6e6f4d448184d03965a87fa413,3483259a64104da79b354a726981e8a6,ca6000b81f2b4b598502b1e93e334a1d,8c8755ebb0bf4c519416323acad6cea1,645.8213135508609,1969.6823670114281,0.0,-0.7451520183988999,8.94609547157882,-8.390947051804648,12.265423621416106,0.7702319164356011,-0.991901395744024,1.2558366071965739,-0.009321900206834833,-0.0020520392393547143
8c8755ebb0bf4c519416323acad6cea1,d25718445d89453381c659b9c8734939,1542800374447637,datasets/LIDAR_TOP/n015-2018-11-21-19-38-26+0800__LIDAR_TOP__1542800374447637.pcd.bin,c7f57453fbdc4fd08bb36f65f17f469a,3483259a64104da79b354a726981e8a6,385d542a35384181bc1e69cfd2df0664,384e26fb47f94faea344766bb26f987a,650.3164829601587,1965.502417034298,0.0,-0.7433716551133505,8.992640934675052,-8.362040636663059,12.279711502685954,0.09311476357193771,0.05782763415752362,0.10961019326373916,0.0035616383505165813,0.000783114777923843
384e26fb47f94faea344766bb26f987a,d25718445d89453381c659b9c8734939,1542800374947539,datasets/LIDAR_TOP/n015-2018-11-21-19-38-26+0800__LIDAR_TOP__1542800374947539.pcd.bin,c781207aebcb4b95ba9cc12ba30c44cb,3483259a64104da79b354a726981e8a6,8c8755ebb0bf4c519416323acad6cea1,7f49d07afdf64212a4eea699cb5ab17c,654.8278347121429,1961.305547539544,0.0,-0.7424416218560799,9.024472300539292,-8.395384484867199,12.325728414659713,0.06367521207004698,-0.06670076975915311,0.09221456131560249,0.0018604311590483544,0.0004075348701871618
7f49d07afdf64212a4eea699cb5ab17c,d25718445d89453381c659b9c8734939,1542800375447384,datasets/LIDAR_TOP/n015-2018-11-21-19-38-26+0800__LIDAR_TOP__1542800375447384.pcd.bin,6a2893ec6f1e4fc5a79f1709e88b0cd4,3483259a64104da79b354a726981e8a6,384e26fb47f94faea344766bb26f987a,2e96e4ef43624c3d9ae8fd5526444fa8,659.4609443401564,1957.0134472744912,0.0,-0.7415071839006915,9.269092674756118,-8.586862457467406,12.635279414270217,0.48939246009628146,-0.38307469835690544,0.6214911137903136,0.0018694554419637882,0.0003994790718756544
2e96e4ef43624c3d9ae8fd5526444fa8,d25718445d89453381c659b9c8734939,1542800375947245,datasets/LIDAR_TOP/n015-2018-11-21-19-38-26+0800__LIDAR_TOP__1542800375947245.pcd.bin,5b219d0ca20446c68746b4ae3ce98eba,3483259a64104da79b354a726981e8a6,7f49d07afdf64212a4eea699cb5ab17c,7f87e737dad642d9aff78a7fe12ce194,664.0646134358058,1952.7356467078025,0.0,-0.7446803961514263,9.209898543093711,-8.557980251887447,12.572241533067013,-0.118421184414081,0.057780474131727766,0.13176554978036195,-0.006348189298094587,-0.001363329765799849
7f87e737dad642d9aff78a7fe12ce194,d25718445d89453381c659b9c8734939,1542800376447154,datasets/LIDAR_TOP/n015-2018-11-21-19-38-26+0800__LIDAR_TOP__1542800376447154.pcd.bin,3496cb2b32094b76bffff3c253463b3b,3483259a64104da79b354a726981e8a6,2e96e4ef43624c3d9ae8fd5526444fa8,37bed8d646cd4f0f8eac519794dd8bd7,668.6985401832022,1948.440471046835,0.0,-0.7429271371667022,9.26954055117323,-8.591915050474219,12.639042141887584,0.11930572980186288,-0.0678819516887517,0.13726549649722297,0.0035071562718897147,0.0007492119915258095
37bed8d646cd4f0f8eac519794dd8bd7,d25718445d89453381c659b9c8734939,1542800376947003,datasets/LIDAR_TOP/n015-2018-11-21-19-38-26+0800__LIDAR_TOP__1542800376947003.pcd.bin,db9c2232838d48c5968c5ace0b129f53,3483259a64104da79b354a726981e8a6,7f87e737dad642d9aff78a7fe12ce194,6d1d793b68b24165be5755a54054c82a,673.3670007361186,1944.1030314665231,0.0,-0.7466124369737864,9.339741707828509,-8.677499765552929,12.748716694245052,0.14044472761829682,-0.1712211389413801,0.2214529293916903,-0.007372826207683136,-0.001561461536731034
6d1d793b68b24165be5755a54054c82a,d25718445d89453381c659b9c8734939,1542800377447456,datasets/LIDAR_TOP/n015-2018-11-21-19-38-26+0800__LIDAR_TOP__1542800377447456.pcd.bin,ba504fabcb6d4eaa9cf4b33a49f99f9f,3483259a64104da79b354a726981e8a6,37bed8d646cd4f0f8eac519794dd8bd7,083240c8c70b44e4ac6fc7f267b1518f,678.0958902219302,1939.6808046378924,0.0,-0.7488684258705471,9.449217980133156,-8.836447835522527,12.93717630652,0.21875435316532657,-0.3176083867408101,0.3856534122199367,-0.00450789364188187,-0.0009408013421713226
083240c8c70b44e4ac6fc7f267b1518f,d25718445d89453381c659b9c8734939,1542800377898133,datasets/LIDAR_TOP/n015-2018-11-21-19-38-26+0800__LIDAR_TOP__1542800377898133.pcd.bin,a6b5ca4ced94480e91e4ff7fe141bcc6,3483259a64104da79b354a726981e8a6,6d1d793b68b24165be5755a54054c82a,db0173c29e1e43d1b5535f48e541efdf,682.3451783122403,1935.6742715333066,0.0,-0.7488584197052288,9.428677501425797,-8.890032339315612,12.958882452587122,-0.04557694026399982,-0.118897799961135,0.1273339872910068,2.220252047102789e-5,4.625923993917198e-6
db0173c29e1e43d1b5535f48e541efdf,d25718445d89453381c659b9c8734939,1542800378397983,datasets/LIDAR_TOP/n015-2018-11-21-19-38-26+0800__LIDAR_TOP__1542800378397983.pcd.bin,95621ad99e9c4d6eba093c260c5fb92f,3483259a64104da79b354a726981e8a6,083240c8c70b44e4ac6fc7f267b1518f,d148d50ba9be44bcb2105d8da47425b4,687.1357783936076,1931.1959486323394,0.0,-0.7476000816115952,9.584075385350209,-8.959333602015032,13.119609734449856,0.3108890345591911,-0.13864411863443177,0.3404029721389992,0.0025174314166922602,0.000518084376185457
d148d50ba9be44bcb2105d8da47425b4,d25718445d89453381c659b9c8734939,1542800378897841,datasets/LIDAR_TOP/n015-2018-11-21-19-38-26+0800__LIDAR_TOP__1542800378897841.pcd.bin,a04994887b474a3f9e5b2d28e65f7e78,3483259a64104da79b354a726981e8a6,db0173c29e1e43d1b5535f48e541efdf,f2d48fe35d5646659dc339e1d36886f9,692.0891745909553,1926.5705289054538,0.0,-0.7480878668161005,9.90960672300479,-9.253467438523817,13.558280312799344,0.6512476296359794,-0.5884347884975022,0.8777123534624438,-0.0009758475497147588,-0.000194330573158496
f2d48fe35d5646659dc339e1d36886f9,d25718445d89453381c659b9c8734939,1542800379397716,datasets/LIDAR_TOP/n015-2018-11-21-19-38-26+0800__LIDAR_TOP__1542800379397716.pcd.bin,07e8a798a39b49d6bd35d53156e64232,3483259a64104da79b354a726981e8a6,d148d50ba9be44bcb2105d8da47425b4,a32166aff42946d39455fcbe502a321a,697.1346872914633,1921.8439140807243,0.0,-0.7474778733343689,10.093548788212994,-9.455593547845952,13.830689660393006,0.36797612444751854,-0.404353306971013,0.5467248165410181,0.0012202920364723778,0.0002382230083515443
a32166aff42946d39455fcbe502a321a,d25718445d89453381c659b9c8734939,1542800379897591,datasets/LIDAR_TOP/n015-2018-11-21-19-38-26+0800__LIDAR_TOP__1542800379897591.pcd.bin,f64be8fc951b4a77a4e1895188df261e,3483259a64104da79b354a726981e8a6,f2d48fe35d5646659dc339e1d36886f9,7ca3502caf394d6d9c0a80b822b3ff48,702.2801304406588,1917.069733215726,0.0,-0.73771417140479,10.293459663306942,-9.550749417350824,14.041799253413153,0.39992173062055203,-0.190359328841954,0.4429154148363958,0.019532286930890465,0.003755727721330682
7ca3502caf394d6d9c0a80b822b3ff48,d25718445d89453381c659b9c8734939,1542800380398024,datasets/LIDAR_TOP/n015-2018-11-21-19-38-26+0800__LIDAR_TOP__1542800380398024.pcd.bin,9d65676f67ae42e688e0b0db45b927bf,3483259a64104da79b354a726981e8a6,a32166aff42946d39455fcbe502a321a,5b77f438091b4d00a74d333ef2fe9033,707.5683249440365,1912.2848274518458,0.0,-0.7299689010477026,10.56723777883886,-9.561531241705204,14.25094361649866,0.547082457655507,-0.021544990746773334,0.5475065315598237,0.015477137513088437,0.0029323160914733744
5b77f438091b4d00a74d333ef2fe9033,d25718445d89453381c659b9c8734939,1542800380947696,datasets/LIDAR_TOP/n015-2018-11-21-19-38-26+0800__LIDAR_TOP__1542800380947696.pcd.bin,9f4ac54175b143f7aa42c23b86bba95b,3483259a64104da79b354a726981e8a6,7ca3502caf394d6d9c0a80b822b3ff48,29796060110c4163b07f06eff4af0753,713.4111089532863,1907.0414336406093,0.0,-0.7181656557369646,10.629582749803227,-9.539132084655032,14.282264188965605,0.11342213349846125,0.040750041934411854,0.12052031482285089,0.0214732518861031,0.004059424985099468
29796060110c4163b07f06eff4af0753,d25718445d89453381c659b9c8734939,1542800381448102,datasets/LIDAR_TOP/n015-2018-11-21-19-38-26+0800__LIDAR_TOP__1542800381448102.pcd.bin,d9ee706fc0e1481a82e1d1d2788b38f1,3483259a64104da79b354a726981e8a6,5b77f438091b4d00a74d333ef2fe9033,7bf1cef0e253474e847ee4c2eb955901,718.9086318834952,1902.2126376805666,0.0,-0.7079302965812724,10.98612512681483,-9.649756317955271,14.622337101091256,0.7125061989896272,-0.22106895860609022,0.7460137854341751,0.02045410957440994,0.003776830985984132
7bf1cef0e253474e847ee4c2eb955901,d25718445d89453381c659b9c8734939,1542800381897652,datasets/LIDAR_TOP/n015-2018-11-21-19-38-26+0800__LIDAR_TOP__1542800381897652.pcd.bin,73049bc284734389a16cd36f58cff3d7,3483259a64104da79b354a726981e8a6,29796060110c4163b07f06eff4af0753,e10f8dcb73e646af840d9955a70a63d5,723.9890553562682,1897.8303115852923,0.0,-0.6986466810314051,11.30113107056604,-9.74825068462744,14.9246090362345,0.7007139222582801,-0.21909546584844558,0.7341681169881531,0.0206509076851679,0.0037359404601208248
e10f8dcb73e646af840d9955a70a63d5,d25718445d89453381c659b9c8734939,1542800382397543,datasets/LIDAR_TOP/n015-2018-11-21-19-38-26+0800__LIDAR_TOP__1542800382397543.pcd.bin,eb8c268a648e47a1986867e1262f868f,3483259a64104da79b354a726981e8a6,7bf1cef0e253474e847ee4c2eb955901,17a9388ec4b04e028b4d07af2cc3a45c,729.6836951195043,1892.976259488117,0.0,-0.6897599509267653,11.39176293079105,-9.710221022533567,14.96865575052743,0.18130324455733265,0.07607590873585028,0.19661742134663804,0.017777335668455338,0.003206621028954998
17a9388ec4b04e028b4d07af2cc3a45c,d25718445d89453381c659b9c8734939,1542800382897959,datasets/LIDAR_TOP/n015-2018-11-21-19-38-26+0800__LIDAR_TOP__1542800382897959.pcd.bin,bcd2da1ef3ed45b185fd2fbb492d5122,3483259a64104da79b354a726981e8a6,e10f8dcb73e646af840d9955a70a63d5,1fc26189c2524ef396e5ce6cc210c1cd,735.3441910512258,1888.2732134230619,0.0,-0.6814704241543497,11.311580628360373,-9.398272767167926,14.706440334696493,-0.16023129242605494,0.6233778603514691,0.6436412229253963,0.016565271239160375,0.0030412684053945853
1fc26189c2524ef396e5ce6cc210c1cd,d25718445d89453381c659b9c8734939,1542800383397856,datasets/LIDAR_TOP/n015-2018-11-21-19-38-26+0800__LIDAR_TOP__1542800383397856.pcd.bin,4bbfaebece7b4af9914dca6630b0610e,3483259a64104da79b354a726981e8a6,17a9388ec4b04e028b4d07af2cc3a45c,92594549844e4f7da7a0e73e92945b2b,741.0690105721428,1883.5887730994305,0.0,-0.6782260053665629,11.451998153453573,-9.370811034335887,14.797309253642544,0.28089291412671064,0.05493478222921769,0.28621435936229195,0.006490174551531229,0.0011842336325315831
92594549844e4f7da7a0e73e92945b2b,d25718445d89453381c659b9c8734939,1542800383897713,datasets/LIDAR_TOP/n015-2018-11-21-19-38-26+0800__LIDAR_TOP__1542800383897713.pcd.bin,06c93d995da14560be10806aa0506984,3483259a64104da79b354a726981e8a6,1fc26189c2524ef396e5ce6cc210c1cd,1923316323b44b86b3389178fb026db6,746.8541208738161,1878.9080723093389,0.0,-0.6732146011331642,11.573530633107639,-9.364079706979352,14.887330186240359,0.24313449577392332,0.01346650613382434,0.2435071453216358,0.010025675810078944,0.0018182793253441792
1923316323b44b86b3389178fb026db6,d25718445d89453381c659b9c8734939,1542800384397580,datasets/LIDAR_TOP/n015-2018-11-21-19-38-26+0800__LIDAR_TOP__1542800384397580.pcd.bin,22ede9793684495b91c953ffe2707ddc,3483259a64104da79b354a726981e8a6,92594549844e4f7da7a0e73e92945b2b,05e993bd780241aabaa30dd2a0473286,752.5866865529777,1874.276657313237,0.0,-0.6685310374556273,11.468181894707097,-9.265294560557042,14.74329947006353,-0.21075353724199,0.19762286052552014,0.2889149502228987,0.009369619673907205,0.0017158963073983088
05e993bd780241aabaa30dd2a0473286,d25718445d89453381c659b9c8734939,1542800384947787,datasets/LIDAR_TOP/n015-2018-11-21-19-38-26+0800__LIDAR_TOP__1542800384947787.pcd.bin,ce808765ee7e47a09ea677ccbc58aefd,3483259a64104da79b354a726981e8a6,1923316323b44b86b3389178fb026db6,64134c75d5f547fdb4a6862b192f06cd,758.9247408693822,1869.2301608593789,0.0,-0.6666975773453161,11.519399637599138,-9.17199609212174,14.724879637016244,0.09308813390604012,0.16956975908213087,0.19344069858558918,0.00333230967674195,0.000611022728130524
64134c75d5f547fdb4a6862b192f06cd,d25718445d89453381c659b9c8734939,1542800385448218,datasets/LIDAR_TOP/n015-2018-11-21-19-38-26+0800__LIDAR_TOP__1542800385448218.pcd.bin,9b69e262837d4fb59eb3f00a930e1e5a,3483259a64104da79b354a726981e8a6,05e993bd780241aabaa30dd2a0473286,c69f16f8568a4479ab2f200c802309d9,764.6783303786865,1864.6200392816027,0.0,-0.6684906394469903,11.49726837327091,-9.212302151098207,14.732742140217622,-0.04422440721743565,-0.08054269015402211,0.09188538039851817,-0.0035830356266382,-0.0006566459997636422
c69f16f8568a4479ab2f200c802309d9,d25718445d89453381c659b9c8734939,1542800385948086,datasets/LIDAR_TOP/n015-2018-11-21-19-38-26+0800__LIDAR_TOP__1542800385948086.pcd.bin,05afff45782640739984210fc595c3a6,3483259a64104da79b354a726981e8a6,64134c75d5f547fdb4a6862b192f06cd,a401b5ee030547ab8678a563f13b4731,770.4893687853827,1859.957943281212,0.0,-0.6716561893471168,11.625145851897269,-9.326654237499996,14.904042919414882,0.25582249439123866,-0.22876456664917352,0.3431885423360452,-0.0063327716519691575,-0.0011472379375694925
a401b5ee030547ab8678a563f13b4731,d25718445d89453381c659b9c8734939,1542800386398207,datasets/LIDAR_TOP/n015-2018-11-21-19-38-26+0800__LIDAR_TOP__1542800386398207.pcd.bin,bc4258e225e442f295822c63dc34db87,3483259a64104da79b354a726981e8a6,c69f16f8568a4479ab2f200c802309d9,cc0342fe162348dc9445493aab4b463e,775.6985464992379,1855.722292005065,0.0,-0.6818688361805115,11.572838667503145,-9.410028139427197,14.915737474522258,-0.11620694078730798,-0.18522553252836746,0.21866081264726475,-0.022688670009607937,-0.004107031860179849
cc0342fe162348dc9445493aab4b463e,d25718445d89453381c659b9c8734939,1542800386898102,datasets/LIDAR_TOP/n015-2018-11-21-19-38-26+0800__LIDAR_TOP__1542800386898102.pcd.bin,58a21b7592f5489b9d15686d6c117375,3483259a64104da79b354a726981e8a6,a401b5ee030547ab8678a563f13b4731,6a9eb66eaac44de69c19d24b9d76e598,781.4585901835269,1850.9407755018856,0.0,-0.6924117043495851,11.522507095068026,-9.56504166510831,14.975252645987343,-0.10068428857083919,-0.3100921707180771,0.32602834279501697,-0.021090165272854445,-0.0038025032086497147
6a9eb66eaac44de69c19d24b9d76e598,d25718445d89453381c659b9c8734939,1542800387397971,datasets/LIDAR_TOP/n015-2018-11-21-19-38-26+0800__LIDAR_TOP__1542800387397971.pcd.bin,5d229fdca3c74e3796f9c12ab3ef13ab,3483259a64104da79b354a726981e8a6,cc0342fe162348dc9445493aab4b463e,ee9b3f38dadd40588f43ba590c4751b9,787.1968269272179,1846.0458545979789,0.0,-0.709239390318305,11.479481111433204,-9.792407418557108,15.08872856269752,-0.08607451879356728,-0.45485067777517185,0.4629232785873674,-0.03366419195573213,-0.006023921624860027
ee9b3f38dadd40588f43ba590c4751b9,d25718445d89453381c659b9c8734939,1542800387897823,datasets/LIDAR_TOP/n015-2018-11-21-19-38-26+0800__LIDAR_TOP__1542800387897823.pcd.bin,07ad082b378a45a4bca7ac47fc6871bd,3483259a64104da79b354a726981e8a6,6a9eb66eaac44de69c19d24b9d76e598,,792.8904180034028,1841.0416089639637,0.0,-0.7231053726829444,11.390553756281719,-10.01145465860936,15.164891666481982,-0.17790737088475206,-0.4382241944660652,0.4729603336756228,-0.027740175821321968,-0.00493893898913322
e6b0b282aa174a978272dc2d0a89d560,de7d80a1f5fb4c3e82ce8a4f213b450a,1542800847948119,datasets/LIDAR_TOP/n015-2018-11-21-19-38-26+0800__LIDAR_TOP__1542800847948119.pcd.bin,da48bb33b1c847798767a03ed0dcee39,43619e1e67274cf989804763b82d9954,,f77ef1c17cbf432587d705c88ce76b3b,1526.5345819509043,1212.9245482527294,0.0,2.9671354852893823,NaN,NaN,NaN,NaN,NaN,NaN,NaN,NaN
f77ef1c17cbf432587d705c88ce76b3b,de7d80a1f5fb4c3e82ce8a4f213b450a,1542800848447981,datasets/LIDAR_TOP/n015-2018-11-21-19-38-26+0800__LIDAR_TOP__1542800848447981.pcd.bin,15ef121927134d56b3431d762a288224,43619e1e67274cf989804763b82d9954,e6b0b282aa174a978272dc2d0a89d560,77fc24547ab34182a945eecb825b6576,1526.4576709577368,1212.94060354584,0.0,2.966802906650908,-0.15386445292406756,0.03211945118980732,0.1571811980433952,NaN,NaN,NaN,-0.0006653409110399385,-0.011428978034076769
77fc24547ab34182a945eecb825b6576,de7d80a1f5fb4c3e82ce8a4f213b450a,1542800848947897,datasets/LIDAR_TOP/n015-2018-11-21-19-38-26+0800__LIDAR_TOP__1542800848947897.pcd.bin,58dfdc7b80f648ddb7812d3198229877,43619e1e67274cf989804763b82d9954,f77ef1c17cbf432587d705c88ce76b3b,648fe1aeca944fb793b334cb6ee01854,1526.3791092999609,1212.9564466692464,0.0,2.965944222911949,-0.15714971670427752,0.03169157099649656,0.16031340908501904,-0.006571631594527806,-0.0008559041785235154,0.006627134658131678,-0.0017176560441339221,-0.028928779854604007
648fe1aeca944fb793b334cb6ee01854,de7d80a1f5fb4c3e82ce8a4f213b450a,1542800849447179,datasets/LIDAR_TOP/n015-2018-11-21-19-38-26+0800__LIDAR_TOP__1542800849447179.pcd.bin,746ac5a5b8594420b1870ac30a191a0d,43619e1e67274cf989804763b82d9954,77fc24547ab34182a945eecb825b6576,1e0d1b76ea134c7db0592c4510f5e737,1526.172189363332,1212.9948659476352,0.0,2.964042575294659,-0.4144350019202872,0.07694905562147464,0.4215181229528634,-0.5153105563909969,0.09064513566477077,0.5232222378183896,-0.0038087646205745966,-0.024396731517760603
1e0d1b76ea134c7db0592c4510f5e737,de7d80a1f5fb4c3e82ce8a4f213b450a,1542800849947059,datasets/LIDAR_TOP/n015-2018-11-21-19-38-26+0800__LIDAR_TOP__1542800849947059.pcd.bin,87f8c309f9404ea5816a7a44c4ba14e6,43619e1e67274cf989804763b82d9954,648fe1aeca944fb793b334cb6ee01854,fb61d590dd1143ccb12ea56fbe9d9d07,1525.7191320240927,1213.0760109663106,0.0,2.9611964830084947,-0.906332198206413,0.16232899630999995,0.9207544496491346,-0.9840305599066291,0.17080087358671142,0.9987437515439772,-0.005693551024574682,-0.01669564320021431
fb61d590dd1143ccb12ea56fbe9d9d07,de7d80a1f5fb4c3e82ce8a4f213b450a,1542800850447485,datasets/LIDAR_TOP/n015-2018-11-21-19-38-26+0800__LIDAR_TOP__1542800850447485.pcd.bin,531e4593fc0e46c393415279743586e6,43619e1e67274cf989804763b82d9954,1e0d1b76ea134c7db0592c4510f5e737,3b594831ff7f4e27a9889c7b7d0d8e92,1524.96311148353,1213.2173051555546,0.0,2.957241557837775,-1.5107539187867105,0.2823478181470103,1.5369117390213987,-1.2078143833060182,0.23983330569756642,1.231395793009997,-0.007903116885852903,-0.013883956410788883
3b594831ff7f4e27a9889c7b7d0d8e92,de7d80a1f5fb4c3e82ce8a4f213b450a,1542800850947378,datasets/LIDAR_TOP/n015-2018-11-21-19-38-26+0800__LIDAR_TOP__1542800850947378.pcd.bin,f00a4081c44c4cdaa3292107041633f2,43619e1e67274cf989804763b82d9954,fb61d590dd1143ccb12ea56fbe9d9d07,8178cfbc864e4cb0b6e35746b32bed9f,1523.9675785727347,1213.411998473422,0.0,2.951129711733253,-1.9914920008785704,0.38946998231102337,2.0292183856560833,-0.9616819641240423,0.21429018642792166,0.9852677220536503,-0.012226308639092279,-0.016267856411559214
8178cfbc864e4cb0b6e35746b32bed9f,de7d80a1f5fb4c3e82ce8a4f213b450a,1542800851450143,datasets/LIDAR_TOP/n015-2018-11-21-19-38-26+0800__LIDAR_TOP__1542800851450143.pcd.bin,acbffeaf383e4fad8b14a580ffaab052,43619e1e67274cf989804763b82d9954,3b594831ff7f4e27a9889c7b7d0d8e92,07c29094cb6144aa889c16c52f762d79,1522.6643781783102,1213.6682830631503,0.0,2.9484163495125317,-2.592066660217981,0.5097502605158247,2.641714386361544,-1.1945434931616377,0.23923757263294254,1.2182646564741628,-0.005396879696719904,-0.0055159540548262295
07c29094cb6144aa889c16c52f762d79,de7d80a1f5fb4c3e82ce8a4f213b450a,1542800851947705,datasets/LIDAR_TOP/n015-2018-11-21-19-38-26+0800__LIDAR_TOP__1542800851947705.pcd.bin,159bf84dfb134dada96732c55061fb63,43619e1e67274cf989804763b82d9954,8178cfbc864e4cb0b6e35746b32bed9f,a43568a562a043f38af0ec0b71520af7,1521.335262185347,1213.9350672618398,0.0,2.9483714116483255,-2.6712570352304885,0.5361828248328706,2.724537790142419,-0.15915679857486578,0.05312416204823898,0.1677887455282027,-9.031610976366614e-5,-8.950270289668168e-5
a43568a562a043f38af0ec0b71520af7,de7d80a1f5fb4c3e82ce8a4f213b450a,1542800852448091,datasets/LIDAR_TOP/n015-2018-11-21-19-38-26+0800__LIDAR_TOP__1542800852448091.pcd.bin,cefe3d3fd2e84ea9872aec67024e35a5,43619e1e67274cf989804763b82d9954,07c29094cb6144aa889c16c52f762d79,d1136fce62f14400a069613e274f46f7,1519.9827755505557,1214.201992530759,0.0,2.9587512103067324,-2.7028866410953714,0.5334387231443215,2.7550232423632406,-0.06321041329070524,-0.00548396975244932,0.06344785475197365,0.02074358327052891,0.020329293041602456
d1136fce62f14400a069613e274f46f7,de7d80a1f5fb4c3e82ce8a4f213b450a,1542800852947478,datasets/LIDAR_TOP/n015-2018-11-21-19-38-26+0800__LIDAR_TOP__1542800852947478.pcd.bin,ced4b55ba0954d4cba144e4e6cbe7efc,43619e1e67274cf989804763b82d9954,a43568a562a043f38af0ec0b71520af7,f65ffdc408fb4a0c8ef0d1614b47dce8,1518.6520123264163,1214.429611178763,0.0,3.0111678021483703,-2.664793485091614,0.45579610202899584,2.703493000695866,0.07627983108041939,-0.15547585562965327,0.17318012101113137,0.10496186693213466,0.10482625279363349
f65ffdc408fb4a0c8ef0d1614b47dce8,de7d80a1f5fb4c3e82ce8a4f213b450a,1542800853447313,datasets/LIDAR_TOP/n015-2018-11-21-19-38-26+0800__LIDAR_TOP__1542800853447313.pcd.bin,6df51a723dd74012973f2a9600f79688,43619e1e67274cf989804763b82d9954,d1136fce62f14400a069613e274f46f7,0915646e387b484785ae2b847ffdee2f,1517.338952811931,1214.566453628751,0.0,3.120575980183426,-2.626985934328935,0.2737752458072769,2.641213354573784,0.0756400627460641,-0.3641618858657736,0.3719345348438959,0.21888858930458205,0.2237604887537538
0915646e387b484785ae2b847ffdee2f,de7d80a1f5fb4c3e82ce8a4f213b450a,1542800853947736,datasets/LIDAR_TOP/n015-2018-11-21-19-38-26+0800__LIDAR_TOP__1542800853947736.pcd.bin,43d5b80ebe6b4aafa64ae88bf923a7e9,43619e1e67274cf989804763b82d9954,f65ffdc408fb4a0c8ef0d1614b47dce8,95c0a92d52584756832ec795d346e296,1516.0834860747511,1214.4917649805577,0.0,-3.000598242412655,-2.5088110202365974,-0.14925103001538112,2.5132466264219375,0.23615004524639677,-0.8453373962081241,0.8777027727527161,0.3237482781237178,0.34780524193063656
95c0a92d52584756832ec795d346e296,de7d80a1f5fb4c3e82ce8a4f213b450a,1542800854447717,datasets/LIDAR_TOP/n015-2018-11-21-19-38-26+0800__LIDAR_TOP__1542800854447717.pcd.bin,83e831cdb74d491e897a39dd7c2e5f2b,43619e1e67274cf989804763b82d9954,0915646e387b484785ae2b847ffdee2f,9c7c7d5d109c40fcaecd3c422d37b4f6,1514.7692999657315,1214.1911114853574,0.0,-2.7963874799486037,-2.6284720999790023,-0.6013298409345997,2.6963796390654,-0.23933125407246458,-0.9041919811337203,0.9353302026142536,0.4084370455358328,0.4089854436554737
9c7c7d5d109c40fcaecd3c422d37b4f6,de7d80a1f5fb4c3e82ce8a4f213b450a,1542800854948033,datasets/LIDAR_TOP/n015-2018-11-21-19-38-26+0800__LIDAR_TOP__1542800854948033.pcd.bin,c406776798d847e29a03ef2a4c801f41,43619e1e67274cf989804763b82d9954,95c0a92d52584756832ec795d346e296,7d82aa0c679141d1a71733b85fdcd3ed,1513.3142660739895,1213.5010608603322,0.0,-2.5580213563165404,-2.9082297822616208,-1.3792295769576648,3.218706990763262,-0.5591619741975441,-1.5548168278109535,1.6523067153021596,0.47643114278188853,0.3996524347207074
7d82aa0c679141d1a71733b85fdcd3ed,de7d80a1f5fb4c3e82ce8a4f213b450a,1542800855448455,datasets/LIDAR_TOP/n015-2018-11-21-19-38-26+0800__LIDAR_TOP__1542800855448455.pcd.bin,36fef290c36a4aff8f66f58de617480a,43619e1e67274cf989804763b82d9954,9c7c7d5d109c40fcaecd3c422d37b4f6,07175443e8444b8c8c4802fd004e33c1,1511.8199827919475,1212.2658428056004,0.0,-2.324054517692165,-2.9860463409722864,-2.468352819683849,3.874175834016209,-0.15550187383981043,-2.1764095957535523,2.1819577359004536,0.4675390742700668,0.3258384633566167
07175443e8444b8c8c4802fd004e33c1,de7d80a1f5fb4c3e82ce8a4f213b450a,1542800855949460,datasets/LIDAR_TOP/n015-2018-11-21-19-38-26+0800__LIDAR_TOP__1542800855949460.pcd.bin,5deba590a3e04b70bde08ce180ae5221,43619e1e67274cf989804763b82d9954,7d82aa0c679141d1a71733b85fdcd3ed,056becbc0d5a46da8d59eebddedb47bb,1510.39057392839,1210.4638599884743,0.0,-2.1503563750264143,-2.85308303022416,-3.5967361945013425,4.59092518237763,0.2653931812020369,-2.252239747742025,2.2678221759956396,0.34669941949830974,0.20389973599191574
056becbc0d5a46da8d59eebddedb47bb,de7d80a1f5fb4c3e82ce8a4f213b450a,1542800856450419,datasets/LIDAR_TOP/n015-2018-11-21-19-38-26+0800__LIDAR_TOP__1542800856450419.pcd.bin,bd7f9a8a1cf842ab8e6647675c8fca45,43619e1e67274cf989804763b82d9954,07175443e8444b8c8c4802fd004e33c1,3b594af1b130490989536590345c9dc9,1509.0042751876615,1208.2563159631475,0.0,-2.0973179345018726,-2.7672898195831084,-4.406636122570504,5.203492563875875,0.17125794853680937,-1.6166990274037618,1.6257444541333381,0.10587381507177562,0.05493604481695829
3b594af1b130490989536590345c9dc9,de7d80a1f5fb4c3e82ce8a4f213b450a,1542800856950302,datasets/LIDAR_TOP/n015-2018-11-21-19-38-26+0800__LIDAR_TOP__1542800856950302.pcd.bin,ff9c5ce617164ff8b86931626aa72b63,43619e1e67274cf989804763b82d9954,056becbc0d5a46da8d59eebddedb47bb,acf9fcbeb1e346b98640f694f15460e8,1507.5796628825988,1205.7427407675268,0.0,-2.066489658482453,-2.849891484732902,-5.028327019763945,5.7797884124283705,-0.16524199692686856,-1.243672813825318,1.2546023216129336,0.06167098304887312,0.0288092992944006
acf9fcbeb1e346b98640f694f15460e8,de7d80a1f5fb4c3e82ce8a4f213b450a,1542800857450187,datasets/LIDAR_TOP/n015-2018-11-21-19-38-26+0800__LIDAR_TOP__1542800857450187.pcd.bin,09fcf8699529477784bfc9c8c6559ef9,43619e1e67274cf989804763b82d9954,3b594af1b130490989536590345c9dc9,0e837c21890a4515874247ceb3dbf5c3,1506.0876196797478,1202.9602969585048,0.0,-2.047435356821614,-2.9847729034696715,-5.566167836646368,6.315939650677742,-0.26982489719989455,-1.0759290974572613,1.1092469958959235,0.03811737031685019,0.016294788352585327
0e837c21890a4515874247ceb3dbf5c3,de7d80a1f5fb4c3e82ce8a4f213b450a,1542800857899729,datasets/LIDAR_TOP/n015-2018-11-21-19-38-26+0800__LIDAR_TOP__1542800857899729.pcd.bin,b7e30c7d851d4f428d84c91596068e02,43619e1e67274cf989804763b82d9954,acf9fcbeb1e346b98640f694f15460e8,f5f955d2d7594fb4b18ef615b421c98e,1504.769093177857,1200.3890272599367,0.0,-2.0301228905879656,-2.933044080176716,-5.7197541021042095,6.427933926604847,0.11507005639730072,-0.34165053645230314,0.36050826195445856,0.03851134317516177,0.01617636829503909
f5f955d2d7594fb4b18ef615b421c98e,de7d80a1f5fb4c3e82ce8a4f213b450a,1542800858399042,datasets/LIDAR_TOP/n015-2018-11-21-19-38-26+0800__LIDAR_TOP__1542800858399042.pcd.bin,0f92b1a57bf84db0b72c22752662ebe6,43619e1e67274cf989804763b82d9954,0e837c21890a4515874247ceb3dbf5c3,6cb024831cce4b6e8acf85afb7cece6e,1503.2404293364743,1197.2759109565013,0.0,-2.0165465233829907,-3.061534230798507,-6.2347992210004355,6.945913415277983,-0.2573338779919426,-1.031507529137487,1.063122056694195,0.027190093598554222,0.01056927265384841
6cb024831cce4b6e8acf85afb7cece6e,de7d80a1f5fb4c3e82ce8a4f213b450a,1542800858898923,datasets/LIDAR_TOP/n015-2018-11-21-19-38-26+0800__LIDAR_TOP__1542800858898923.pcd.bin,e50641a59d3e498b9d036b7bc5836d81,43619e1e67274cf989804763b82d9954,f5f955d2d7594fb4b18ef615b421c98e,273c930b3f384bd58b2bbae02fe81d1e,1501.6103683968918,1193.9093619161092,0.0,-2.010903162906731,-3.260897972882672,-6.734700939607829,7.4826233591906055,-0.39882240390045864,-1.0000414470791918,1.0766346667877569,0.011289407831583064,0.004073624941690429
273c930b3f384bd58b2bbae02fe81d1e,de7d80a1f5fb4c3e82ce8a4f213b450a,1542800859451995,datasets/LIDAR_TOP/n015-2018-11-21-19-38-26+0800__LIDAR_TOP__1542800859451995.pcd.bin,6ae83cd380c2415ba55f4d9dff2e8f1a,43619e1e67274cf989804763b82d9954,6cb024831cce4b6e8acf85afb7cece6e,a84f43c4ef52461d940a6c7d0768b86f,1499.7048670585173,1189.9011164531264,0.0,-2.0061607235737213,-3.4453042974052317,-7.247239894593856,8.024500469905384,-0.3334219134625502,-0.9267128963064977,0.9848690088320405,0.008574723242199522,0.0028851332043366047
a84f43c4ef52461d940a6c7d0768b86f,de7d80a1f5fb4c3e82ce8a4f213b450a,1542800859947349,datasets/LIDAR_TOP/n015-2018-11-21-19-38-26+0800__LIDAR_TOP__1542800859947349.pcd.bin,b30f1f4f6ad4440fa0cf59cced0f2ad9,43619e1e67274cf989804763b82d9954,273c930b3f384bd58b2bbae02fe81d1e,8d7dcd1533704f5882a5afcb65509ed5,1497.9275129531406,1186.118261238053,0.0,-2.0020387346579795,-3.588048356077909,-7.6366703712362645,8.437584095253285,-0.2881657535271288,-0.7861660078295686,0.837315050248435,0.008321299344997276,0.002662789250791841
8d7dcd1533704f5882a5afcb65509ed5,de7d80a1f5fb4c3e82ce8a4f213b450a,1542800860447226,datasets/LIDAR_TOP/n015-2018-11-21-19-38-26+0800__LIDAR_TOP__1542800860447226.pcd.bin,62204c77ef23492a91226fca8847700b,43619e1e67274cf989804763b82d9954,a84f43c4ef52461d940a6c7d0768b86f,f90292e4cdf647e1a8842baabdaafcec,1496.064979516566,1182.1632853425278,0.0,-2.0069814310370004,-3.725983465081854,-7.9118981179874135,8.745346454628093,-0.27593809878019016,-0.5505909388732608,0.6158670443592228,-0.009887825163031895,-0.003052723877629551
f90292e4cdf647e1a8842baabdaafcec,de7d80a1f5fb4c3e82ce8a4f213b450a,1542800860947086,datasets/LIDAR_TOP/n015-2018-11-21-19-38-26+0800__LIDAR_TOP__1542800860947086.pcd.bin,20e45bdb8c5d412c907d5db0dc6749ab,43619e1e67274cf989804763b82d9954,8d7dcd1533704f5882a5afcb65509ed5,98fa81992fb04e799c329eca220e7164,1494.1319978402155,1178.1031140165105,0.0,-2.0103516231488907,-3.8670461256160458,-8.122616984790392,8.996163205458615,-0.28220433828310243,-0.4215557692213393,0.5072953332227675,-0.006742272059957325,-0.0020235442761686482
98fa81992fb04e799c329eca220e7164,de7d80a1f5fb4c3e82ce8a4f213b450a,1542800861447555,datasets/LIDAR_TOP/n015-2018-11-21-19-38-26+0800__LIDAR_TOP__1542800861447555.pcd.bin,c4b1457d7c684d709a01d93d9b16810b,43619e1e67274cf989804763b82d9954,f90292e4cdf647e1a8842baabdaafcec,49dfd2f2fef447cc9b8dec3e17c1c919,1492.1356425506933,1173.9299678755851,0.0,-2.0141471661428616,-3.988968926191574,-8.338470796243888,9.24348247761276,-0.2436170883222101,-0.43130306063611445,0.4953499932741206,-0.007583972221997547,-0.0022152608661277777
49dfd2f2fef447cc9b8dec3e17c1c919,de7d80a1f5fb4c3e82ce8a4f213b450a,1542800861947962,datasets/LIDAR_TOP/n015-2018-11-21-19-38-26+0800__LIDAR_TOP__1542800861947962.pcd.bin,b439e578bd014fd6ad8170dc787c9ff8,43619e1e67274cf989804763b82d9954,98fa81992fb04e799c329eca220e7164,c18d3bcc9297454ba52112c079cb756e,1490.0968110331064,1169.6617227248346,0.0,-2.014390768490481,-4.074346517108901,-8.529547250039556,9.452696749189343,-0.17061630016631837,-0.38184208813159765,0.41822637668031176,-0.0004868084331745033,-0.0001390484434702594
c18d3bcc9297454ba52112c079cb756e,de7d80a1f5fb4c3e82ce8a4f213b450a,1542800862447900,datasets/LIDAR_TOP/n015-2018-11-21-19-38-26+0800__LIDAR_TOP__1542800862447900.pcd.bin,9ed2218da68f4d81b3bdd5ace6d12113,43619e1e67274cf989804763b82d9954,49dfd2f2fef447cc9b8dec3e17c1c919,9cc9718713c14974b5e3094e1c4eae1c,1488.0258931388666,1165.331638661763,0.0,-2.015380659992024,-4.142349439810048,-8.661242120166063,9.600842356045293,-0.13602271221860987,-0.2634224046311888,0.2964684494191322,-0.001980028526623179,-0.0005568341634644545
9cc9718713c14974b5e3094e1c4eae1c,de7d80a1f5fb4c3e82ce8a4f213b450a,1542800862947705,datasets/LIDAR_TOP/n015-2018-11-21-19-38-26+0800__LIDAR_TOP__1542800862947705.pcd.bin,5aa7b01e3c0648309532b83a2baf2af7,43619e1e67274cf989804763b82d9954,c18d3bcc9297454ba52112c079cb756e,a5c0ec90615e42818962e4e002de0cef,1485.8304547510259,1160.7941881268357,0.0,-2.015886198375536,-4.392589885737028,-9.078441662102824,10.085283779670432,-0.5006761555546255,-0.8347246264778473,0.9733662285026851,-0.001011471240807859,-0.00027078785385159114
a5c0ec90615e42818962e4e002de0cef,de7d80a1f5fb4c3e82ce8a4f213b450a,1542800863447572,datasets/LIDAR_TOP/n015-2018-11-21-19-38-26+0800__LIDAR_TOP__1542800863447572.pcd.bin,3fffefbdecd14ac1aa23f46a78173e27,43619e1e67274cf989804763b82d9954,9cc9718713c14974b5e3094e1c4eae1c,3f2ddc9476eb475b8c46f777f508cedb,1483.5337959093577,1156.052571999979,0.0,-2.017319652286273,-4.594539830931437,-9.485755464667196,10.539893405223747,-0.4040073563456057,-0.8148443537268364,0.909501657382696,-0.0028676706218594443,-0.0007346099605886985
3f2ddc9476eb475b8c46f777f508cedb,de7d80a1f5fb4c3e82ce8a4f213b450a,1542800863948003,datasets/LIDAR_TOP/n015-2018-11-21-19-38-26+0800__LIDAR_TOP__1542800863948003.pcd.bin,c13656cc70af4875a2836e5de8baa642,43619e1e67274cf989804763b82d9954,a5c0ec90615e42818962e4e002de0cef,27749aa3de2545219186c61d4d415e1c,1481.1418012972877,1151.179696487648,0.0,-2.0190699254559963,-4.779868977081742,-9.737357422563537,10.847270486754798,-0.3703390600308644,-0.5027705275978924,0.624443130161272,-0.0034975314673215776,-0.0008705724609061024
27749aa3de2545219186c61d4d415e1c,de7d80a1f5fb4c3e82ce8a4f213b450a,1542800864448454,datasets/LIDAR_TOP/n015-2018-11-21-19-38-26+0800__LIDAR_TOP__1542800864448454.pcd.bin,82b48fbe54084bdebb272000b2c1e764,43619e1e67274cf989804763b82d9954,3f2ddc9476eb475b8c46f777f508cedb,daae21dc94b74898a7362922e8792415,1478.683586616439,1146.1302817993358,0.0,-2.0183480355682475,-4.911998738834854,-10.089728441570212,11.221869346724104,-0.2640213762248694,-0.7041069335592798,0.7519799604975694,0.0014424786597464977,0.00034706270951661775
daae21dc94b74898a7362922e8792415,de7d80a1f5fb4c3e82ce8a4f213b450a,1542800864948320,datasets/LIDAR_TOP/n015-2018-11-21-19-38-26+0800__LIDAR_TOP__1542800864948320.pcd.bin,38dc24a4b6b644dd96384c25f3692aaf,43619e1e67274cf989804763b82d9954,27749aa3de2545219186c61d4d415e1c,042f582eb2bb4231910918ba85f390d3,1476.1601905023394,1140.9271153699156,0.0,-2.016078675472219,-5.048145131094271,-10.4091225036714,11.568647309043056,-0.27236577854748484,-0.6389593653122783,0.6945877826769249,0.004539936895145154,0.0010595732836725115
042f582eb2bb4231910918ba85f390d3,de7d80a1f5fb4c3e82ce8a4f213b450a,1542800865448238,datasets/LIDAR_TOP/n015-2018-11-21-19-38-26+0800__LIDAR_TOP__1542800865448238.pcd.bin,e295bae3d72c4f329ac279f2a232bd0f,43619e1e67274cf989804763b82d9954,daae21dc94b74898a7362922e8792415,fe40762a54e1414da73de751877ad576,1473.5472946311643,1135.5261284798337,0.0,-2.0187636767685606,-5.226648912772034,-10.803745594441224,12.001615629855392,-0.35706612219956596,-0.7893756391444692,0.8663775824069864,-0.005370883417563979,-0.001208286090361775
fe40762a54e1414da73de751877ad576,de7d80a1f5fb4c3e82ce8a4f213b450a,1542800865948074,datasets/LIDAR_TOP/n015-2018-11-21-19-38-26+0800__LIDAR_TOP__1542800865948074.pcd.bin,dcf4bf8309a446eca57c9295204aabe0,43619e1e67274cf989804763b82d9954,042f582eb2bb4231910918ba85f390d3,0ee7e7691e3e4bd88d43150073906a4f,1470.874731990265,1130.0270328822976,0.0,-2.02041410673829,-5.34687905812964,-11.001799785401808,12.23228164245463,-0.24053918756873502,-0.39623834809934316,0.4635341727000538,-0.0033019429767549868,-0.0007288293629780633
0ee7e7691e3e4bd88d43150073906a4f,de7d80a1f5fb4c3e82ce8a4f213b450a,1542800866448494,datasets/LIDAR_TOP/n015-2018-11-21-19-38-26+0800__LIDAR_TOP__1542800866448494.pcd.bin,3256a2a0621d4938b5d210cdc5026067,43619e1e67274cf989804763b82d9954,fe40762a54e1414da73de751877ad576,b085cc54b9c6437db176033620d00529,1468.129165288282,1124.424714835136,0.0,-2.021272970229986,-5.486524723198673,-11.195232099359716,12.467364408599133,-0.27905692232331347,-0.38653993437094475,0.4767450962097608,-0.0017162853037367596,-0.0003716880463438653
b085cc54b9c6437db176033620d00529,de7d80a1f5fb4c3e82ce8a4f213b450a,1542800866948361,datasets/LIDAR_TOP/n015-2018-11-21-19-38-26+0800__LIDAR_TOP__1542800866948361.pcd.bin,6f50f208157f4f679d42d6efa4336d50,43619e1e67274cf989804763b82d9954,0ee7e7691e3e4bd88d43150073906a4f,4e1d1031fe9f45f981a2f598365fc645,1465.367502891166,1118.801190814299,0.0,-2.0197973007796373,-5.524794389539557,-11.250040552461089,12.533425927443252,-0.07655969756132003,-0.10964607205791307,0.13372975887366975,0.002952124165725292,0.0006359582203302872
4e1d1031fe9f45f981a2f598365fc645,de7d80a1f5fb4c3e82ce8a4f213b450a,1542800867447688,datasets/LIDAR_TOP/n015-2018-11-21-19-38-26+0800__LIDAR_TOP__1542800867447688.pcd.bin,3797ea02ce0247a1ab5c438552695047,43619e1e67274cf989804763b82d9954,b085cc54b9c6437db176033620d00529,,1462.5747374761954,1113.0957304552712,0.0,-2.0184353673832143,-5.593059087472773,-11.426300518553395,12.721739405295777,-0.13671341211914478,-0.3529950635401381,0.378544676276084,0.0027275380590734877,0.0005788793910078681
a480496a5988410fbe3d8ed6c84da996,e233467e827140efa4b42d2b4c435855,1542800987947699,datasets/LIDAR_TOP/n015-2018-11-21-19-38-26+0800__LIDAR_TOP__1542800987947699.pcd.bin,b723df2123fe473d85512c9d02156c27,2f33eba3ec8d4637aad8010686d364fa,,b993550e60054741983f8052ba97b0b0,1321.390767646126,903.7547711424545,0.0,-2.5653028570549647,NaN,NaN,NaN,NaN,NaN,NaN,NaN,NaN
b993550e60054741983f8052ba97b0b0,e233467e827140efa4b42d2b4c435855,1542800988448155,datasets/LIDAR_TOP/n015-2018-11-21-19-38-26+0800__LIDAR_TOP__1542800988448155.pcd.bin,a64fc7d1153249f293676a686c9b705d,2f33eba3ec8d4637aad8010686d364fa,a480496a5988410fbe3d8ed6c84da996,61cfc5554a724824b0d34bddc147d890,1321.3902406441357,903.7549653084047,0.0,-2.565189896035143,-0.001053043604930629,0.000387978064472366,0.0011222423144744713,NaN,NaN,NaN,0.00022571618648115186,0.5430500130308297
61cfc5554a724824b0d34bddc147d890,e233467e827140efa4b42d2b4c435855,1542800988948006,datasets/LIDAR_TOP/n015-2018-11-21-19-38-26+0800__LIDAR_TOP__1542800988948006.pcd.bin,03510a45057547c2b7361e3950dcdf6d,2f33eba3ec8d4637aad8010686d364fa,b993550e60054741983f8052ba97b0b0,dc4c80e8a1534ff8a3eb80307341161c,1321.3899865263702,903.7552613750836,0.0,-2.5652098967245234,-0.0005083870303501331,0.0005923098660535486,0.0007805692474422752,0.0010896378612436424,0.00040878542121788815,0.0011637938774782697,-4.001330272469112e-5,-0.13840657662426742
dc4c80e8a1534ff8a3eb80307341161c,e233467e827140efa4b42d2b4c435855,1542800989447876,datasets/LIDAR_TOP/n015-2018-11-21-19-38-26+0800__LIDAR_TOP__1542800989447876.pcd.bin,4dc98064647f400bb2e797f95e4500cb,2f33eba3ec8d4637aad8010686d364fa,61cfc5554a724824b0d34bddc147d890,c36e8482feb041de9f081e76396cf4fe,1321.389884265855,903.7555923020861,0.0,-2.5652101468353625,-0.0002045742196520634,0.0006620261318965069,0.0006929135665146857,0.0006077836451438769,0.0001394687935722453,0.0006235803907154839,-5.003517697613538e-7,-0.0019496656489940772
c36e8482feb041de9f081e76396cf4fe,e233467e827140efa4b42d2b4c435855,1542800989947775,datasets/LIDAR_TOP/n015-2018-11-21-19-38-26+0800__LIDAR_TOP__1542800989947775.pcd.bin,e01250e2b756499082d7051f93dd6028,2f33eba3ec8d4637aad8010686d364fa,dc4c80e8a1534ff8a3eb80307341161c,c9e812f2705b4b198f4675dfaa33812d,1321.3897397517453,903.7558398479971,0.0,-2.5652498787539235,-0.00028908661490922394,0.0004951918506576031,0.0005733986744642647,-0.000169058940420286,-0.0003337359771451908,0.00037411312163179353,-7.947989206018084e-5,-0.3742521880836024
c9e812f2705b4b198f4675dfaa33812d,e233467e827140efa4b42d2b4c435855,1542800990447665,datasets/LIDAR_TOP/n015-2018-11-21-19-38-26+0800__LIDAR_TOP__1542800990447665.pcd.bin,51cf60deff4d4a71a0bcd2476d734b68,2f33eba3ec8d4637aad8010686d364fa,c36e8482feb041de9f081e76396cf4fe,eff61ec3657c4d1c9327e3fe6ca639d3,1321.389703450702,903.7561104622332,0.0,-2.5652585037942,-7.261806264881595e-5,0.0005413475686948173,0.0005461964602179855,0.00043303237164257736,9.233174905922142e-5,0.00044276651496554057,-1.72538764061198e-5,-0.0852906777863982
eff61ec3657c4d1c9327e3fe6ca639d3,e233467e827140efa4b42d2b4c435855,1542800990947514,datasets/LIDAR_TOP/n015-2018-11-21-19-38-26+0800__LIDAR_TOP__1542800990947514.pcd.bin,1cbca681f61f435283dcc08adc24b57f,2f33eba3ec8d4637aad8010686d364fa,c9e812f2705b4b198f4675dfaa33812d,0a3abc33048d46f9bd78151d1df4b004,1321.3895744960623,903.7562794388518,0.0,-2.565245656013351,-0.0002579871914302858,0.00033805532995881426,0.0004252514515620725,-0.0003708502543397503,-0.0004067073030775356,0.0005504005282705131,2.5703324101836925e-5,0.1631951515274952
0a3abc33048d46f9bd78151d1df4b004,e233467e827140efa4b42d2b4c435855,1542800991448017,datasets/LIDAR_TOP/n015-2018-11-21-19-38-26+0800__LIDAR_TOP__1542800991448017.pcd.bin,65210739f5274f268ceb8c63e45e68f4,2f33eba3ec8d4637aad8010686d364fa,eff61ec3657c4d1c9327e3fe6ca639d3,2c77ee386aa0444aaf27140fe6cc8364,1321.389497347068,903.7564473471818,0.0,-2.5652962554581396,-0.0001541429207233916,0.0003354791679834753,0.00036919684744052543,0.00020747981671816992,-5.147145921880524e-6,0.00020754365193025422,-0.00010109718580779199,-0.7393410956062142
2c77ee386aa0444aaf27140fe6cc8364,e233467e827140efa4b42d2b4c435855,1542800991947811,datasets/LIDAR_TOP/n015-2018-11-21-19-38-26+0800__LIDAR_TOP__1542800991947811.pcd.bin,500885ba456b405ebb59ab9a0358b0ae,2f33eba3ec8d4637aad8010686d364fa,0a3abc33048d46f9bd78151d1df4b004,4e169e93acb346d59de1af7f2b4882e1,1321.389546034655,903.756666382795,0.0,-2.565310308223547,9.741530904392409e-5,0.0004382517859349045,0.00044894807084033296,0.0005033238289521596,0.0002056299554445016,0.0005437081527503248,-2.811711506607771e-5,-0.169097977270091
4e169e93acb346d59de1af7f2b4882e1,e233467e827140efa4b42d2b4c435855,1542800992447751,datasets/LIDAR_TOP/n015-2018-11-21-19-38-26+0800__LIDAR_TOP__1542800992447751.pcd.bin,474f8b1764544249a8c1b91c2430f71f,2f33eba3ec8d4637aad8010686d364fa,2c77ee386aa0444aaf27140fe6cc8364,b902d29df24c4efda414a9a88ed57031,1321.3900926964782,903.7571833802997,0.0,-2.56601090127864,0.0010934548608566503,0.001034119103785537,0.001505006928072173,0.001992318181807269,0.0011918776610205875,0.0023216166988544273,-0.0014013542726990826,-2.5140459261102333
b902d29df24c4efda414a9a88ed57031,e233467e827140efa4b42d2b4c435855,1542800992897804,datasets/LIDAR_TOP/n015-2018-11-21-19-38-26+0800__LIDAR_TOP__1542800992897804.pcd.bin,33480893f81740c4918302729a3fba06,2f33eba3ec8d4637aad8010686d364fa,4e169e93acb346d59de1af7f2b4882e1,3ff58ee0fc4748d9895300f02114aa56,1321.397282300359,903.7619872675373,0.0,-2.5699782477551785,0.01597501601091614,0.010674047806781677,0.019212923596644206,0.03306624142058711,0.021419541038491332,0.039397627593348375,-0.008815287258474898,-1.2388159187828882
3ff58ee0fc4748d9895300f02114aa56,e233467e827140efa4b42d2b4c435855,1542800993397691,datasets/LIDAR_TOP/n015-2018-11-21-19-38-26+0800__LIDAR_TOP__1542800993397691.pcd.bin,4d9b4477402c492a84e707aa8ff72e52,2f33eba3ec8d4637aad8010686d364fa,b902d29df24c4efda414a9a88ed57031,7147d8d1b51b428fb408f34799325111,1321.349381757199,903.732461696289,0.0,-2.574352878587418,-0.09582274225983049,-0.0590644910716102,0.11256381318941815,-0.2236460605511778,-0.13950860670189838,0.26359099329067764,-0.008751239444593792,-0.20991067938185734
7147d8d1b51b428fb408f34799325111,e233467e827140efa4b42d2b4c435855,1542800993897003,datasets/LIDAR_TOP/n015-2018-11-21-19-38-26+0800__LIDAR_TOP__1542800993897003.pcd.bin,cf0243e7bafc4ea691505285b5a5d096,2f33eba3ec8d4637aad8010686d364fa,3ff58ee0fc4748d9895300f02114aa56,050b2d9c4bb647b7ab4ee94bdb538e1d,1321.3319707051842,903.7244419713054,0.0,-2.572948643465859,-0.03487008526677182,-0.01606155066084768,0.03839135652907975,0.12207328682879377,0.08612438797938468,0.14939644427498447,0.002812340022989778,0.19778717785918296
050b2d9c4bb647b7ab4ee94bdb538e1d,e233467e827140efa4b42d2b4c435855,1542800994396889,datasets/LIDAR_TOP/n015-2018-11-21-19-38-26+0800__LIDAR_TOP__1542800994396889.pcd.bin,28082e3d115f4512a9668354eb2391f7,2f33eba3ec8d4637aad8010686d364fa,7147d8d1b51b428fb408f34799325111,2690c36281244c06b709e9f4eeb1317a,1321.3309098600103,903.7264533775212,0.0,-2.5727791913198557,-0.0021221742035673393,0.004023729842089449,0.004549068607133536,0.06551075857936506,0.04017972198248626,0.07685095671645047,0.0003389815798069768,0.20119508948350548
2690c36281244c06b709e9f4eeb1317a,e233467e827140efa4b42d2b4c435855,1542800994896757,datasets/LIDAR_TOP/n015-2018-11-21-19-38-26+0800__LIDAR_TOP__1542800994896757.pcd.bin,b027389b996a487d958ad438145b316a,2f33eba3ec8d4637aad8010686d364fa,050b2d9c4bb647b7ab4ee94bdb538e1d,99f903d3f74a4f76a05a4f1e10e49329,1321.3301728342717,903.7282877151674,0.0,-2.5728052740849434,-0.0014744407294418058,0.0036696440784109467,0.003954777253759484,0.0012958090418381124,-0.0007083585340099827,0.0014767846442911637,-5.2179305512162724e-5,-0.035623782540195485
99f903d3f74a4f76a05a4f1e10e49329,e233467e827140efa4b42d2b4c435855,1542800995397176,datasets/LIDAR_TOP/n015-2018-11-21-19-38-26+0800__LIDAR_TOP__1542800995397176.pcd.bin,e5b494e154054645a56b981b2542a568,2f33eba3ec8d4637aad8010686d364fa,2690c36281244c06b709e9f4eeb1317a,25a4a6aa9096458285cba35c950f2717,1321.329462527197,903.7298227825347,0.0,-2.572905680979529,-0.0014194246716630154,0.0030675641158421085,0.0033800467457311646,0.00010993998584943897,-0.0012031516840264622,0.0012081642170103726,-0.00020064564811846008,-0.16027685137906383
25a4a6aa9096458285cba35c950f2717,e233467e827140efa4b42d2b4c435855,1542800995898163,datasets/LIDAR_TOP/n015-2018-11-21-19-38-26+0800__LIDAR_TOP__1542800995898163.pcd.bin,c2b6c6405b7746828089305baf0be09e,2f33eba3ec8d4637aad8010686d364fa,99f903d3f74a4f76a05a4f1e10e49329,c631b61375a642b6b110f5bd5543ef7a,1321.3298680935168,903.731802484132,0.0,-2.574025474439304,0.0008095346183462944,0.003951602730794731,0.0040336720789282635,0.0044491359855830795,0.0017645939215041966,0.004786293213544264,-0.0022351746847220884,-1.4961483062235232
c631b61375a642b6b110f5bd5543ef7a,e233467e827140efa4b42d2b4c435855,1542800996448383,datasets/LIDAR_TOP/n015-2018-11-21-19-38-26+0800__LIDAR_TOP__1542800996448383.pcd.bin,26e5af11777c423691ee4ecd5efc22ad,2f33eba3ec8d4637aad8010686d364fa,25a4a6aa9096458285cba35c950f2717,614c6962e44240b1b0ebb3eb351fe0eb,1321.325765961198,903.7308438656296,0.0,-2.582161335469039,-0.007455440221818212,-0.0017422458333195465,0.007656305208442523,-0.015021218494719397,-0.010348312609709347,0.0182407395391297,-0.014786559975527693,-5.2144880392047765
614c6962e44240b1b0ebb3eb351fe0eb,e233467e827140efa4b42d2b4c435855,1542800996948806,datasets/LIDAR_TOP/n015-2018-11-21-19-38-26+0800__LIDAR_TOP__1542800996948806.pcd.bin,13190d5fa4e6464d90cdae484b134029,2f33eba3ec8d4637aad8010686d364fa,c631b61375a642b6b110f5bd5543ef7a,ace4b20b94cf47d0b68addac79fe68de,1321.2266006898858,903.6702606765743,0.0,-2.5930945261031164,-0.19816289681355806,-0.12106395800203197,0.2322176039852677,-0.3810925089209326,-0.2384417026569771,0.44953970449962416,-0.021847897946492258,-0.2540260662549575
ace4b20b94cf47d0b68addac79fe68de,e233467e827140efa4b42d2b4c435855,1542800997448664,datasets/LIDAR_TOP/n015-2018-11-21-19-38-26+0800__LIDAR_TOP__1542800997448664.pcd.bin,3a9531b0c656401292aa52e8e1741db2,2f33eba3ec8d4637aad8010686d364fa,614c6962e44240b1b0ebb3eb351fe0eb,134ae8a8f5c340f9894a414fc0966af4,1321.1930244202736,903.649599992475,0.0,-2.5916932901943652,-0.06717161596341388,-0.041333106800955,0.07886984030005076,0.26205698588427945,0.15950700239083296,0.3067838777746683,0.002803267945598922,0.09596600455031248
134ae8a8f5c340f9894a414fc0966af4,e233467e827140efa4b42d2b4c435855,1542800997948536,datasets/LIDAR_TOP/n015-2018-11-21-19-38-26+0800__LIDAR_TOP__1542800997948536.pcd.bin,d347b5c478b74796abed1a10ff464e7f,2f33eba3ec8d4637aad8010686d364fa,ace4b20b94cf47d0b68addac79fe68de,41550a1f0b0548e5823b14d95e807c7d,1321.1965984624892,903.6517135776858,0.0,-2.593243062332101,0.0071499148094557995,0.004228252854203369,0.00830658798674608,0.14868112391346122,0.09114605269980788,0.17439518207486743,-0.0031003379619898136,-1.0077437945314072
41550a1f0b0548e5823b14d95e807c7d,e233467e827140efa4b42d2b4c435855,1542800998398646,datasets/LIDAR_TOP/n015-2018-11-21-19-38-26+0800__LIDAR_TOP__1542800998398646.pcd.bin,80bccf7217974ff88fc90aeabbd06cd9,2f33eba3ec8d4637aad8010686d364fa,134ae8a8f5c340f9894a414fc0966af4,36aa1c0eeb50457b97911c3bd742a730,1321.1949538009403,903.65064148126,0.0,-2.6033063811327968,-0.0036539102638917637,-0.002381854270705149,0.004361684305798614,-0.024002632852741693,-0.014685537146272062,0.02813878791167188,-0.02235746550997706,-13.839873004262593
36aa1c0eeb50457b97911c3bd742a730,e233467e827140efa4b42d2b4c435855,1542800998948303,datasets/LIDAR_TOP/n015-2018-11-21-19-38-26+0800__LIDAR_TOP__1542800998948303.pcd.bin,b0414855b9ef489fb3cfbf632437a099,2f33eba3ec8d4637aad8010686d364fa,41550a1f0b0548e5823b14d95e807c7d,26f99f91a8e14038bd52aee4d00df394,1321.0014106146846,903.5399974951849,0.0,-2.6443707851839826,-0.35211629480883166,-0.20129641953990762,0.40559355713507894,-0.63396333448849,-0.36188853279263705,0.7299813830794403,-0.07470914415933179,-0.49733208450107785
26f99f91a8e14038bd52aee4d00df394,e233467e827140efa4b42d2b4c435855,1542800999448167,datasets/LIDAR_TOP/n015-2018-11-21-19-38-26+0800__LIDAR_TOP__1542800999448167.pcd.bin,961ec15476e447b083e0e6942dfb2507,2f33eba3ec8d4637aad8010686d364fa,36aa1c0eeb50457b97911c3bd742a730,8e5512a630dc44c08d3e3f692b34f808,1320.716154659735,903.392006471179,0.0,-2.6846018439191552,-0.5706671313590533,-0.2960625770328181,0.6428950336819257,-0.4372205971028553,-0.18958388180167096,0.4765541928993672,-0.08048400912082614,-0.3380129153925675
8e5512a630dc44c08d3e3f692b34f808,e233467e827140efa4b42d2b4c435855,1542800999948064,datasets/LIDAR_TOP/n015-2018-11-21-19-38-26+0800__LIDAR_TOP__1542800999948064.pcd.bin,1db9636af66847f48c67b78ed7abe924,2f33eba3ec8d4637aad8010686d364fa,26f99f91a8e14038bd52aee4d00df394,b4c279e61abf49bd871ff2ec4b13e115,1320.5116077633684,903.2939962540893,0.0,-2.7018533600752863,-0.4091780834182584,-0.1960608227089232,0.4537251923258604,0.32304464307806396,0.20004471785966887,0.379968065190995,-0.03451014140139084,-0.20536082932956545
b4c279e61abf49bd871ff2ec4b13e115,e233467e827140efa4b42d2b4c435855,1542801000447918,datasets/LIDAR_TOP/n015-2018-11-21-19-38-26+0800__LIDAR_TOP__1542801000447918.pcd.bin,4ac1a1868ec9433d899b9e5a530c2da4,2f33eba3ec8d4637aad8010686d364fa,8e5512a630dc44c08d3e3f692b34f808,9c93690fc9e24ebc90906ed922159d75,1320.4723498392677,903.2761858928218,0.0,-2.699969641174877,-0.07853878152548299,-0.03563112682401888,0.08624336149673706,0.6614717535375838,0.32095311007795135,0.7352249856994766,0.003768538213977044,0.1179807118038063
9c93690fc9e24ebc90906ed922159d75,e233467e827140efa4b42d2b4c435855,1542801000947820,datasets/LIDAR_TOP/n015-2018-11-21-19-38-26+0800__LIDAR_TOP__1542801000947820.pcd.bin,ad6ed998c429493e9e3c769a8766520f,2f33eba3ec8d4637aad8010686d364fa,b4c279e61abf49bd871ff2ec4b13e115,f2a6d0e38153467ba0d02706024e258d,1320.481055342358,903.2806501193138,0.0,-2.701403215997001,0.017414419406940638,0.008930203303884556,0.019570654928477517,0.19194402289333434,0.0891401317216243,0.2116328684487015,-0.002867711715744565,-0.3956342626655608
f2a6d0e38153467ba0d02706024e258d,e233467e827140efa4b42d2b4c435855,1542801001447119,datasets/LIDAR_TOP/n015-2018-11-21-19-38-26+0800__LIDAR_TOP__1542801001447119.pcd.bin,c34fd1d1fe324be19b99254fbefe1fc7,2f33eba3ec8d4637aad8010686d364fa,9c93690fc9e24ebc90906ed922159d75,93f4f8ac1145418cadcf14dfd2a9cf78,1320.4857287660634,903.28294992327,0.0,-2.702415137169494,0.009359970088661851,0.00460606561649046,0.01043191643582617,-0.01613151502061648,-0.008660417279814493,0.018309249146835176,-0.0020266837556114606,-0.524548502071813
93f4f8ac1145418cadcf14dfd2a9cf78,e233467e827140efa4b42d2b4c435855,1542801001947564,datasets/LIDAR_TOP/n015-2018-11-21-19-38-26+0800__LIDAR_TOP__1542801001947564.pcd.bin,f1e22417afdf40b6b4d6ce0cdb7bda62,2f33eba3ec8d4637aad8010686d364fa,f2a6d0e38153467ba0d02706024e258d,d61ef2ae3bd54793b8beec55061940f0,1320.4878362373033,903.2839779474318,0.0,-2.7028758533345543,0.004211194516728216,0.002054220067678328,0.004685507373185336,-0.010288394472786488,-0.005099152851586351,0.011482700929289448,-0.0009206129845638359,-0.5304985907284019
d61ef2ae3bd54793b8beec55061940f0,e233467e827140efa4b42d2b4c435855,1542801002447972,datasets/LIDAR_TOP/n015-2018-11-21-19-38-26+0800__LIDAR_TOP__1542801002447972.pcd.bin,0fadce38a46c4f8ebfdaf1f2d8d853cc,2f33eba3ec8d4637aad8010686d364fa,93f4f8ac1145418cadcf14dfd2a9cf78,fc8ed14d78fa4879898315f5dee21d38,1320.4889421327337,903.2845187867501,0.0,-2.703143956953068,0.0022099875108471867,0.0010807967065251374,0.0024601151027820074,-0.0039991507047869536,-0.0019452593906436162,0.004447160943398064,-0.0005357700486681394,-0.5880127843482285
fc8ed14d78fa4879898315f5dee21d38,e233467e827140efa4b42d2b4c435855,1542801002947855,datasets/LIDAR_TOP/n015-2018-11-21-19-38-26+0800__LIDAR_TOP__1542801002947855.pcd.bin,11e4c8e9cc2649548310bdbacf886b5d,2f33eba3ec8d4637aad8010686d364fa,d61ef2ae3bd54793b8beec55061940f0,dc53cf076d114df7bb59c2a0b3bc3154,1320.4894894065364,903.2847918471432,0.0,-2.7033053151568613,0.0010948037896762529,0.0005462486082860535,0.001223512517281264,-0.0022308894704779593,-0.0010693464235412764,0.0024739380758276768,-0.0003227919409004694,-0.7123247438186333
dc53cf076d114df7bb59c2a0b3bc3154,e233467e827140efa4b42d2b4c435855,1542801003447741,datasets/LIDAR_TOP/n015-2018-11-21-19-38-26+0800__LIDAR_TOP__1542801003447741.pcd.bin,da349c581e8f4905bd921dac23322f81,2f33eba3ec8d4637aad8010686d364fa,fc8ed14d78fa4879898315f5dee21d38,9bd27a83e6ee47f9aa372bbe8a8573c8,1320.4896385364277,903.284875449282,0.0,-2.7032950453382,0.000298327801278081,0.00016724240892827442,0.00034200804136678764,-0.0015933152526739535,-0.0007581852649559681,0.001764510807674415,2.054432142779972e-5,0.16218819777857393
9bd27a83e6ee47f9aa372bbe8a8573c8,e233467e827140efa4b42d2b4c435855,1542801003948191,datasets/LIDAR_TOP/n015-2018-11-21-19-38-26+0800__LIDAR_TOP__1542801003948191.pcd.bin,f8a059bf1c5143e7a860c3070829326e,2f33eba3ec8d4637aad8010686d364fa,dc53cf076d114df7bb59c2a0b3bc3154,236f1ecb6ee7459d918cd011831674d6,1320.4897853725222,903.2849559428885,0.0,-2.7033568579780685,0.0002934081216360206,0.00016084245468459888,0.0003346021833027171,-9.830511823479646e-6,-1.278839892831559e-5,1.6130161495202597e-5,-0.0001235141170314216,-0.9966704720606355
236f1ecb6ee7459d918cd011831674d6,e233467e827140efa4b42d2b4c435855,1542801004447480,datasets/LIDAR_TOP/n015-2018-11-21-19-38-26+0800__LIDAR_TOP__1542801004447480.pcd.bin,382de18dad304a4f81692ac6b35b3836,2f33eba3ec8d4637aad8010686d364fa,9bd27a83e6ee47f9aa372bbe8a8573c8,8336b62c3f6f4bb988c3865cc5df4446,1320.4899576686503,903.2850466301707,0.0,-2.703397675527212,0.00034508296414457605,0.00018163284627046482,0.0003899650535459775,0.00010349685754854496,4.163999524497024e-5,0.00011155935069022655,-8.175134870537263e-5,-0.566021594749084
8336b62c3f6f4bb988c3865cc5df4446,e233467e827140efa4b42d2b4c435855,1542801004947354,datasets/LIDAR_TOP/n015-2018-11-21-19-38-26+0800__LIDAR_TOP__1542801004947354.pcd.bin,726e07214b9a4914b6aee2ab19714dbe,2f33eba3ec8d4637aad8010686d364fa,236f1ecb6ee7459d918cd011831674d6,8cc06390249d4895b5b9b860f0952f24,1320.48996372468,903.2850580723557,0.0,-2.7034186881011055,1.2115112274948993e-5,2.2890138397341597e-5,2.589854013808639e-5,-0.0006661035618368371,-0.0003175654422376904,0.0007379307319764782,-4.2035740793297276e-5,-4.382351265235785
8cc06390249d4895b5b9b860f0952f24,e233467e827140efa4b42d2b4c435855,1542801005447229,datasets/LIDAR_TOP/n015-2018-11-21-19-38-26+0800__LIDAR_TOP__1542801005447229.pcd.bin,a3f72937ffd14cfcaeb1a76ca65a9144,2f33eba3ec8d4637aad8010686d364fa,8336b62c3f6f4bb988c3865cc5df4446,d7cb9aa06de1442d8e2a22d562045cb4,1320.4899403310196,903.2850544976725,0.0,-2.7033987878782715,-4.679902032581066e-5,-7.151154199435564e-6,4.734223600380261e-5,-0.00011785772963392777,-6.009760959595331e-5,0.0001322957562192062,3.981039826765918e-5,2.270447794524242
d7cb9aa06de1442d8e2a22d562045cb4,e233467e827140efa4b42d2b4c435855,1542801005947122,datasets/LIDAR_TOP/n015-2018-11-21-19-38-26+0800__LIDAR_TOP__1542801005947122.pcd.bin,3bb2d52afb664af09e24b313122f8d24,2f33eba3ec8d4637aad8010686d364fa,8cc06390249d4895b5b9b860f0952f24,4d4e4c0fd8ec49bdb12788e0a9ecbce3,1320.4899344702262,903.2850580953263,0.0,-2.703349590643928,-1.1724095772333516e-5,7.1968478421945905e-6,1.3756781620079226e-5,7.01648643879333e-5,2.870214634257762e-5,7.580845203041553e-5,9.841552960987219e-5,19.315704594656832
4d4e4c0fd8ec49bdb12788e0a9ecbce3,e233467e827140efa4b42d2b4c435855,1542801006446992,datasets/LIDAR_TOP/n015-2018-11-21-19-38-26+0800__LIDAR_TOP__1542801006446992.pcd.bin,3f7ae86f28f84174b3cf7d4f4c8d9335,2f33eba3ec8d4637aad8010686d364fa,d7cb9aa06de1442d8e2a22d562045cb4,0d6668bcb0644bbaaee81c17cc308845,1320.4898309895916,903.2850150997201,0.0,-2.7033780806524232,-0.00020701509313815036,-8.601357600219659e-5,0.00022417311177677556,-0.0003906835724604734,-0.00018646932971450814,0.0004329023731912958,-5.6994835647328587e-5,-0.686460811593774
0d6668bcb0644bbaaee81c17cc308845,e233467e827140efa4b42d2b4c435855,1542801006946864,datasets/LIDAR_TOP/n015-2018-11-21-19-38-26+0800__LIDAR_TOP__1542801006946864.pcd.bin,4f8e6d77f3514815ba95220dbf42b5d3,2f33eba3ec8d4637aad8010686d364fa,4d4e4c0fd8ec49bdb12788e0a9ecbce3,abf3d91d3c28407e80e3334fe89c03cb,1320.4899865294192,903.2850926776423,0.0,-2.7034234819972975,0.00031115931193205997,0.00015519557443503774,0.00034771508987424505,0.0010366141833713638,0.000482541831583354,0.0011434227496400873,-9.082594118953703e-5,-0.7052614291212961
abf3d91d3c28407e80e3334fe89c03cb,e233467e827140efa4b42d2b4c435855,1542801007446751,datasets/LIDAR_TOP/n015-2018-11-21-19-38-26+0800__LIDAR_TOP__1542801007446751.pcd.bin,e7d9eec0e14a4a25beffd451517b520e,2f33eba3ec8d4637aad8010686d364fa,0d6668bcb0644bbaaee81c17cc308845,,1320.4900288562744,903.2851165486481,0.0,-2.7034492156454393,8.467284653682076e-5,4.775280383587894e-5,9.721019090011055e-5,-0.00045307532581411234,-0.00021493411630860333,0.0005014717591399582,-5.1478930521767384e-5,-1.429820383251751
