sample_token,scene_token,timestamp,filename,ego_pose_token,calibrated_sensor_token,prev_sample,next_sample
ca9a282c9e77460f8360f564131a8af5,cc8c0bf57f984915a77078b10eb33198,1532402927647951,datasets/LIDAR_TOP/n015-2018-07-24-11-22-45+0800__LIDAR_TOP__1532402927647951.pcd.bin,9d9bf11fb0e144c8b446d54a8a00184f,a183049901c24361a6b0b11b8013137c,,39586f9d59004284a7114a68825e8eec
39586f9d59004284a7114a68825e8eec,cc8c0bf57f984915a77078b10eb33198,1532402928147847,datasets/LIDAR_TOP/n015-2018-07-24-11-22-45+0800__LIDAR_TOP__1532402928147847.pcd.bin,4f792c8da81e4cb7aca1790654da1c27,a183049901c24361a6b0b11b8013137c,ca9a282c9e77460f8360f564131a8af5,356d81f38dd9473ba590f39e266f54e5
356d81f38dd9473ba590f39e266f54e5,cc8c0bf57f984915a77078b10eb33198,1532402928698048,datasets/LIDAR_TOP/n015-2018-07-24-11-22-45+0800__LIDAR_TOP__1532402928698048.pcd.bin,28aaabeb212146a28a511858c09cf20c,a183049901c24361a6b0b11b8013137c,39586f9d59004284a7114a68825e8eec,e0845f5322254dafadbbed75aaa07969
e0845f5322254dafadbbed75aaa07969,cc8c0bf57f984915a77078b10eb33198,1532402929197353,datasets/LIDAR_TOP/n015-2018-07-24-11-22-45+0800__LIDAR_TOP__1532402929197353.pcd.bin,c4f1a270736445e185379a80c29a5139,a183049901c24361a6b0b11b8013137c,356d81f38dd9473ba590f39e266f54e5,c923fe08b2ff4e27975d2bf30934383b
c923fe08b2ff4e27975d2bf30934383b,cc8c0bf57f984915a77078b10eb33198,1532402929697797,datasets/LIDAR_TOP/n015-2018-07-24-11-22-45+0800__LIDAR_TOP__1532402929697797.pcd.bin,6a97481174074729a9d0ffa096eaa498,a183049901c24361a6b0b11b8013137c,e0845f5322254dafadbbed75aaa07969,f1e3d9d08f044c439ce86a2d6fcca57b
f1e3d9d08f044c439ce86a2d6fcca57b,cc8c0bf57f984915a77078b10eb33198,1532402930152601,datasets/LIDAR_TOP/n015-2018-07-24-11-22-45+0800__LIDAR_TOP__1532402930152601.pcd.bin,fca0353274424116948fa1f10be1fc29,a183049901c24361a6b0b11b8013137c,c923fe08b2ff4e27975d2bf30934383b,4f545737bf3347fbbc9af60b0be9a963
4f545737bf3347fbbc9af60b0be9a963,cc8c0bf57f984915a77078b10eb33198,1532402930648325,datasets/LIDAR_TOP/n015-2018-07-24-11-22-45+0800__LIDAR_TOP__1532402930648325.pcd.bin,bba3bbf8fb5b443d91ce478600ac3b49,a183049901c24361a6b0b11b8013137c,f1e3d9d08f044c439ce86a2d6fcca57b,7626dde27d604ac28a0240bdd54eba7a
7626dde27d604ac28a0240bdd54eba7a,cc8c0bf57f984915a77078b10eb33198,1532402931198511,datasets/LIDAR_TOP/n015-2018-07-24-11-22-45+0800__LIDAR_TOP__1532402931198511.pcd.bin,6d62c08a571148b69ce69a8fca44b72f,a183049901c24361a6b0b11b8013137c,4f545737bf3347fbbc9af60b0be9a963,be99ffc878b24aca8956bbb4e0f97d0c
be99ffc878b24aca8956bbb4e0f97d0c,cc8c0bf57f984915a77078b10eb33198,1532402931697833,datasets/LIDAR_TOP/n015-2018-07-24-11-22-45+0800__LIDAR_TOP__1532402931697833.pcd.bin,07963799cc9d4a19bd0d9076e4a00da4,a183049901c24361a6b0b11b8013137c,7626dde27d604ac28a0240bdd54eba7a,9813c23a5f1448b09bb7910fea9baf20
9813c23a5f1448b09bb7910fea9baf20,cc8c0bf57f984915a77078b10eb33198,1532402932197715,datasets/LIDAR_TOP/n015-2018-07-24-11-22-45+0800__LIDAR_TOP__1532402932197715.pcd.bin,6be2618c971046478919fe91a9880bd8,a183049901c24361a6b0b11b8013137c,be99ffc878b24aca8956bbb4e0f97d0c,023c4df2d451409881d8e6ea82f14704
023c4df2d451409881d8e6ea82f14704,cc8c0bf57f984915a77078b10eb33198,1532402932647284,datasets/LIDAR_TOP/n015-2018-07-24-11-22-45+0800__LIDAR_TOP__1532402932647284.pcd.bin,68dbac351067433883a6303bab0d61ea,a183049901c24361a6b0b11b8013137c,9813c23a5f1448b09bb7910fea9baf20,c235638ed66145988d17f9d0601923f2
c235638ed66145988d17f9d0601923f2,cc8c0bf57f984915a77078b10eb33198,1532402933146604,datasets/LIDAR_TOP/n015-2018-07-24-11-22-45+0800__LIDAR_TOP__1532402933146604.pcd.bin,b5baeed9277642debf7abf2bae8c8e90,a183049901c24361a6b0b11b8013137c,023c4df2d451409881d8e6ea82f14704,bc3c8a953f6b4dcdb77b521d89f3d9d5
bc3c8a953f6b4dcdb77b521d89f3d9d5,cc8c0bf57f984915a77078b10eb33198,1532402933646462,datasets/LIDAR_TOP/n015-2018-07-24-11-22-45+0800__LIDAR_TOP__1532402933646462.pcd.bin,ec1f1d29781744cbbd9e2affac55c70e,a183049901c24361a6b0b11b8013137c,c235638ed66145988d17f9d0601923f2,1e3d79dae62742a0ad64c91679863358
1e3d79dae62742a0ad64c91679863358,cc8c0bf57f984915a77078b10eb33198,1532402934146351,datasets/LIDAR_TOP/n015-2018-07-24-11-22-45+0800__LIDAR_TOP__1532402934146351.pcd.bin,620c4688ff1043d2aa4ea1d0c0735707,a183049901c24361a6b0b11b8013137c,bc3c8a953f6b4dcdb77b521d89f3d9d5,2afb9d32310e4546a71cbe432911eca2
2afb9d32310e4546a71cbe432911eca2,cc8c0bf57f984915a77078b10eb33198,1532402934696555,datasets/LIDAR_TOP/n015-2018-07-24-11-22-45+0800__LIDAR_TOP__1532402934696555.pcd.bin,9d4adec20d8a4ba08f2ea4becb6f64b2,a183049901c24361a6b0b11b8013137c,1e3d79dae62742a0ad64c91679863358,cd21dbfc3bd749c7b10a5c42562e0c42
cd21dbfc3bd749c7b10a5c42562e0c42,cc8c0bf57f984915a77078b10eb33198,1532402935197541,datasets/LIDAR_TOP/n015-2018-07-24-11-22-45+0800__LIDAR_TOP__1532402935197541.pcd.bin,f582c6d34c8b403c8f3b66a8bb896892,a183049901c24361a6b0b11b8013137c,2afb9d32310e4546a71cbe432911eca2,88449a5cb1644a199c1c11f6ac034867
88449a5cb1644a199c1c11f6ac034867,cc8c0bf57f984915a77078b10eb33198,1532402935697945,datasets/LIDAR_TOP/n015-2018-07-24-11-22-45+0800__LIDAR_TOP__1532402935697945.pcd.bin,8ca363317e054bcda00792ebeb46d046,a183049901c24361a6b0b11b8013137c,cd21dbfc3bd749c7b10a5c42562e0c42,2ff86dc19c4644a1a88ce5ba848f56e5
2ff86dc19c4644a1a88ce5ba848f56e5,cc8c0bf57f984915a77078b10eb33198,1532402936198962,datasets/LIDAR_TOP/n015-2018-07-24-11-22-45+0800__LIDAR_TOP__1532402936198962.pcd.bin,a2491d8dad5548be842fac104d69d52a,a183049901c24361a6b0b11b8013137c,88449a5cb1644a199c1c11f6ac034867,bf2938e43c6f487497cda76b51bfc406
bf2938e43c6f487497cda76b51bfc406,cc8c0bf57f984915a77078b10eb33198,1532402936699359,datasets/LIDAR_TOP/n015-2018-07-24-11-22-45+0800__LIDAR_TOP__1532402936699359.pcd.bin,aabc5b01953f41158d3069c0733ea152,a183049901c24361a6b0b11b8013137c,2ff86dc19c4644a1a88ce5ba848f56e5,b26e791522294bec90f86fd72226e35c
b26e791522294bec90f86fd72226e35c,cc8c0bf57f984915a77078b10eb33198,1532402937198682,datasets/LIDAR_TOP/n015-2018-07-24-11-22-45+0800__LIDAR_TOP__1532402937198682.pcd.bin,cb6676be21f34ad39eb93ecbd40aa846,a183049901c24361a6b0b11b8013137c,bf2938e43c6f487497cda76b51bfc406,c844bf5a9f2243ff8f4bf2c85fe218ff
c844bf5a9f2243ff8f4bf2c85fe218ff,cc8c0bf57f984915a77078b10eb33198,1532402937698000,datasets/LIDAR_TOP/n015-2018-07-24-11-22-45+0800__LIDAR_TOP__1532402937698000.pcd.bin,e28319b88b634a2d9eff6fdfa7db5500,a183049901c24361a6b0b11b8013137c,b26e791522294bec90f86fd72226e35c,fedfb3a6cb804635a0f47143f9ca8d6f
fedfb3a6cb804635a0f47143f9ca8d6f,cc8c0bf57f984915a77078b10eb33198,1532402938197897,datasets/LIDAR_TOP/n015-2018-07-24-11-22-45+0800__LIDAR_TOP__1532402938197897.pcd.bin,dc820c3695754f09aed71d7adc0f2365,a183049901c24361a6b0b11b8013137c,c844bf5a9f2243ff8f4bf2c85fe218ff,965f6af5a92449348409029a5f048a38
965f6af5a92449348409029a5f048a38,cc8c0bf57f984915a77078b10eb33198,1532402938647444,datasets/LIDAR_TOP/n015-2018-07-24-11-22-45+0800__LIDAR_TOP__1532402938647444.pcd.bin,ea5b7cc72183440d88f625e81354ec74,a183049901c24361a6b0b11b8013137c,fedfb3a6cb804635a0f47143f9ca8d6f,4711bcd34644420da8bc77163431888e
4711bcd34644420da8bc77163431888e,cc8c0bf57f984915a77078b10eb33198,1532402939147334,datasets/LIDAR_TOP/n015-2018-07-24-11-22-45+0800__LIDAR_TOP__1532402939147334.pcd.bin,c28ea16a15a94d97afdbf7823282ee4f,a183049901c24361a6b0b11b8013137c,965f6af5a92449348409029a5f048a38,a34fabc7aa674713b71f98ec541eb2d4
a34fabc7aa674713b71f98ec541eb2d4,cc8c0bf57f984915a77078b10eb33198,1532402939697511,datasets/LIDAR_TOP/n015-2018-07-24-11-22-45+0800__LIDAR_TOP__1532402939697511.pcd.bin,4c850e12ce914a34ba56fd9896123b10,a183049901c24361a6b0b11b8013137c,4711bcd34644420da8bc77163431888e,c78067571d104caba7c568a847d56971
c78067571d104caba7c568a847d56971,cc8c0bf57f984915a77078b10eb33198,1532402940197958,datasets/LIDAR_TOP/n015-2018-07-24-11-22-45+0800__LIDAR_TOP__1532402940197958.pcd.bin,ba77cd8dab87477ab3cbcb044c3a2396,a183049901c24361a6b0b11b8013137c,a34fabc7aa674713b71f98ec541eb2d4,4246e57f018745c9b2bc68feb3d71b58
4246e57f018745c9b2bc68feb3d71b58,cc8c0bf57f984915a77078b10eb33198,1532402940797343,datasets/LIDAR_TOP/n015-2018-07-24-11-22-45+0800__LIDAR_TOP__1532402940797343.pcd.bin,67768023d82a4533ae51f8d2cbd5ba60,a183049901c24361a6b0b11b8013137c,c78067571d104caba7c568a847d56971,a7acb150914b40bdad9a2dc4e657cbf9
a7acb150914b40bdad9a2dc4e657cbf9,cc8c0bf57f984915a77078b10eb33198,1532402941297218,datasets/LIDAR_TOP/n015-2018-07-24-11-22-45+0800__LIDAR_TOP__1532402941297218.pcd.bin,67e7a792d1ad4a3c905dc593163ef339,a183049901c24361a6b0b11b8013137c,4246e57f018745c9b2bc68feb3d71b58,0cd661df01aa40c3bb3a773ba86f753a
0cd661df01aa40c3bb3a773ba86f753a,cc8c0bf57f984915a77078b10eb33198,1532402941797653,datasets/LIDAR_TOP/n015-2018-07-24-11-22-45+0800__LIDAR_TOP__1532402941797653.pcd.bin,7ac90d580eae4d1a8d7e11000648d3a1,a183049901c24361a6b0b11b8013137c,a7acb150914b40bdad9a2dc4e657cbf9,378a3a3e9af346308ab9dff8ced46d9c
378a3a3e9af346308ab9dff8ced46d9c,cc8c0bf57f984915a77078b10eb33198,1532402942197463,datasets/LIDAR_TOP/n015-2018-07-24-11-22-45+0800__LIDAR_TOP__1532402942197463.pcd.bin,880f7696d59c45c89d3af55a1ec745b0,a183049901c24361a6b0b11b8013137c,0cd661df01aa40c3bb3a773ba86f753a,eef55c3b48f34d949959b45130ee293a
eef55c3b48f34d949959b45130ee293a,cc8c0bf57f984915a77078b10eb33198,1532402942697870,datasets/LIDAR_TOP/n015-2018-07-24-11-22-45+0800__LIDAR_TOP__1532402942697870.pcd.bin,729c663149494df59f3b9bf2e2ebb262,a183049901c24361a6b0b11b8013137c,378a3a3e9af346308ab9dff8ced46d9c,5fda58ee3ae44ab9b4bbac7a2de66c27
5fda58ee3ae44ab9b4bbac7a2de66c27,cc8c0bf57f984915a77078b10eb33198,1532402943197769,datasets/LIDAR_TOP/n015-2018-07-24-11-22-45+0800__LIDAR_TOP__1532402943197769.pcd.bin,86c604d17fbc44c38b43097e91720c0b,a183049901c24361a6b0b11b8013137c,eef55c3b48f34d949959b45130ee293a,919e3c4cec934168a3152077a9adcbea
919e3c4cec934168a3152077a9adcbea,cc8c0bf57f984915a77078b10eb33198,1532402943697655,datasets/LIDAR_TOP/n015-2018-07-24-11-22-45+0800__LIDAR_TOP__1532402943697655.pcd.bin,f8e0d79210e341a0b7604d75bf4ad2a7,a183049901c24361a6b0b11b8013137c,5fda58ee3ae44ab9b4bbac7a2de66c27,b73152cab88f49d9ba195da81fde1809
b73152cab88f49d9ba195da81fde1809,cc8c0bf57f984915a77078b10eb33198,1532402944198088,datasets/LIDAR_TOP/n015-2018-07-24-11-22-45+0800__LIDAR_TOP__1532402944198088.pcd.bin,bd10d8d1303e4e15b1aa59d51b32c547,a183049901c24361a6b0b11b8013137c,919e3c4cec934168a3152077a9adcbea,6aa6fa91e0d1492e812eb7e57c47df6e
6aa6fa91e0d1492e812eb7e57c47df6e,cc8c0bf57f984915a77078b10eb33198,1532402944697931,datasets/LIDAR_TOP/n015-2018-07-24-11-22-45+0800__LIDAR_TOP__1532402944697931.pcd.bin,111817c846784c0baf4bdf98745e8444,a183049901c24361a6b0b11b8013137c,b73152cab88f49d9ba195da81fde1809,aa581aac963a4fad848ac11fe66e8637
aa581aac963a4fad848ac11fe66e8637,cc8c0bf57f984915a77078b10eb33198,1532402945197276,datasets/LIDAR_TOP/n015-2018-07-24-11-22-45+0800__LIDAR_TOP__1532402945197276.pcd.bin,e5bd7485417a4e99a9827bc7c848278c,a183049901c24361a6b0b11b8013137c,6aa6fa91e0d1492e812eb7e57c47df6e,67e5f88901214f3aa03d68e028185e22
67e5f88901214f3aa03d68e028185e22,cc8c0bf57f984915a77078b10eb33198,1532402945697148,datasets/LIDAR_TOP/n015-2018-07-24-11-22-45+0800__LIDAR_TOP__1532402945697148.pcd.bin,04c98fec98ba4d3c9676d2c31fa4a1ca,a183049901c24361a6b0b11b8013137c,aa581aac963a4fad848ac11fe66e8637,29e056fc277543c9bc42310b122c640e
29e056fc277543c9bc42310b122c640e,cc8c0bf57f984915a77078b10eb33198,1532402946297085,datasets/LIDAR_TOP/n015-2018-07-24-11-22-45+0800__LIDAR_TOP__1532402946297085.pcd.bin,faa171b7a8164f4cbf90b260af5c27f1,a183049901c24361a6b0b11b8013137c,67e5f88901214f3aa03d68e028185e22,ed5fc18c31904f96a8f0dbb99ff069c0
ed5fc18c31904f96a8f0dbb99ff069c0,cc8c0bf57f984915a77078b10eb33198,1532402946797517,datasets/LIDAR_TOP/n015-2018-07-24-11-22-45+0800__LIDAR_TOP__1532402946797517.pcd.bin,202d8a4cc24045a08f6ece5876b42d5c,a183049901c24361a6b0b11b8013137c,29e056fc277543c9bc42310b122c640e,
3e8750f331d7499e9b5123e9eb70f2e2,fcbccedd61424f1b85dcbf8f897f9754,1533151603547590,datasets/LIDAR_TOP/n008-2018-08-01-15-16-36-0400__LIDAR_TOP__1533151603547590.pcd.bin,fdddd75ee1d94f14a09991988dab8b3e,d051cafdd9fe4d999b413462364d44a0,,3950bd41f74548429c0f7700ff3d8269
3950bd41f74548429c0f7700ff3d8269,fcbccedd61424f1b85dcbf8f897f9754,1533151604048025,datasets/LIDAR_TOP/n008-2018-08-01-15-16-36-0400__LIDAR_TOP__1533151604048025.pcd.bin,53121f39e1a0434d8431777a05de3eec,d051cafdd9fe4d999b413462364d44a0,3e8750f331d7499e9b5123e9eb70f2e2,c5f58c19249d4137ae063b0e9ecd8b8e
c5f58c19249d4137ae063b0e9ecd8b8e,fcbccedd61424f1b85dcbf8f897f9754,1533151604547893,datasets/LIDAR_TOP/n008-2018-08-01-15-16-36-0400__LIDAR_TOP__1533151604547893.pcd.bin,872aeb79742f4cd5b6e069c36b007ace,d051cafdd9fe4d999b413462364d44a0,3950bd41f74548429c0f7700ff3d8269,700c1a25559b4433be532de3475e58a9
700c1a25559b4433be532de3475e58a9,fcbccedd61424f1b85dcbf8f897f9754,1533151605047769,datasets/LIDAR_TOP/n008-2018-08-01-15-16-36-0400__LIDAR_TOP__1533151605047769.pcd.bin,d2e315d29ed4468f802bf6ccfdbe6852,d051cafdd9fe4d999b413462364d44a0,c5f58c19249d4137ae063b0e9ecd8b8e,747aa46b9a4641fe90db05d97db2acea
747aa46b9a4641fe90db05d97db2acea,fcbccedd61424f1b85dcbf8f897f9754,1533151605548192,datasets/LIDAR_TOP/n008-2018-08-01-15-16-36-0400__LIDAR_TOP__1533151605548192.pcd.bin,79a411ec3dc943bf94886ad9e539481d,d051cafdd9fe4d999b413462364d44a0,700c1a25559b4433be532de3475e58a9,f4f86af4da3b49e79497deda5c5f223a
f4f86af4da3b49e79497deda5c5f223a,fcbccedd61424f1b85dcbf8f897f9754,1533151606048630,datasets/LIDAR_TOP/n008-2018-08-01-15-16-36-0400__LIDAR_TOP__1533151606048630.pcd.bin,9181fe90f31b4740b36969e383506d40,d051cafdd9fe4d999b413462364d44a0,747aa46b9a4641fe90db05d97db2acea,6832e717621341568c759151b5974512
6832e717621341568c759151b5974512,fcbccedd61424f1b85dcbf8f897f9754,1533151606549066,datasets/LIDAR_TOP/n008-2018-08-01-15-16-36-0400__LIDAR_TOP__1533151606549066.pcd.bin,139d5e756c1f461ba1f0c6ec46968e43,d051cafdd9fe4d999b413462364d44a0,f4f86af4da3b49e79497deda5c5f223a,c59e60042a8643e899008da2e446acca
c59e60042a8643e899008da2e446acca,fcbccedd61424f1b85dcbf8f897f9754,1533151607048933,datasets/LIDAR_TOP/n008-2018-08-01-15-16-36-0400__LIDAR_TOP__1533151607048933.pcd.bin,21912d2aad7f45c98a54fad3bbea311f,d051cafdd9fe4d999b413462364d44a0,6832e717621341568c759151b5974512,fa65a298c01f44e7a182bbf9e5fe3697
fa65a298c01f44e7a182bbf9e5fe3697,fcbccedd61424f1b85dcbf8f897f9754,1533151607548824,datasets/LIDAR_TOP/n008-2018-08-01-15-16-36-0400__LIDAR_TOP__1533151607548824.pcd.bin,c4a4d1b455434dba879d5dcd1cc378d6,d051cafdd9fe4d999b413462364d44a0,c59e60042a8643e899008da2e446acca,a98fba72bde9433fb882032d18aedb2e
a98fba72bde9433fb882032d18aedb2e,fcbccedd61424f1b85dcbf8f897f9754,1533151608048151,datasets/LIDAR_TOP/n008-2018-08-01-15-16-36-0400__LIDAR_TOP__1533151608048151.pcd.bin,e3bdfba683484a1ea09b7bb86e6be648,d051cafdd9fe4d999b413462364d44a0,fa65a298c01f44e7a182bbf9e5fe3697,b6b0d9f2f2e14a3aaa2c8aedeb1edb69
b6b0d9f2f2e14a3aaa2c8aedeb1edb69,fcbccedd61424f1b85dcbf8f897f9754,1533151608548020,datasets/LIDAR_TOP/n008-2018-08-01-15-16-36-0400__LIDAR_TOP__1533151608548020.pcd.bin,e749c211df64486dafc86660a0b20eca,d051cafdd9fe4d999b413462364d44a0,a98fba72bde9433fb882032d18aedb2e,796b1988dd254f74bf2fb19ba9c5b8c6
796b1988dd254f74bf2fb19ba9c5b8c6,fcbccedd61424f1b85dcbf8f897f9754,1533151609047890,datasets/LIDAR_TOP/n008-2018-08-01-15-16-36-0400__LIDAR_TOP__1533151609047890.pcd.bin,ab1f5ba71a2f42c89efefcbc6dffcfb7,d051cafdd9fe4d999b413462364d44a0,b6b0d9f2f2e14a3aaa2c8aedeb1edb69,0d0700a2284e477db876c3ee1d864668
0d0700a2284e477db876c3ee1d864668,fcbccedd61424f1b85dcbf8f897f9754,1533151609547766,datasets/LIDAR_TOP/n008-2018-08-01-15-16-36-0400__LIDAR_TOP__1533151609547766.pcd.bin,c502570cba9749f7bd89494803a52c02,d051cafdd9fe4d999b413462364d44a0,796b1988dd254f74bf2fb19ba9c5b8c6,de7593d76648450e947ba0c203dee1b0
de7593d76648450e947ba0c203dee1b0,fcbccedd61424f1b85dcbf8f897f9754,1533151609947025,datasets/LIDAR_TOP/n008-2018-08-01-15-16-36-0400__LIDAR_TOP__1533151609947025.pcd.bin,274b134fb2324486ae253eb6e24f900d,d051cafdd9fe4d999b413462364d44a0,0d0700a2284e477db876c3ee1d864668,f753d3f87e5b40af87ff2cbf7c8e7082
f753d3f87e5b40af87ff2cbf7c8e7082,fcbccedd61424f1b85dcbf8f897f9754,1533151610446899,datasets/LIDAR_TOP/n008-2018-08-01-15-16-36-0400__LIDAR_TOP__1533151610446899.pcd.bin,a977b0e797694036a9c40ab80f9d0ebc,d051cafdd9fe4d999b413462364d44a0,de7593d76648450e947ba0c203dee1b0,b22fa0b3c34f47b6a360b60f35d5d567
b22fa0b3c34f47b6a360b60f35d5d567,fcbccedd61424f1b85dcbf8f897f9754,1533151610946785,datasets/LIDAR_TOP/n008-2018-08-01-15-16-36-0400__LIDAR_TOP__1533151610946785.pcd.bin,bfbb3ba599ea450181210aa6000bad7f,d051cafdd9fe4d999b413462364d44a0,f753d3f87e5b40af87ff2cbf7c8e7082,0a0d6b8c2e884134a3b48df43d54c36a
0a0d6b8c2e884134a3b48df43d54c36a,fcbccedd61424f1b85dcbf8f897f9754,1533151611446636,datasets/LIDAR_TOP/n008-2018-08-01-15-16-36-0400__LIDAR_TOP__1533151611446636.pcd.bin,3e92d615685942dfab6edb5a0a7678e6,d051cafdd9fe4d999b413462364d44a0,b22fa0b3c34f47b6a360b60f35d5d567,8e9c2cba0ee74056aa3746e8391d54a9
8e9c2cba0ee74056aa3746e8391d54a9,fcbccedd61424f1b85dcbf8f897f9754,1533151611896734,datasets/LIDAR_TOP/n008-2018-08-01-15-16-36-0400__LIDAR_TOP__1533151611896734.pcd.bin,5b954ca864914a37aaaf0879249ace6a,d051cafdd9fe4d999b413462364d44a0,0a0d6b8c2e884134a3b48df43d54c36a,fdc39b23ab4242eda6ec5e1e6574fe33
fdc39b23ab4242eda6ec5e1e6574fe33,fcbccedd61424f1b85dcbf8f897f9754,1533151612397179,datasets/LIDAR_TOP/n008-2018-08-01-15-16-36-0400__LIDAR_TOP__1533151612397179.pcd.bin,9e10d5419ffa43ce9f70766b4a5a0292,d051cafdd9fe4d999b413462364d44a0,8e9c2cba0ee74056aa3746e8391d54a9,9ee4020153674b9e9943d395ff8cfdf3
9ee4020153674b9e9943d395ff8cfdf3,fcbccedd61424f1b85dcbf8f897f9754,1533151612897588,datasets/LIDAR_TOP/n008-2018-08-01-15-16-36-0400__LIDAR_TOP__1533151612897588.pcd.bin,12c5d6c3dc424561b9192b76b45af6fd,d051cafdd9fe4d999b413462364d44a0,fdc39b23ab4242eda6ec5e1e6574fe33,5b03af7a953245b5a3b23191ed4da62a
5b03af7a953245b5a3b23191ed4da62a,fcbccedd61424f1b85dcbf8f897f9754,1533151613398020,datasets/LIDAR_TOP/n008-2018-08-01-15-16-36-0400__LIDAR_TOP__1533151613398020.pcd.bin,882819f68f5e4be698694e673c71c6ab,d051cafdd9fe4d999b413462364d44a0,9ee4020153674b9e9943d395ff8cfdf3,d0ecf474e0e64950aa265cd44b9c9d75
d0ecf474e0e64950aa265cd44b9c9d75,fcbccedd61424f1b85dcbf8f897f9754,1533151613948222,datasets/LIDAR_TOP/n008-2018-08-01-15-16-36-0400__LIDAR_TOP__1533151613948222.pcd.bin,f6bf5986ca8a49c082c0e4d892de767c,d051cafdd9fe4d999b413462364d44a0,5b03af7a953245b5a3b23191ed4da62a,456ec36cb4a44ca78f36fbd90c0c34fa
456ec36cb4a44ca78f36fbd90c0c34fa,fcbccedd61424f1b85dcbf8f897f9754,1533151614450164,datasets/LIDAR_TOP/n008-2018-08-01-15-16-36-0400__LIDAR_TOP__1533151614450164.pcd.bin,69e5c0a974344a2b89e9e351a5b79461,d051cafdd9fe4d999b413462364d44a0,d0ecf474e0e64950aa265cd44b9c9d75,6bfd42cf0aba4f1a94ec11fa43e2dd92
6bfd42cf0aba4f1a94ec11fa43e2dd92,fcbccedd61424f1b85dcbf8f897f9754,1533151614948536,datasets/LIDAR_TOP/n008-2018-08-01-15-16-36-0400__LIDAR_TOP__1533151614948536.pcd.bin,519f1a02f21d43699ca1ada7ffd38726,d051cafdd9fe4d999b413462364d44a0,456ec36cb4a44ca78f36fbd90c0c34fa,0af0feb5b1394b928dd13d648de898f5
0af0feb5b1394b928dd13d648de898f5,fcbccedd61424f1b85dcbf8f897f9754,1533151615448397,datasets/LIDAR_TOP/n008-2018-08-01-15-16-36-0400__LIDAR_TOP__1533151615448397.pcd.bin,c71884fb34d046258c12cf018513d8cc,d051cafdd9fe4d999b413462364d44a0,6bfd42cf0aba4f1a94ec11fa43e2dd92,61d9340c5ad8418dafe7a4af1b96e6b9
61d9340c5ad8418dafe7a4af1b96e6b9,fcbccedd61424f1b85dcbf8f897f9754,1533151615947733,datasets/LIDAR_TOP/n008-2018-08-01-15-16-36-0400__LIDAR_TOP__1533151615947733.pcd.bin,ee7d01fd902d4185a54112e1f1210e41,d051cafdd9fe4d999b413462364d44a0,0af0feb5b1394b928dd13d648de898f5,9e7683e8586542a1b6032980c45f15ce
9e7683e8586542a1b6032980c45f15ce,fcbccedd61424f1b85dcbf8f897f9754,1533151616447606,datasets/LIDAR_TOP/n008-2018-08-01-15-16-36-0400__LIDAR_TOP__1533151616447606.pcd.bin,df7d0426da5346deae21136ea3cba58b,d051cafdd9fe4d999b413462364d44a0,61d9340c5ad8418dafe7a4af1b96e6b9,cc57c1ea80fe46a7abddfdb15654c872
cc57c1ea80fe46a7abddfdb15654c872,fcbccedd61424f1b85dcbf8f897f9754,1533151616947490,datasets/LIDAR_TOP/n008-2018-08-01-15-16-36-0400__LIDAR_TOP__1533151616947490.pcd.bin,ba7fb622e77447f6aa58ab1fff9ed0cf,d051cafdd9fe4d999b413462364d44a0,9e7683e8586542a1b6032980c45f15ce,4cf5d6c3f6ab42aab23f67b5a9782d1a
4cf5d6c3f6ab42aab23f67b5a9782d1a,fcbccedd61424f1b85dcbf8f897f9754,1533151617397050,datasets/LIDAR_TOP/n008-2018-08-01-15-16-36-0400__LIDAR_TOP__1533151617397050.pcd.bin,5087c0b3f84741178f42d668fbdf506f,d051cafdd9fe4d999b413462364d44a0,cc57c1ea80fe46a7abddfdb15654c872,6d9984d09d52479e837da2fd09e192cc
6d9984d09d52479e837da2fd09e192cc,fcbccedd61424f1b85dcbf8f897f9754,1533151617947237,datasets/LIDAR_TOP/n008-2018-08-01-15-16-36-0400__LIDAR_TOP__1533151617947237.pcd.bin,13055b928600455db08cf9ae57d8d4c7,d051cafdd9fe4d999b413462364d44a0,4cf5d6c3f6ab42aab23f67b5a9782d1a,38a28a3aaf2647f2a8c0e90e31267bf8
38a28a3aaf2647f2a8c0e90e31267bf8,fcbccedd61424f1b85dcbf8f897f9754,1533151618447134,datasets/LIDAR_TOP/n008-2018-08-01-15-16-36-0400__LIDAR_TOP__1533151618447134.pcd.bin,220b431fd37e436f98aa1c868eee5828,d051cafdd9fe4d999b413462364d44a0,6d9984d09d52479e837da2fd09e192cc,6402fd1ffaf041d0b9162bd92a7ba0a2
6402fd1ffaf041d0b9162bd92a7ba0a2,fcbccedd61424f1b85dcbf8f897f9754,1533151618946993,datasets/LIDAR_TOP/n008-2018-08-01-15-16-36-0400__LIDAR_TOP__1533151618946993.pcd.bin,4abbc508bffb4f9b957a8ad2457db2e2,d051cafdd9fe4d999b413462364d44a0,38a28a3aaf2647f2a8c0e90e31267bf8,ce94ef7a0522468e81c0e2b3a2f1e12d
ce94ef7a0522468e81c0e2b3a2f1e12d,fcbccedd61424f1b85dcbf8f897f9754,1533151619446866,datasets/LIDAR_TOP/n008-2018-08-01-15-16-36-0400__LIDAR_TOP__1533151619446866.pcd.bin,103914217786464998f1e48a2c20cef0,d051cafdd9fe4d999b413462364d44a0,6402fd1ffaf041d0b9162bd92a7ba0a2,9fcdc52b791045e99c623c5fc643331f
9fcdc52b791045e99c623c5fc643331f,fcbccedd61424f1b85dcbf8f897f9754,1533151619947313,datasets/LIDAR_TOP/n008-2018-08-01-15-16-36-0400__LIDAR_TOP__1533151619947313.pcd.bin,9f35db3dd17c41e4875c2f54bd71fc29,d051cafdd9fe4d999b413462364d44a0,ce94ef7a0522468e81c0e2b3a2f1e12d,1c9a906c40f6417bbe1cea06d6e55501
1c9a906c40f6417bbe1cea06d6e55501,fcbccedd61424f1b85dcbf8f897f9754,1533151620447745,datasets/LIDAR_TOP/n008-2018-08-01-15-16-36-0400__LIDAR_TOP__1533151620447745.pcd.bin,8da854b2bced46f7a59f39a4d42bbfd2,d051cafdd9fe4d999b413462364d44a0,9fcdc52b791045e99c623c5fc643331f,a771effa2a2648d78096c3e92b95b129
a771effa2a2648d78096c3e92b95b129,fcbccedd61424f1b85dcbf8f897f9754,1533151621047706,datasets/LIDAR_TOP/n008-2018-08-01-15-16-36-0400__LIDAR_TOP__1533151621047706.pcd.bin,1e46c82d6a804cf1aaa9d2d6b5b5ef27,d051cafdd9fe4d999b413462364d44a0,1c9a906c40f6417bbe1cea06d6e55501,b9ea04a6121d4a8bb00199b885aa5ef0
b9ea04a6121d4a8bb00199b885aa5ef0,fcbccedd61424f1b85dcbf8f897f9754,1533151621448049,datasets/LIDAR_TOP/n008-2018-08-01-15-16-36-0400__LIDAR_TOP__1533151621448049.pcd.bin,029f10e7436740a0a04feab4ab3aeddc,d051cafdd9fe4d999b413462364d44a0,a771effa2a2648d78096c3e92b95b129,87e772078a494d42bd34cd16172808bc
87e772078a494d42bd34cd16172808bc,fcbccedd61424f1b85dcbf8f897f9754,1533151621947928,datasets/LIDAR_TOP/n008-2018-08-01-15-16-36-0400__LIDAR_TOP__1533151621947928.pcd.bin,d364275322c4483fbf86df22f0e7a315,d051cafdd9fe4d999b413462364d44a0,b9ea04a6121d4a8bb00199b885aa5ef0,f40544fd4f5d42abbcfa948eeaf86850
f40544fd4f5d42abbcfa948eeaf86850,fcbccedd61424f1b85dcbf8f897f9754,1533151622448916,datasets/LIDAR_TOP/n008-2018-08-01-15-16-36-0400__LIDAR_TOP__1533151622448916.pcd.bin,c98b06812964464093b23c3734532d06,d051cafdd9fe4d999b413462364d44a0,87e772078a494d42bd34cd16172808bc,281b92269fd648d4b52d06ac06ca6d65
281b92269fd648d4b52d06ac06ca6d65,fcbccedd61424f1b85dcbf8f897f9754,1533151622948227,datasets/LIDAR_TOP/n008-2018-08-01-15-16-36-0400__LIDAR_TOP__1533151622948227.pcd.bin,12f431b160be4858a51cced6955c37bd,d051cafdd9fe4d999b413462364d44a0,f40544fd4f5d42abbcfa948eeaf86850,
8687ba92abd3406aa797115b874ebeba,6f83169d067343658251f72e1dd17dbc,1535489296047917,datasets/LIDAR_TOP/n008-2018-08-28-16-43-51-0400__LIDAR_TOP__1535489296047917.pcd.bin,4484110755904050a880043268149497,1dd23defeb98488e851a108a6bdae770,,5bbeb4e68d51413f81a370cb33ef27fb
5bbeb4e68d51413f81a370cb33ef27fb,6f83169d067343658251f72e1dd17dbc,1535489296547795,datasets/LIDAR_TOP/n008-2018-08-28-16-43-51-0400__LIDAR_TOP__1535489296547795.pcd.bin,070595b6dddb475f9056a4507324bc06,1dd23defeb98488e851a108a6bdae770,8687ba92abd3406aa797115b874ebeba,e9a1c915c0d641d0b0a3019112a1ee90
e9a1c915c0d641d0b0a3019112a1ee90,6f83169d067343658251f72e1dd17dbc,1535489297047675,datasets/LIDAR_TOP/n008-2018-08-28-16-43-51-0400__LIDAR_TOP__1535489297047675.pcd.bin,cc56b12eccdc45659cd3aba21a7d18c4,1dd23defeb98488e851a108a6bdae770,5bbeb4e68d51413f81a370cb33ef27fb,f5b8088835f247b8a5434a9f0daadc20
f5b8088835f247b8a5434a9f0daadc20,6f83169d067343658251f72e1dd17dbc,1535489297547543,datasets/LIDAR_TOP/n008-2018-08-28-16-43-51-0400__LIDAR_TOP__1535489297547543.pcd.bin,80ecda1bdd25416a8240a21da81ff973,1dd23defeb98488e851a108a6bdae770,e9a1c915c0d641d0b0a3019112a1ee90,2021b6b367984ad7b18464a550d0ae8d
2021b6b367984ad7b18464a550d0ae8d,6f83169d067343658251f72e1dd17dbc,1535489298047428,datasets/LIDAR_TOP/n008-2018-08-28-16-43-51-0400__LIDAR_TOP__1535489298047428.pcd.bin,2b2d98f0daec4fdeb6716d1f6b546a5c,1dd23defeb98488e851a108a6bdae770,f5b8088835f247b8a5434a9f0daadc20,7315022fc89147a6afc7f978601f8f38
7315022fc89147a6afc7f978601f8f38,6f83169d067343658251f72e1dd17dbc,1535489298547291,datasets/LIDAR_TOP/n008-2018-08-28-16-43-51-0400__LIDAR_TOP__1535489298547291.pcd.bin,8af5b9edcafe4ed1a1187fd256a74e51,1dd23defeb98488e851a108a6bdae770,2021b6b367984ad7b18464a550d0ae8d,dc03fe4e0a374592af7701c66d5276c4
dc03fe4e0a374592af7701c66d5276c4,6f83169d067343658251f72e1dd17dbc,1535489299047201,datasets/LIDAR_TOP/n008-2018-08-28-16-43-51-0400__LIDAR_TOP__1535489299047201.pcd.bin,5e92d8900bd7411d892d1e3da32b2cb9,1dd23defeb98488e851a108a6bdae770,7315022fc89147a6afc7f978601f8f38,b7f64f73e8a548488e6d85d9b0e13242
b7f64f73e8a548488e6d85d9b0e13242,6f83169d067343658251f72e1dd17dbc,1535489299547057,datasets/LIDAR_TOP/n008-2018-08-28-16-43-51-0400__LIDAR_TOP__1535489299547057.pcd.bin,1d38033115b749bba5d86e3d8c27c1b5,1dd23defeb98488e851a108a6bdae770,dc03fe4e0a374592af7701c66d5276c4,6dabc0fb1df045558f802246dd186b3f
6dabc0fb1df045558f802246dd186b3f,6f83169d067343658251f72e1dd17dbc,1535489300046941,datasets/LIDAR_TOP/n008-2018-08-28-16-43-51-0400__LIDAR_TOP__1535489300046941.pcd.bin,d219ffa9b4ce492c8b8059db9d8b3166,1dd23defeb98488e851a108a6bdae770,b7f64f73e8a548488e6d85d9b0e13242,82597244941b4e79aa3e1e9cc6386f8b
82597244941b4e79aa3e1e9cc6386f8b,6f83169d067343658251f72e1dd17dbc,1535489300546798,datasets/LIDAR_TOP/n008-2018-08-28-16-43-51-0400__LIDAR_TOP__1535489300546798.pcd.bin,11cd6f8358ee486a84e9d2e04dcd0b7f,1dd23defeb98488e851a108a6bdae770,6dabc0fb1df045558f802246dd186b3f,8bf071b1b92c4ff1bd5016bfb30de3f7
8bf071b1b92c4ff1bd5016bfb30de3f7,6f83169d067343658251f72e1dd17dbc,1535489301047243,datasets/LIDAR_TOP/n008-2018-08-28-16-43-51-0400__LIDAR_TOP__1535489301047243.pcd.bin,2347d3d6ce7142b7be73cb29e73d53f5,1dd23defeb98488e851a108a6bdae770,82597244941b4e79aa3e1e9cc6386f8b,b8766f4291d5449d95bab459ca724ad8
b8766f4291d5449d95bab459ca724ad8,6f83169d067343658251f72e1dd17dbc,1535489301547107,datasets/LIDAR_TOP/n008-2018-08-28-16-43-51-0400__LIDAR_TOP__1535489301547107.pcd.bin,a5dbff60caff41bcb672594c1f108e20,1dd23defeb98488e851a108a6bdae770,8bf071b1b92c4ff1bd5016bfb30de3f7,dde297c8e12f44c4bc2f2c80e49d2b5a
dde297c8e12f44c4bc2f2c80e49d2b5a,6f83169d067343658251f72e1dd17dbc,1535489302046988,datasets/LIDAR_TOP/n008-2018-08-28-16-43-51-0400__LIDAR_TOP__1535489302046988.pcd.bin,c117cad218d543a69d7d9448a02be01a,1dd23defeb98488e851a108a6bdae770,b8766f4291d5449d95bab459ca724ad8,a0462df7186d4ca99ef58f455d53a42c
a0462df7186d4ca99ef58f455d53a42c,6f83169d067343658251f72e1dd17dbc,1535489302547429,datasets/LIDAR_TOP/n008-2018-08-28-16-43-51-0400__LIDAR_TOP__1535489302547429.pcd.bin,73336895bfb245019b79846ae3386ad2,1dd23defeb98488e851a108a6bdae770,dde297c8e12f44c4bc2f2c80e49d2b5a,d7bea9a3552b40e29d42324108dff575
d7bea9a3552b40e29d42324108dff575,6f83169d067343658251f72e1dd17dbc,1535489303047308,datasets/LIDAR_TOP/n008-2018-08-28-16-43-51-0400__LIDAR_TOP__1535489303047308.pcd.bin,9247dd64ee2941fa93f37ad10d266f9e,1dd23defeb98488e851a108a6bdae770,a0462df7186d4ca99ef58f455d53a42c,3ffc4360d1084e6eae5067e87d79503f
3ffc4360d1084e6eae5067e87d79503f,6f83169d067343658251f72e1dd17dbc,1535489303447089,datasets/LIDAR_TOP/n008-2018-08-28-16-43-51-0400__LIDAR_TOP__1535489303447089.pcd.bin,8a4a9588107443588886831e9d1ec784,1dd23defeb98488e851a108a6bdae770,d7bea9a3552b40e29d42324108dff575,05bc09f952ab4cf8b754405f20d503c5
05bc09f952ab4cf8b754405f20d503c5,6f83169d067343658251f72e1dd17dbc,1535489303946971,datasets/LIDAR_TOP/n008-2018-08-28-16-43-51-0400__LIDAR_TOP__1535489303946971.pcd.bin,f5e52420852945128e405133f3fa8770,1dd23defeb98488e851a108a6bdae770,3ffc4360d1084e6eae5067e87d79503f,a860c02c06e54d9dbe83ce7b694f6c17
a860c02c06e54d9dbe83ce7b694f6c17,6f83169d067343658251f72e1dd17dbc,1535489304446846,datasets/LIDAR_TOP/n008-2018-08-28-16-43-51-0400__LIDAR_TOP__1535489304446846.pcd.bin,140b061d9f7b46059482723af9e5dc9f,1dd23defeb98488e851a108a6bdae770,05bc09f952ab4cf8b754405f20d503c5,6873840fc1df4796a7b959e13e9fb78a
6873840fc1df4796a7b959e13e9fb78a,6f83169d067343658251f72e1dd17dbc,1535489304947267,datasets/LIDAR_TOP/n008-2018-08-28-16-43-51-0400__LIDAR_TOP__1535489304947267.pcd.bin,5fc4564567b442cfb5de7ff20bff8660,1dd23defeb98488e851a108a6bdae770,a860c02c06e54d9dbe83ce7b694f6c17,4ae9c033164e4e01a0392672686d095c
4ae9c033164e4e01a0392672686d095c,6f83169d067343658251f72e1dd17dbc,1535489305447151,datasets/LIDAR_TOP/n008-2018-08-28-16-43-51-0400__LIDAR_TOP__1535489305447151.pcd.bin,8663945b2d174e8e9eaaa14fa4bd04fa,1dd23defeb98488e851a108a6bdae770,6873840fc1df4796a7b959e13e9fb78a,ecd49e3c38624c77b8aac8df445d49ba
ecd49e3c38624c77b8aac8df445d49ba,6f83169d067343658251f72e1dd17dbc,1535489305947019,datasets/LIDAR_TOP/n008-2018-08-28-16-43-51-0400__LIDAR_TOP__1535489305947019.pcd.bin,6cb743622ae3427d9db9e47533bccaab,1dd23defeb98488e851a108a6bdae770,4ae9c033164e4e01a0392672686d095c,ac452a60e8b34a7080c938c904b23057
ac452a60e8b34a7080c938c904b23057,6f83169d067343658251f72e1dd17dbc,1535489306446341,datasets/LIDAR_TOP/n008-2018-08-28-16-43-51-0400__LIDAR_TOP__1535489306446341.pcd.bin,693114499b864bb39e32676e0fb5ea61,1dd23defeb98488e851a108a6bdae770,ecd49e3c38624c77b8aac8df445d49ba,27900b9c3cfb48ed8b49087098d4a15a
27900b9c3cfb48ed8b49087098d4a15a,6f83169d067343658251f72e1dd17dbc,1535489306946757,datasets/LIDAR_TOP/n008-2018-08-28-16-43-51-0400__LIDAR_TOP__1535489306946757.pcd.bin,0129c875ffa741cd9e7501520bc36500,1dd23defeb98488e851a108a6bdae770,ac452a60e8b34a7080c938c904b23057,c4f9b75136384ec4a76c4adfc28b4259
c4f9b75136384ec4a76c4adfc28b4259,6f83169d067343658251f72e1dd17dbc,1535489307446638,datasets/LIDAR_TOP/n008-2018-08-28-16-43-51-0400__LIDAR_TOP__1535489307446638.pcd.bin,601ef12b6c8c45e3a5316b00e2c99388,1dd23defeb98488e851a108a6bdae770,27900b9c3cfb48ed8b49087098d4a15a,a572dd2e95e94e4db66bb5dbfaf870b5
a572dd2e95e94e4db66bb5dbfaf870b5,6f83169d067343658251f72e1dd17dbc,1535489307946546,datasets/LIDAR_TOP/n008-2018-08-28-16-43-51-0400__LIDAR_TOP__1535489307946546.pcd.bin,f8dc75e6f28b4502985f5ecec72a1249,1dd23defeb98488e851a108a6bdae770,c4f9b75136384ec4a76c4adfc28b4259,313a60afcab5481a94a4815e0d1a6496
313a60afcab5481a94a4815e0d1a6496,6f83169d067343658251f72e1dd17dbc,1535489308396618,datasets/LIDAR_TOP/n008-2018-08-28-16-43-51-0400__LIDAR_TOP__1535489308396618.pcd.bin,cd74d5f3dd6b48ce98e42aa2ae3dd1b5,1dd23defeb98488e851a108a6bdae770,a572dd2e95e94e4db66bb5dbfaf870b5,d2ae3c5bbb5343a393882b44d56f8da3
d2ae3c5bbb5343a393882b44d56f8da3,6f83169d067343658251f72e1dd17dbc,1535489308896501,datasets/LIDAR_TOP/n008-2018-08-28-16-43-51-0400__LIDAR_TOP__1535489308896501.pcd.bin,66771f7dcef74a5d88934ae125e6d09a,1dd23defeb98488e851a108a6bdae770,313a60afcab5481a94a4815e0d1a6496,59bd7a9fae8a45bcb76f1847cf09e000
59bd7a9fae8a45bcb76f1847cf09e000,6f83169d067343658251f72e1dd17dbc,1535489309396386,datasets/LIDAR_TOP/n008-2018-08-28-16-43-51-0400__LIDAR_TOP__1535489309396386.pcd.bin,782d2d758f6a4976adeae84f98488607,1dd23defeb98488e851a108a6bdae770,d2ae3c5bbb5343a393882b44d56f8da3,37535cd306954669a2b21578573b93e3
37535cd306954669a2b21578573b93e3,6f83169d067343658251f72e1dd17dbc,1535489309896252,datasets/LIDAR_TOP/n008-2018-08-28-16-43-51-0400__LIDAR_TOP__1535489309896252.pcd.bin,15a62445ca1f44ae8d58a1f2c1fe947d,1dd23defeb98488e851a108a6bdae770,59bd7a9fae8a45bcb76f1847cf09e000,3a064c48e47b489a8b442b8081f877b6
3a064c48e47b489a8b442b8081f877b6,6f83169d067343658251f72e1dd17dbc,1535489310396680,datasets/LIDAR_TOP/n008-2018-08-28-16-43-51-0400__LIDAR_TOP__1535489310396680.pcd.bin,c431cb3bf71447fdb356235e9848cf21,1dd23defeb98488e851a108a6bdae770,37535cd306954669a2b21578573b93e3,d3c0bbf933594f7184e20d761b6416f4
d3c0bbf933594f7184e20d761b6416f4,6f83169d067343658251f72e1dd17dbc,1535489310946883,datasets/LIDAR_TOP/n008-2018-08-28-16-43-51-0400__LIDAR_TOP__1535489310946883.pcd.bin,ee754c66314e42c58a32fadc071f4990,1dd23defeb98488e851a108a6bdae770,3a064c48e47b489a8b442b8081f877b6,31812a5e8d514b5f8d2fbc50fc007475
31812a5e8d514b5f8d2fbc50fc007475,6f83169d067343658251f72e1dd17dbc,1535489311396995,datasets/LIDAR_TOP/n008-2018-08-28-16-43-51-0400__LIDAR_TOP__1535489311396995.pcd.bin,2fc0208b7e7e4e79b9b937b184043f70,1dd23defeb98488e851a108a6bdae770,d3c0bbf933594f7184e20d761b6416f4,32e2619879854a83953c08ec8557f3bb
32e2619879854a83953c08ec8557f3bb,6f83169d067343658251f72e1dd17dbc,1535489311897421,datasets/LIDAR_TOP/n008-2018-08-28-16-43-51-0400__LIDAR_TOP__1535489311897421.pcd.bin,e3130bad1a82432e80ce1c648729d3c6,1dd23defeb98488e851a108a6bdae770,31812a5e8d514b5f8d2fbc50fc007475,4d7cf1ad5f9c4842bb6f135e058deed4
4d7cf1ad5f9c4842bb6f135e058deed4,6f83169d067343658251f72e1dd17dbc,1535489312397873,datasets/LIDAR_TOP/n008-2018-08-28-16-43-51-0400__LIDAR_TOP__1535489312397873.pcd.bin,dae04937a1504f218dae63c95c23cca6,1dd23defeb98488e851a108a6bdae770,32e2619879854a83953c08ec8557f3bb,c143943fd6e246448eab88ce1a0aeda9
c143943fd6e246448eab88ce1a0aeda9,6f83169d067343658251f72e1dd17dbc,1535489312897804,datasets/LIDAR_TOP/n008-2018-08-28-16-43-51-0400__LIDAR_TOP__1535489312897804.pcd.bin,79ad2a87cc7a45edba6d3c57fd3ddfc3,1dd23defeb98488e851a108a6bdae770,4d7cf1ad5f9c4842bb6f135e058deed4,47188ae2bc8c4faf83c909b135701176
47188ae2bc8c4faf83c909b135701176,6f83169d067343658251f72e1dd17dbc,1535489313398193,datasets/LIDAR_TOP/n008-2018-08-28-16-43-51-0400__LIDAR_TOP__1535489313398193.pcd.bin,d1145c17372f4bba973f0ef9d0593236,1dd23defeb98488e851a108a6bdae770,c143943fd6e246448eab88ce1a0aeda9,a5f101af325144bd8b8f67694766e255
a5f101af325144bd8b8f67694766e255,6f83169d067343658251f72e1dd17dbc,1535489313898578,datasets/LIDAR_TOP/n008-2018-08-28-16-43-51-0400__LIDAR_TOP__1535489313898578.pcd.bin,8b0d18f684784afd8339386e5ee40e6d,1dd23defeb98488e851a108a6bdae770,47188ae2bc8c4faf83c909b135701176,6f114ec641f8426399b69e844c0dfd62
6f114ec641f8426399b69e844c0dfd62,6f83169d067343658251f72e1dd17dbc,1535489314398452,datasets/LIDAR_TOP/n008-2018-08-28-16-43-51-0400__LIDAR_TOP__1535489314398452.pcd.bin,7399f643114f4eef85c0cdb6a5155d03,1dd23defeb98488e851a108a6bdae770,a5f101af325144bd8b8f67694766e255,ed5b84e7ea6f434e99d7816b37d15f2f
ed5b84e7ea6f434e99d7816b37d15f2f,6f83169d067343658251f72e1dd17dbc,1535489314898335,datasets/LIDAR_TOP/n008-2018-08-28-16-43-51-0400__LIDAR_TOP__1535489314898335.pcd.bin,32010f7f9c2848d58f793694a56a0b0f,1dd23defeb98488e851a108a6bdae770,6f114ec641f8426399b69e844c0dfd62,739b12938d0e410d9b8fc832dfad5510
739b12938d0e410d9b8fc832dfad5510,6f83169d067343658251f72e1dd17dbc,1535489315448527,datasets/LIDAR_TOP/n008-2018-08-28-16-43-51-0400__LIDAR_TOP__1535489315448527.pcd.bin,8febefbb91354a58b0fdc15d0bf8e82b,1dd23defeb98488e851a108a6bdae770,ed5b84e7ea6f434e99d7816b37d15f2f,dcbe451d383e450786aaad04ab9d3790
dcbe451d383e450786aaad04ab9d3790,6f83169d067343658251f72e1dd17dbc,1535489315948406,datasets/LIDAR_TOP/n008-2018-08-28-16-43-51-0400__LIDAR_TOP__1535489315948406.pcd.bin,cf5dd04f13bb4df1a3271613fc66276e,1dd23defeb98488e851a108a6bdae770,739b12938d0e410d9b8fc832dfad5510,
5991fad3280c4f84b331536c32001a04,bebf5f5b2a674631ab5c88fd1aa9e87a,1535385092150099,datasets/LIDAR_TOP/n008-2018-08-27-11-48-51-0400__LIDAR_TOP__1535385092150099.pcd.bin,603a96c23db34acf8b5953d958df293d,f59d93392f584e5ebd1aa0ffa4f7d02d,,2578329fc3ae484bb23ef766808f4be5
2578329fc3ae484bb23ef766808f4be5,bebf5f5b2a674631ab5c88fd1aa9e87a,1535385092700299,datasets/LIDAR_TOP/n008-2018-08-27-11-48-51-0400__LIDAR_TOP__1535385092700299.pcd.bin,00d437419bec4cb48b8feac9a77875c8,f59d93392f584e5ebd1aa0ffa4f7d02d,5991fad3280c4f84b331536c32001a04,8057958576034e51bac9bdc5740128d5
8057958576034e51bac9bdc5740128d5,bebf5f5b2a674631ab5c88fd1aa9e87a,1535385093200183,datasets/LIDAR_TOP/n008-2018-08-27-11-48-51-0400__LIDAR_TOP__1535385093200183.pcd.bin,2dd1198189ec492ab30ccd3ca573ae25,f59d93392f584e5ebd1aa0ffa4f7d02d,2578329fc3ae484bb23ef766808f4be5,23799328f65843fc9e0c71f2bfbe90ef
23799328f65843fc9e0c71f2bfbe90ef,bebf5f5b2a674631ab5c88fd1aa9e87a,1535385093650312,datasets/LIDAR_TOP/n008-2018-08-27-11-48-51-0400__LIDAR_TOP__1535385093650312.pcd.bin,70e2baba09614b4db54b0c5913c41903,f59d93392f584e5ebd1aa0ffa4f7d02d,8057958576034e51bac9bdc5740128d5,6af01b48aec7475eac1f8e9add0276ff
6af01b48aec7475eac1f8e9add0276ff,bebf5f5b2a674631ab5c88fd1aa9e87a,1535385094150195,datasets/LIDAR_TOP/n008-2018-08-27-11-48-51-0400__LIDAR_TOP__1535385094150195.pcd.bin,086a175205db4f63bafb02e65a5557ff,f59d93392f584e5ebd1aa0ffa4f7d02d,23799328f65843fc9e0c71f2bfbe90ef,df7066fa5f0d4b708982747cc3feed14
df7066fa5f0d4b708982747cc3feed14,bebf5f5b2a674631ab5c88fd1aa9e87a,1535385094550004,datasets/LIDAR_TOP/n008-2018-08-27-11-48-51-0400__LIDAR_TOP__1535385094550004.pcd.bin,b5fd361961ea46559a9968dbd9ed0714,f59d93392f584e5ebd1aa0ffa4f7d02d,6af01b48aec7475eac1f8e9add0276ff,5f6cc6483988439a824cec99e28bb5b9
5f6cc6483988439a824cec99e28bb5b9,bebf5f5b2a674631ab5c88fd1aa9e87a,1535385094949783,datasets/LIDAR_TOP/n008-2018-08-27-11-48-51-0400__LIDAR_TOP__1535385094949783.pcd.bin,60c3e551ad8e407a91c5c3dd2a2696d9,f59d93392f584e5ebd1aa0ffa4f7d02d,df7066fa5f0d4b708982747cc3feed14,c9304cf98aad4ff0bb5b0cff0aab65d2
c9304cf98aad4ff0bb5b0cff0aab65d2,bebf5f5b2a674631ab5c88fd1aa9e87a,1535385095449675,datasets/LIDAR_TOP/n008-2018-08-27-11-48-51-0400__LIDAR_TOP__1535385095449675.pcd.bin,d7ae8ef1a5464d1d894b608b9920ced4,f59d93392f584e5ebd1aa0ffa4f7d02d,5f6cc6483988439a824cec99e28bb5b9,79937d5eae1d450499677a0dcffa210c
79937d5eae1d450499677a0dcffa210c,bebf5f5b2a674631ab5c88fd1aa9e87a,1535385095949554,datasets/LIDAR_TOP/n008-2018-08-27-11-48-51-0400__LIDAR_TOP__1535385095949554.pcd.bin,091440719101480ba950ae17c6b524bd,f59d93392f584e5ebd1aa0ffa4f7d02d,c9304cf98aad4ff0bb5b0cff0aab65d2,5c85640c10d9485c86bf6eb44778c002
5c85640c10d9485c86bf6eb44778c002,bebf5f5b2a674631ab5c88fd1aa9e87a,1535385096399680,datasets/LIDAR_TOP/n008-2018-08-27-11-48-51-0400__LIDAR_TOP__1535385096399680.pcd.bin,5f468f66edb141fcaaad2f61b5800e84,f59d93392f584e5ebd1aa0ffa4f7d02d,79937d5eae1d450499677a0dcffa210c,91d9058720eb4c25a172236e14e11085
91d9058720eb4c25a172236e14e11085,bebf5f5b2a674631ab5c88fd1aa9e87a,1535385096900138,datasets/LIDAR_TOP/n008-2018-08-27-11-48-51-0400__LIDAR_TOP__1535385096900138.pcd.bin,0d9eb8fef2454867afd987e39cf1d851,f59d93392f584e5ebd1aa0ffa4f7d02d,5c85640c10d9485c86bf6eb44778c002,9768a199e4884a0db50d015703efe969
9768a199e4884a0db50d015703efe969,bebf5f5b2a674631ab5c88fd1aa9e87a,1535385097400558,datasets/LIDAR_TOP/n008-2018-08-27-11-48-51-0400__LIDAR_TOP__1535385097400558.pcd.bin,5f602830b5ed491ebc9838a3f3de809b,f59d93392f584e5ebd1aa0ffa4f7d02d,91d9058720eb4c25a172236e14e11085,39bc0a6b3692446d8ba3bde3d6a0774e
39bc0a6b3692446d8ba3bde3d6a0774e,bebf5f5b2a674631ab5c88fd1aa9e87a,1535385097901019,datasets/LIDAR_TOP/n008-2018-08-27-11-48-51-0400__LIDAR_TOP__1535385097901019.pcd.bin,23094c6b99fe44b8a040680afab47fe8,f59d93392f584e5ebd1aa0ffa4f7d02d,9768a199e4884a0db50d015703efe969,f6ef25ab02c0483b9df411ed84873f41
f6ef25ab02c0483b9df411ed84873f41,bebf5f5b2a674631ab5c88fd1aa9e87a,1535385098400887,datasets/LIDAR_TOP/n008-2018-08-27-11-48-51-0400__LIDAR_TOP__1535385098400887.pcd.bin,444e2e0a5a1c4b57940ea31a96f5859f,f59d93392f584e5ebd1aa0ffa4f7d02d,39bc0a6b3692446d8ba3bde3d6a0774e,576f17c305324ed7bf460f0110617355
576f17c305324ed7bf460f0110617355,bebf5f5b2a674631ab5c88fd1aa9e87a,1535385098900804,datasets/LIDAR_TOP/n008-2018-08-27-11-48-51-0400__LIDAR_TOP__1535385098900804.pcd.bin,008228ec292d4853af0bcd290e50482d,f59d93392f584e5ebd1aa0ffa4f7d02d,f6ef25ab02c0483b9df411ed84873f41,0fa505e5dd804d3b9f9f076d23b28d6d
0fa505e5dd804d3b9f9f076d23b28d6d,bebf5f5b2a674631ab5c88fd1aa9e87a,1535385099400097,datasets/LIDAR_TOP/n008-2018-08-27-11-48-51-0400__LIDAR_TOP__1535385099400097.pcd.bin,73fe26afdbd8477a92cdb664aa4b9ec7,f59d93392f584e5ebd1aa0ffa4f7d02d,576f17c305324ed7bf460f0110617355,447c96d132e9494e8b03050e8dcae124
447c96d132e9494e8b03050e8dcae124,bebf5f5b2a674631ab5c88fd1aa9e87a,1535385099899436,datasets/LIDAR_TOP/n008-2018-08-27-11-48-51-0400__LIDAR_TOP__1535385099899436.pcd.bin,1fb3ae4157414fed96871a6786e28398,f59d93392f584e5ebd1aa0ffa4f7d02d,0fa505e5dd804d3b9f9f076d23b28d6d,baaa60749cd04db7952fd8f4ef8ac837
baaa60749cd04db7952fd8f4ef8ac837,bebf5f5b2a674631ab5c88fd1aa9e87a,1535385100398781,datasets/LIDAR_TOP/n008-2018-08-27-11-48-51-0400__LIDAR_TOP__1535385100398781.pcd.bin,a320420fe2314a7ba021f15224ab9f68,f59d93392f584e5ebd1aa0ffa4f7d02d,447c96d132e9494e8b03050e8dcae124,d7387fb5a21d40a990a5842cca61af1c
d7387fb5a21d40a990a5842cca61af1c,bebf5f5b2a674631ab5c88fd1aa9e87a,1535385100898103,datasets/LIDAR_TOP/n008-2018-08-27-11-48-51-0400__LIDAR_TOP__1535385100898103.pcd.bin,5d5c9959d52f4d94a66eaa11ff6056d6,f59d93392f584e5ebd1aa0ffa4f7d02d,baaa60749cd04db7952fd8f4ef8ac837,252b65dd79ce4712af1b898b64ea3b98
252b65dd79ce4712af1b898b64ea3b98,bebf5f5b2a674631ab5c88fd1aa9e87a,1535385101398009,datasets/LIDAR_TOP/n008-2018-08-27-11-48-51-0400__LIDAR_TOP__1535385101398009.pcd.bin,ef96f68c037f4bbbbc363b9fb9d24d9e,f59d93392f584e5ebd1aa0ffa4f7d02d,d7387fb5a21d40a990a5842cca61af1c,0d7263a5b8264cad996582d6219ef1f2
0d7263a5b8264cad996582d6219ef1f2,bebf5f5b2a674631ab5c88fd1aa9e87a,1535385101947644,datasets/LIDAR_TOP/n008-2018-08-27-11-48-51-0400__LIDAR_TOP__1535385101947644.pcd.bin,577348ca0f394f5ebef2d74a9c949206,f59d93392f584e5ebd1aa0ffa4f7d02d,252b65dd79ce4712af1b898b64ea3b98,8017a35b9b5e476289a89bd098a4a1d1
8017a35b9b5e476289a89bd098a4a1d1,bebf5f5b2a674631ab5c88fd1aa9e87a,1535385102447561,datasets/LIDAR_TOP/n008-2018-08-27-11-48-51-0400__LIDAR_TOP__1535385102447561.pcd.bin,82adbebc95394af3b386658c1210ff10,f59d93392f584e5ebd1aa0ffa4f7d02d,0d7263a5b8264cad996582d6219ef1f2,8580e9a249b64b59bead9d80c0e13e8b
8580e9a249b64b59bead9d80c0e13e8b,bebf5f5b2a674631ab5c88fd1aa9e87a,1535385102947981,datasets/LIDAR_TOP/n008-2018-08-27-11-48-51-0400__LIDAR_TOP__1535385102947981.pcd.bin,3707490aa140438c88b65ca24604a6f8,f59d93392f584e5ebd1aa0ffa4f7d02d,8017a35b9b5e476289a89bd098a4a1d1,5f3fc3c1d08b47cabc1bbca600abbfa8
5f3fc3c1d08b47cabc1bbca600abbfa8,bebf5f5b2a674631ab5c88fd1aa9e87a,1535385103447886,datasets/LIDAR_TOP/n008-2018-08-27-11-48-51-0400__LIDAR_TOP__1535385103447886.pcd.bin,3dc7f1a46dc94ee69c904cab4c93bfe4,f59d93392f584e5ebd1aa0ffa4f7d02d,8580e9a249b64b59bead9d80c0e13e8b,7ff999a1242e4573a81dd3a6f0c158a2
7ff999a1242e4573a81dd3a6f0c158a2,bebf5f5b2a674631ab5c88fd1aa9e87a,1535385103948321,datasets/LIDAR_TOP/n008-2018-08-27-11-48-51-0400__LIDAR_TOP__1535385103948321.pcd.bin,ecb45267b5f74be1a6ec40982f4f26cd,f59d93392f584e5ebd1aa0ffa4f7d02d,5f3fc3c1d08b47cabc1bbca600abbfa8,0402e40724984f3b833496067d46c771
0402e40724984f3b833496067d46c771,bebf5f5b2a674631ab5c88fd1aa9e87a,1535385104448758,datasets/LIDAR_TOP/n008-2018-08-27-11-48-51-0400__LIDAR_TOP__1535385104448758.pcd.bin,782ff7b63e814700b461e2617dc4f093,f59d93392f584e5ebd1aa0ffa4f7d02d,7ff999a1242e4573a81dd3a6f0c158a2,6e004695af1549c398a52b5c95e22060
6e004695af1549c398a52b5c95e22060,bebf5f5b2a674631ab5c88fd1aa9e87a,1535385104949764,datasets/LIDAR_TOP/n008-2018-08-27-11-48-51-0400__LIDAR_TOP__1535385104949764.pcd.bin,269cc2d145b14fa48cd26e0f94119413,f59d93392f584e5ebd1aa0ffa4f7d02d,0402e40724984f3b833496067d46c771,ba2491f55619445e9d2e472f39f3b01b
ba2491f55619445e9d2e472f39f3b01b,bebf5f5b2a674631ab5c88fd1aa9e87a,1535385105450180,datasets/LIDAR_TOP/n008-2018-08-27-11-48-51-0400__LIDAR_TOP__1535385105450180.pcd.bin,8d9df69dd62a43e685818383fbfed405,f59d93392f584e5ebd1aa0ffa4f7d02d,6e004695af1549c398a52b5c95e22060,2e024439286d469f8f743fe9266c0e56
2e024439286d469f8f743fe9266c0e56,bebf5f5b2a674631ab5c88fd1aa9e87a,1535385105950634,datasets/LIDAR_TOP/n008-2018-08-27-11-48-51-0400__LIDAR_TOP__1535385105950634.pcd.bin,81a6248f1fb841c9bb1fda323633936a,f59d93392f584e5ebd1aa0ffa4f7d02d,ba2491f55619445e9d2e472f39f3b01b,ff007cb7b78443e6887401d694f0d369
ff007cb7b78443e6887401d694f0d369,bebf5f5b2a674631ab5c88fd1aa9e87a,1535385106451625,datasets/LIDAR_TOP/n008-2018-08-27-11-48-51-0400__LIDAR_TOP__1535385106451625.pcd.bin,879184779248483081480c73e56f48b0,f59d93392f584e5ebd1aa0ffa4f7d02d,2e024439286d469f8f743fe9266c0e56,b2e2ffeabf91451cb31a79649bfd95df
b2e2ffeabf91451cb31a79649bfd95df,bebf5f5b2a674631ab5c88fd1aa9e87a,1535385106952072,datasets/LIDAR_TOP/n008-2018-08-27-11-48-51-0400__LIDAR_TOP__1535385106952072.pcd.bin,491ffc5ab0864f17ab6ad43f84ec2f0a,f59d93392f584e5ebd1aa0ffa4f7d02d,ff007cb7b78443e6887401d694f0d369,21342b260f964064855aa8ad1e741a22
21342b260f964064855aa8ad1e741a22,bebf5f5b2a674631ab5c88fd1aa9e87a,1535385107452513,datasets/LIDAR_TOP/n008-2018-08-27-11-48-51-0400__LIDAR_TOP__1535385107452513.pcd.bin,b13083db883c479b970d45bb550f4fc6,f59d93392f584e5ebd1aa0ffa4f7d02d,b2e2ffeabf91451cb31a79649bfd95df,9a0a16d628ae41d1ab25c9cdfc66d6a1
9a0a16d628ae41d1ab25c9cdfc66d6a1,bebf5f5b2a674631ab5c88fd1aa9e87a,1535385107953148,datasets/LIDAR_TOP/n008-2018-08-27-11-48-51-0400__LIDAR_TOP__1535385107953148.pcd.bin,483d83406d104acfb6dd4597bdb17e22,f59d93392f584e5ebd1aa0ffa4f7d02d,21342b260f964064855aa8ad1e741a22,521cde13efcc4f7cb5f93db99cce30f4
521cde13efcc4f7cb5f93db99cce30f4,bebf5f5b2a674631ab5c88fd1aa9e87a,1535385108451734,datasets/LIDAR_TOP/n008-2018-08-27-11-48-51-0400__LIDAR_TOP__1535385108451734.pcd.bin,4f08ca45bdfc4f36ad2d0085dd0bb23e,f59d93392f584e5ebd1aa0ffa4f7d02d,9a0a16d628ae41d1ab25c9cdfc66d6a1,96d915e8b7e44bacba3c78e76a924e5c
96d915e8b7e44bacba3c78e76a924e5c,bebf5f5b2a674631ab5c88fd1aa9e87a,1535385108951051,datasets/LIDAR_TOP/n008-2018-08-27-11-48-51-0400__LIDAR_TOP__1535385108951051.pcd.bin,c86737adb80248e7937baa70ed0b3d59,f59d93392f584e5ebd1aa0ffa4f7d02d,521cde13efcc4f7cb5f93db99cce30f4,e426ccb3e7874894b16e06774ae5ec42
e426ccb3e7874894b16e06774ae5ec42,bebf5f5b2a674631ab5c88fd1aa9e87a,1535385109400618,datasets/LIDAR_TOP/n008-2018-08-27-11-48-51-0400__LIDAR_TOP__1535385109400618.pcd.bin,24b67ba2e3db4590849412a7269c20e2,f59d93392f584e5ebd1aa0ffa4f7d02d,96d915e8b7e44bacba3c78e76a924e5c,c5a8f6d7a0fe4858b318aeac2524098f
c5a8f6d7a0fe4858b318aeac2524098f,bebf5f5b2a674631ab5c88fd1aa9e87a,1535385109899957,datasets/LIDAR_TOP/n008-2018-08-27-11-48-51-0400__LIDAR_TOP__1535385109899957.pcd.bin,98ac5cb9a8604e548df6d4eceabaae6c,f59d93392f584e5ebd1aa0ffa4f7d02d,e426ccb3e7874894b16e06774ae5ec42,ed1eee39e3dd4c30a3d932e3ceaa92c2
ed1eee39e3dd4c30a3d932e3ceaa92c2,bebf5f5b2a674631ab5c88fd1aa9e87a,1535385110449087,datasets/LIDAR_TOP/n008-2018-08-27-11-48-51-0400__LIDAR_TOP__1535385110449087.pcd.bin,3b2631bced8c4c3a96a3abbd3d591cfc,f59d93392f584e5ebd1aa0ffa4f7d02d,c5a8f6d7a0fe4858b318aeac2524098f,728e3e32df3c413389cb7e233de96ac4
728e3e32df3c413389cb7e233de96ac4,bebf5f5b2a674631ab5c88fd1aa9e87a,1535385110948962,datasets/LIDAR_TOP/n008-2018-08-27-11-48-51-0400__LIDAR_TOP__1535385110948962.pcd.bin,6d886a7cd2494e5aa9ce92b3f1642b9d,f59d93392f584e5ebd1aa0ffa4f7d02d,ed1eee39e3dd4c30a3d932e3ceaa92c2,9c56003504024697a5c8d1cb9355a335
9c56003504024697a5c8d1cb9355a335,bebf5f5b2a674631ab5c88fd1aa9e87a,1535385111448839,datasets/LIDAR_TOP/n008-2018-08-27-11-48-51-0400__LIDAR_TOP__1535385111448839.pcd.bin,b2899eb96cec4d36adcb7a3170efca17,f59d93392f584e5ebd1aa0ffa4f7d02d,728e3e32df3c413389cb7e233de96ac4,35833ae5808e4ef186d1fdebac3d9cf6
35833ae5808e4ef186d1fdebac3d9cf6,bebf5f5b2a674631ab5c88fd1aa9e87a,1535385111949270,datasets/LIDAR_TOP/n008-2018-08-27-11-48-51-0400__LIDAR_TOP__1535385111949270.pcd.bin,3bf5906143324c6aaee0266bc1ee1def,f59d93392f584e5ebd1aa0ffa4f7d02d,9c56003504024697a5c8d1cb9355a335,
cd9964f8c3d34383b16e9c2997de1ed0,2fc3753772e241f2ab2cd16a784cc680,1535657108301401,datasets/LIDAR_TOP/n008-2018-08-30-15-16-55-0400__LIDAR_TOP__1535657108301401.pcd.bin,80bddcd6f16b4bcaa645e3fcbd0de6ef,fdf7783dc28e42a684796c5822f79403,,9ab95de13c2d432ebb678ebb5da1ac5e
9ab95de13c2d432ebb678ebb5da1ac5e,2fc3753772e241f2ab2cd16a784cc680,1535657108801262,datasets/LIDAR_TOP/n008-2018-08-30-15-16-55-0400__LIDAR_TOP__1535657108801262.pcd.bin,8b4040a9157b4c0085aec350fe1ff25c,fdf7783dc28e42a684796c5822f79403,cd9964f8c3d34383b16e9c2997de1ed0,4a61e56dd1ee4c159cc595b52aa2a254
4a61e56dd1ee4c159cc595b52aa2a254,2fc3753772e241f2ab2cd16a784cc680,1535657109301132,datasets/LIDAR_TOP/n008-2018-08-30-15-16-55-0400__LIDAR_TOP__1535657109301132.pcd.bin,d7b6704e3ff14f208ee93becd1cecddf,fdf7783dc28e42a684796c5822f79403,9ab95de13c2d432ebb678ebb5da1ac5e,8c0372d87281421aba897bec0084d0da
8c0372d87281421aba897bec0084d0da,2fc3753772e241f2ab2cd16a784cc680,1535657109801064,datasets/LIDAR_TOP/n008-2018-08-30-15-16-55-0400__LIDAR_TOP__1535657109801064.pcd.bin,04c81c4a9efb47618458b1de513f86bc,fdf7783dc28e42a684796c5822f79403,4a61e56dd1ee4c159cc595b52aa2a254,ebce5a3b3484446580028d6538e69a81
ebce5a3b3484446580028d6538e69a81,2fc3753772e241f2ab2cd16a784cc680,1535657110200261,datasets/LIDAR_TOP/n008-2018-08-30-15-16-55-0400__LIDAR_TOP__1535657110200261.pcd.bin,a0acc8ba9b494532abc95a6dc3abc724,fdf7783dc28e42a684796c5822f79403,8c0372d87281421aba897bec0084d0da,12e1aa58e9d04068a33f37b896b901a3
12e1aa58e9d04068a33f37b896b901a3,2fc3753772e241f2ab2cd16a784cc680,1535657110651414,datasets/LIDAR_TOP/n008-2018-08-30-15-16-55-0400__LIDAR_TOP__1535657110651414.pcd.bin,806af928f111466db74fffc3aa15a2ab,fdf7783dc28e42a684796c5822f79403,ebce5a3b3484446580028d6538e69a81,407969e29bf741f184bf8405af03588e
407969e29bf741f184bf8405af03588e,2fc3753772e241f2ab2cd16a784cc680,1535657111149672,datasets/LIDAR_TOP/n008-2018-08-30-15-16-55-0400__LIDAR_TOP__1535657111149672.pcd.bin,ca63bdf665f04b4ca918b41f9e51712e,fdf7783dc28e42a684796c5822f79403,12e1aa58e9d04068a33f37b896b901a3,f4163d8adea94bcf892e005d5d2937a8
f4163d8adea94bcf892e005d5d2937a8,2fc3753772e241f2ab2cd16a784cc680,1535657111649009,datasets/LIDAR_TOP/n008-2018-08-30-15-16-55-0400__LIDAR_TOP__1535657111649009.pcd.bin,df71ce655f7b4f8d9bb7e04b5a176b45,fdf7783dc28e42a684796c5822f79403,407969e29bf741f184bf8405af03588e,e122a34ec57c4edf8311b40c3f85f863
e122a34ec57c4edf8311b40c3f85f863,2fc3753772e241f2ab2cd16a784cc680,1535657112148325,datasets/LIDAR_TOP/n008-2018-08-30-15-16-55-0400__LIDAR_TOP__1535657112148325.pcd.bin,496e34e1fbb644f1aa0cf56bbd3ad028,fdf7783dc28e42a684796c5822f79403,f4163d8adea94bcf892e005d5d2937a8,8366b5125ac945f3b93153cfa39f1677
8366b5125ac945f3b93153cfa39f1677,2fc3753772e241f2ab2cd16a784cc680,1535657112648213,datasets/LIDAR_TOP/n008-2018-08-30-15-16-55-0400__LIDAR_TOP__1535657112648213.pcd.bin,a3493356710348d2967a6b6db5a70c28,fdf7783dc28e42a684796c5822f79403,e122a34ec57c4edf8311b40c3f85f863,6b7487db4612438db7d446e2832a9e2e
6b7487db4612438db7d446e2832a9e2e,2fc3753772e241f2ab2cd16a784cc680,1535657113148632,datasets/LIDAR_TOP/n008-2018-08-30-15-16-55-0400__LIDAR_TOP__1535657113148632.pcd.bin,1514393cbd754e03bd18708fc53c338b,fdf7783dc28e42a684796c5822f79403,8366b5125ac945f3b93153cfa39f1677,0307afa1ec7e48ce90295acabf8cb6dd
0307afa1ec7e48ce90295acabf8cb6dd,2fc3753772e241f2ab2cd16a784cc680,1535657113648526,datasets/LIDAR_TOP/n008-2018-08-30-15-16-55-0400__LIDAR_TOP__1535657113648526.pcd.bin,fb2afec3d43d48b9abbe5a3aa41fb87b,fdf7783dc28e42a684796c5822f79403,6b7487db4612438db7d446e2832a9e2e,3d9b4a27209e4624b491f48144be21d6
3d9b4a27209e4624b491f48144be21d6,2fc3753772e241f2ab2cd16a784cc680,1535657114148383,datasets/LIDAR_TOP/n008-2018-08-30-15-16-55-0400__LIDAR_TOP__1535657114148383.pcd.bin,77a8aed752ce470f968c33588e81d53b,fdf7783dc28e42a684796c5822f79403,0307afa1ec7e48ce90295acabf8cb6dd,73eb876167f4419a9a6ec1a601abdcaf
73eb876167f4419a9a6ec1a601abdcaf,2fc3753772e241f2ab2cd16a784cc680,1535657114648261,datasets/LIDAR_TOP/n008-2018-08-30-15-16-55-0400__LIDAR_TOP__1535657114648261.pcd.bin,2a70e30c15d44c9fb68ee8867acae66f,fdf7783dc28e42a684796c5822f79403,3d9b4a27209e4624b491f48144be21d6,348c8122f47349429a6cd694dcac86e6
348c8122f47349429a6cd694dcac86e6,2fc3753772e241f2ab2cd16a784cc680,1535657115148131,datasets/LIDAR_TOP/n008-2018-08-30-15-16-55-0400__LIDAR_TOP__1535657115148131.pcd.bin,24d2e56395bc4570902f680fbd784d6f,fdf7783dc28e42a684796c5822f79403,73eb876167f4419a9a6ec1a601abdcaf,7ae00681137b40f5bd7bef3823a82ee2
7ae00681137b40f5bd7bef3823a82ee2,2fc3753772e241f2ab2cd16a784cc680,1535657115648632,datasets/LIDAR_TOP/n008-2018-08-30-15-16-55-0400__LIDAR_TOP__1535657115648632.pcd.bin,1eb9031d8d494b09bd48a8c88ea9a50e,fdf7783dc28e42a684796c5822f79403,348c8122f47349429a6cd694dcac86e6,8b6d496ed9d84469b75836ca1c56959f
8b6d496ed9d84469b75836ca1c56959f,2fc3753772e241f2ab2cd16a784cc680,1535657116148450,datasets/LIDAR_TOP/n008-2018-08-30-15-16-55-0400__LIDAR_TOP__1535657116148450.pcd.bin,1227dd051a7b4d45a1685bad45d810ff,fdf7783dc28e42a684796c5822f79403,7ae00681137b40f5bd7bef3823a82ee2,a9def8f915cf4bfe9c74b864384ec6c7
a9def8f915cf4bfe9c74b864384ec6c7,2fc3753772e241f2ab2cd16a784cc680,1535657116649423,datasets/LIDAR_TOP/n008-2018-08-30-15-16-55-0400__LIDAR_TOP__1535657116649423.pcd.bin,b4d658f986c3487baaec8a3aa0d1eca3,fdf7783dc28e42a684796c5822f79403,8b6d496ed9d84469b75836ca1c56959f,3d22d2c87c5b483a914c7e8125326013
3d22d2c87c5b483a914c7e8125326013,2fc3753772e241f2ab2cd16a784cc680,1535657117149304,datasets/LIDAR_TOP/n008-2018-08-30-15-16-55-0400__LIDAR_TOP__1535657117149304.pcd.bin,852560fcab7e4002b06ae89f2365b712,fdf7783dc28e42a684796c5822f79403,a9def8f915cf4bfe9c74b864384ec6c7,286532245ff646a9915070c8b402e487
286532245ff646a9915070c8b402e487,2fc3753772e241f2ab2cd16a784cc680,1535657117649169,datasets/LIDAR_TOP/n008-2018-08-30-15-16-55-0400__LIDAR_TOP__1535657117649169.pcd.bin,bb3daa74855d463c8fe51203da999873,fdf7783dc28e42a684796c5822f79403,3d22d2c87c5b483a914c7e8125326013,73e2b7fb98ef41aface277a968d65941
73e2b7fb98ef41aface277a968d65941,2fc3753772e241f2ab2cd16a784cc680,1535657118149616,datasets/LIDAR_TOP/n008-2018-08-30-15-16-55-0400__LIDAR_TOP__1535657118149616.pcd.bin,e9a13da5f8244b2c9b952ffac5ed1cf9,fdf7783dc28e42a684796c5822f79403,286532245ff646a9915070c8b402e487,c537fef0b4b241df92f44daa976fe5b3
c537fef0b4b241df92f44daa976fe5b3,2fc3753772e241f2ab2cd16a784cc680,1535657118649480,datasets/LIDAR_TOP/n008-2018-08-30-15-16-55-0400__LIDAR_TOP__1535657118649480.pcd.bin,afc8deb7688c406f80696cee08b83937,fdf7783dc28e42a684796c5822f79403,73e2b7fb98ef41aface277a968d65941,d68668cb98fe4be5a00f58b5ac8a0a7d
d68668cb98fe4be5a00f58b5ac8a0a7d,2fc3753772e241f2ab2cd16a784cc680,1535657119149935,datasets/LIDAR_TOP/n008-2018-08-30-15-16-55-0400__LIDAR_TOP__1535657119149935.pcd.bin,9ec773efd80d4b2c876569d45eb1ab91,fdf7783dc28e42a684796c5822f79403,c537fef0b4b241df92f44daa976fe5b3,00889f8a9549450aa2f32cf310a3e305
00889f8a9549450aa2f32cf310a3e305,2fc3753772e241f2ab2cd16a784cc680,1535657119649820,datasets/LIDAR_TOP/n008-2018-08-30-15-16-55-0400__LIDAR_TOP__1535657119649820.pcd.bin,5933b3acbae44b6a92b36327b134e56c,fdf7783dc28e42a684796c5822f79403,d68668cb98fe4be5a00f58b5ac8a0a7d,dd8d85a47000418e849e4cb2f2a3f45f
dd8d85a47000418e849e4cb2f2a3f45f,2fc3753772e241f2ab2cd16a784cc680,1535657120149686,datasets/LIDAR_TOP/n008-2018-08-30-15-16-55-0400__LIDAR_TOP__1535657120149686.pcd.bin,860b9c08366a4f139d3c5c52a03402ed,fdf7783dc28e42a684796c5822f79403,00889f8a9549450aa2f32cf310a3e305,c15f8261acfd4013a735798770fad71a
c15f8261acfd4013a735798770fad71a,2fc3753772e241f2ab2cd16a784cc680,1535657120649535,datasets/LIDAR_TOP/n008-2018-08-30-15-16-55-0400__LIDAR_TOP__1535657120649535.pcd.bin,39ce3612455e46619a420fe966ac5c79,fdf7783dc28e42a684796c5822f79403,dd8d85a47000418e849e4cb2f2a3f45f,0373e9d8886648779c8a73304919ab5f
0373e9d8886648779c8a73304919ab5f,2fc3753772e241f2ab2cd16a784cc680,1535657121149429,datasets/LIDAR_TOP/n008-2018-08-30-15-16-55-0400__LIDAR_TOP__1535657121149429.pcd.bin,7324c55c48674432aa0127f862bc174a,fdf7783dc28e42a684796c5822f79403,c15f8261acfd4013a735798770fad71a,a5addc41b07842768a2183abdd01cff8
a5addc41b07842768a2183abdd01cff8,2fc3753772e241f2ab2cd16a784cc680,1535657121649287,datasets/LIDAR_TOP/n008-2018-08-30-15-16-55-0400__LIDAR_TOP__1535657121649287.pcd.bin,a4fab4682f06498299859334c2f97afd,fdf7783dc28e42a684796c5822f79403,0373e9d8886648779c8a73304919ab5f,46292fc546f048f29520299220f22798
46292fc546f048f29520299220f22798,2fc3753772e241f2ab2cd16a784cc680,1535657122149177,datasets/LIDAR_TOP/n008-2018-08-30-15-16-55-0400__LIDAR_TOP__1535657122149177.pcd.bin,f650eddb684748a892c5d3a39664f0c4,fdf7783dc28e42a684796c5822f79403,a5addc41b07842768a2183abdd01cff8,9ecb1b79dbe140ca860efc4adebe854b
9ecb1b79dbe140ca860efc4adebe854b,2fc3753772e241f2ab2cd16a784cc680,1535657122649085,datasets/LIDAR_TOP/n008-2018-08-30-15-16-55-0400__LIDAR_TOP__1535657122649085.pcd.bin,77a638bad2e740aaa0c7dfb12de3a509,fdf7783dc28e42a684796c5822f79403,46292fc546f048f29520299220f22798,bad8a002637046178fe0f8216e5bc355
bad8a002637046178fe0f8216e5bc355,2fc3753772e241f2ab2cd16a784cc680,1535657123148366,datasets/LIDAR_TOP/n008-2018-08-30-15-16-55-0400__LIDAR_TOP__1535657123148366.pcd.bin,4c7429f1a7cd480b873a8bd8a341c404,fdf7783dc28e42a684796c5822f79403,9ecb1b79dbe140ca860efc4adebe854b,4d8ff5b287bb4e1ba6d0a0f79fc74457
4d8ff5b287bb4e1ba6d0a0f79fc74457,2fc3753772e241f2ab2cd16a784cc680,1535657123648262,datasets/LIDAR_TOP/n008-2018-08-30-15-16-55-0400__LIDAR_TOP__1535657123648262.pcd.bin,7683e0d810664285b61424bdb526443a,fdf7783dc28e42a684796c5822f79403,bad8a002637046178fe0f8216e5bc355,af8c2d8187aa463eab3cccbd6abc1573
af8c2d8187aa463eab3cccbd6abc1573,2fc3753772e241f2ab2cd16a784cc680,1535657124148113,datasets/LIDAR_TOP/n008-2018-08-30-15-16-55-0400__LIDAR_TOP__1535657124148113.pcd.bin,44e68bcd6ef14da2a07e82e6b98bbe1f,fdf7783dc28e42a684796c5822f79403,4d8ff5b287bb4e1ba6d0a0f79fc74457,73ccc9c10a3547849b8ff130d50bac98
73ccc9c10a3547849b8ff130d50bac98,2fc3753772e241f2ab2cd16a784cc680,1535657124648599,datasets/LIDAR_TOP/n008-2018-08-30-15-16-55-0400__LIDAR_TOP__1535657124648599.pcd.bin,d35ea9e76f0d4605bd2e3c898d63ca2e,fdf7783dc28e42a684796c5822f79403,af8c2d8187aa463eab3cccbd6abc1573,e3bcde4a06124931a097ef2a211aaaef
e3bcde4a06124931a097ef2a211aaaef,2fc3753772e241f2ab2cd16a784cc680,1535657125148970,datasets/LIDAR_TOP/n008-2018-08-30-15-16-55-0400__LIDAR_TOP__1535657125148970.pcd.bin,b59ea461938c4bdba28921a8ae3d5878,fdf7783dc28e42a684796c5822f79403,73ccc9c10a3547849b8ff130d50bac98,9e6ce5a26025462fbd9bdac2d18c07eb
9e6ce5a26025462fbd9bdac2d18c07eb,2fc3753772e241f2ab2cd16a784cc680,1535657125649405,datasets/LIDAR_TOP/n008-2018-08-30-15-16-55-0400__LIDAR_TOP__1535657125649405.pcd.bin,990221dad14647259ac888143bb05f3c,fdf7783dc28e42a684796c5822f79403,e3bcde4a06124931a097ef2a211aaaef,1b90013f0287408f9371729424c93892
1b90013f0287408f9371729424c93892,2fc3753772e241f2ab2cd16a784cc680,1535657126149278,datasets/LIDAR_TOP/n008-2018-08-30-15-16-55-0400__LIDAR_TOP__1535657126149278.pcd.bin,5124f159a79e4ff5b0e0a46d7ddf4737,fdf7783dc28e42a684796c5822f79403,9e6ce5a26025462fbd9bdac2d18c07eb,ca0a3858c31e4281866e2b2a7f7c0db0
ca0a3858c31e4281866e2b2a7f7c0db0,2fc3753772e241f2ab2cd16a784cc680,1535657126649732,datasets/LIDAR_TOP/n008-2018-08-30-15-16-55-0400__LIDAR_TOP__1535657126649732.pcd.bin,9349841fadd14e98953d33a635571500,fdf7783dc28e42a684796c5822f79403,1b90013f0287408f9371729424c93892,2c3e2cfc699f4ca78cc77dc3161d1763
2c3e2cfc699f4ca78cc77dc3161d1763,2fc3753772e241f2ab2cd16a784cc680,1535657127150180,datasets/LIDAR_TOP/n008-2018-08-30-15-16-55-0400__LIDAR_TOP__1535657127150180.pcd.bin,b56ff6631cfe4cbeade1d4e09ba145d1,fdf7783dc28e42a684796c5822f79403,ca0a3858c31e4281866e2b2a7f7c0db0,f3e7e088082d4aabb9a3bf504d4ac904
f3e7e088082d4aabb9a3bf504d4ac904,2fc3753772e241f2ab2cd16a784cc680,1535657127650049,datasets/LIDAR_TOP/n008-2018-08-30-15-16-55-0400__LIDAR_TOP__1535657127650049.pcd.bin,203f43a3eee74b808bfed5df38847780,fdf7783dc28e42a684796c5822f79403,2c3e2cfc699f4ca78cc77dc3161d1763,8fe9664cec514a58b1184c4fcefda6b5
8fe9664cec514a58b1184c4fcefda6b5,2fc3753772e241f2ab2cd16a784cc680,1535657128149910,datasets/LIDAR_TOP/n008-2018-08-30-15-16-55-0400__LIDAR_TOP__1535657128149910.pcd.bin,46e855a9aa094a2b9c465ef7524d101a,fdf7783dc28e42a684796c5822f79403,f3e7e088082d4aabb9a3bf504d4ac904,
c1676a2feac74eee8aa38ca3901787d6,c5224b9b454b4ded9b5d2d2634bbda8a,1538448744447639,datasets/LIDAR_TOP/n015-2018-10-02-10-50-40+0800__LIDAR_TOP__1538448744447639.pcd.bin,17dcee974ba349e884f676670d0c66e7,921418ec19a946fbafe4a5e058d79bf9,,d6b0de49811b4d1b86a0933719c0c44a
d6b0de49811b4d1b86a0933719c0c44a,c5224b9b454b4ded9b5d2d2634bbda8a,1538448745047596,datasets/LIDAR_TOP/n015-2018-10-02-10-50-40+0800__LIDAR_TOP__1538448745047596.pcd.bin,7f4f4f15b0924b819dfe777bff607413,921418ec19a946fbafe4a5e058d79bf9,c1676a2feac74eee8aa38ca3901787d6,6d5d0e60cbf4429d8b6cfa055924e5ca
6d5d0e60cbf4429d8b6cfa055924e5ca,c5224b9b454b4ded9b5d2d2634bbda8a,1538448745547460,datasets/LIDAR_TOP/n015-2018-10-02-10-50-40+0800__LIDAR_TOP__1538448745547460.pcd.bin,919ee06026cb4ec89f98eba125da0594,921418ec19a946fbafe4a5e058d79bf9,d6b0de49811b4d1b86a0933719c0c44a,a51146d2b181450292623ec03ade9f03
a51146d2b181450292623ec03ade9f03,c5224b9b454b4ded9b5d2d2634bbda8a,1538448746047898,datasets/LIDAR_TOP/n015-2018-10-02-10-50-40+0800__LIDAR_TOP__1538448746047898.pcd.bin,7a849fdad06c4623a816fc751ce99030,921418ec19a946fbafe4a5e058d79bf9,6d5d0e60cbf4429d8b6cfa055924e5ca,092051710b7b4d9294e98dcb3f0f7be1
092051710b7b4d9294e98dcb3f0f7be1,c5224b9b454b4ded9b5d2d2634bbda8a,1538448746548329,datasets/LIDAR_TOP/n015-2018-10-02-10-50-40+0800__LIDAR_TOP__1538448746548329.pcd.bin,6dcab8d0e0164bec8adbfe302e109a0a,921418ec19a946fbafe4a5e058d79bf9,a51146d2b181450292623ec03ade9f03,feaef544d11646ed806b53d9e1f39cd9
feaef544d11646ed806b53d9e1f39cd9,c5224b9b454b4ded9b5d2d2634bbda8a,1538448747047643,datasets/LIDAR_TOP/n015-2018-10-02-10-50-40+0800__LIDAR_TOP__1538448747047643.pcd.bin,49e2ba0672564d2580d880b52f400bf3,921418ec19a946fbafe4a5e058d79bf9,092051710b7b4d9294e98dcb3f0f7be1,dca2cc206bb34bc197ae8ebdaed22f35
dca2cc206bb34bc197ae8ebdaed22f35,c5224b9b454b4ded9b5d2d2634bbda8a,1538448747547529,datasets/LIDAR_TOP/n015-2018-10-02-10-50-40+0800__LIDAR_TOP__1538448747547529.pcd.bin,8a1f3dbb35f548b0ab04e5dd166f51d0,921418ec19a946fbafe4a5e058d79bf9,feaef544d11646ed806b53d9e1f39cd9,fe42b85d7f7a4107b650ffa993a4fbff
fe42b85d7f7a4107b650ffa993a4fbff,c5224b9b454b4ded9b5d2d2634bbda8a,1538448748047387,datasets/LIDAR_TOP/n015-2018-10-02-10-50-40+0800__LIDAR_TOP__1538448748047387.pcd.bin,754d2c3b330740919e344fb015dd9001,921418ec19a946fbafe4a5e058d79bf9,dca2cc206bb34bc197ae8ebdaed22f35,fe2a163b8948451b95fa48e21e1988ce
fe2a163b8948451b95fa48e21e1988ce,c5224b9b454b4ded9b5d2d2634bbda8a,1538448748547277,datasets/LIDAR_TOP/n015-2018-10-02-10-50-40+0800__LIDAR_TOP__1538448748547277.pcd.bin,f8b82aa361734f89842e5ef49470c535,921418ec19a946fbafe4a5e058d79bf9,fe42b85d7f7a4107b650ffa993a4fbff,3a7aa284dd9d485d8effc20db8cda140
3a7aa284dd9d485d8effc20db8cda140,c5224b9b454b4ded9b5d2d2634bbda8a,1538448749047731,datasets/LIDAR_TOP/n015-2018-10-02-10-50-40+0800__LIDAR_TOP__1538448749047731.pcd.bin,e3bcd9fa64e940f085e1f5532c3bc3ce,921418ec19a946fbafe4a5e058d79bf9,fe2a163b8948451b95fa48e21e1988ce,f218a2b4fa6941f7ac3798adc72126e8
f218a2b4fa6941f7ac3798adc72126e8,c5224b9b454b4ded9b5d2d2634bbda8a,1538448749547584,datasets/LIDAR_TOP/n015-2018-10-02-10-50-40+0800__LIDAR_TOP__1538448749547584.pcd.bin,6c94ce43b54c49ebb7c2c667adea1c94,921418ec19a946fbafe4a5e058d79bf9,3a7aa284dd9d485d8effc20db8cda140,17723c0411434e48875a93de4db0ecba
17723c0411434e48875a93de4db0ecba,c5224b9b454b4ded9b5d2d2634bbda8a,1538448750047463,datasets/LIDAR_TOP/n015-2018-10-02-10-50-40+0800__LIDAR_TOP__1538448750047463.pcd.bin,26f69bf5959c4e03bb3cf8dfe0ee79fc,921418ec19a946fbafe4a5e058d79bf9,f218a2b4fa6941f7ac3798adc72126e8,7fd597745c26471ab336b3dd41a5f6dc
7fd597745c26471ab336b3dd41a5f6dc,c5224b9b454b4ded9b5d2d2634bbda8a,1538448750547877,datasets/LIDAR_TOP/n015-2018-10-02-10-50-40+0800__LIDAR_TOP__1538448750547877.pcd.bin,2a317368167d4251aa179b49d57718cc,921418ec19a946fbafe4a5e058d79bf9,17723c0411434e48875a93de4db0ecba,19f02e3faab4412988f28d419e1727fa
19f02e3faab4412988f28d419e1727fa,c5224b9b454b4ded9b5d2d2634bbda8a,1538448751048300,datasets/LIDAR_TOP/n015-2018-10-02-10-50-40+0800__LIDAR_TOP__1538448751048300.pcd.bin,424a8bbee64046b4899c7b205d6bb12d,921418ec19a946fbafe4a5e058d79bf9,7fd597745c26471ab336b3dd41a5f6dc,312cd4d3bef1476a9211d3dab50dd0b7
312cd4d3bef1476a9211d3dab50dd0b7,c5224b9b454b4ded9b5d2d2634bbda8a,1538448751548178,datasets/LIDAR_TOP/n015-2018-10-02-10-50-40+0800__LIDAR_TOP__1538448751548178.pcd.bin,bd76601ac48f44ba926105cd14ef68a9,921418ec19a946fbafe4a5e058d79bf9,19f02e3faab4412988f28d419e1727fa,4aaaf68b9f9f45968a4e862eb03e17ea
4aaaf68b9f9f45968a4e862eb03e17ea,c5224b9b454b4ded9b5d2d2634bbda8a,1538448752048628,datasets/LIDAR_TOP/n015-2018-10-02-10-50-40+0800__LIDAR_TOP__1538448752048628.pcd.bin,66735d60c9ab4763b07570827c8b5ba0,921418ec19a946fbafe4a5e058d79bf9,312cd4d3bef1476a9211d3dab50dd0b7,639a4120779f44bb9cf41be3e8612e36
639a4120779f44bb9cf41be3e8612e36,c5224b9b454b4ded9b5d2d2634bbda8a,1538448752549040,datasets/LIDAR_TOP/n015-2018-10-02-10-50-40+0800__LIDAR_TOP__1538448752549040.pcd.bin,05632405466449caa51cb5fc7688a3b4,921418ec19a946fbafe4a5e058d79bf9,4aaaf68b9f9f45968a4e862eb03e17ea,b2f333255d574bebb6f170beaab6a824
b2f333255d574bebb6f170beaab6a824,c5224b9b454b4ded9b5d2d2634bbda8a,1538448753048377,datasets/LIDAR_TOP/n015-2018-10-02-10-50-40+0800__LIDAR_TOP__1538448753048377.pcd.bin,f2f5bd610a204e338bdd1517e8be396c,921418ec19a946fbafe4a5e058d79bf9,639a4120779f44bb9cf41be3e8612e36,0106a9b8e65f4ad1867b44591aeed8b0
0106a9b8e65f4ad1867b44591aeed8b0,c5224b9b454b4ded9b5d2d2634bbda8a,1538448753547684,datasets/LIDAR_TOP/n015-2018-10-02-10-50-40+0800__LIDAR_TOP__1538448753547684.pcd.bin,a61ad2acf5d641a995e3cb00e3b1e685,921418ec19a946fbafe4a5e058d79bf9,b2f333255d574bebb6f170beaab6a824,4786b3c0d0a24c8b86b0676d32dd5919
4786b3c0d0a24c8b86b0676d32dd5919,c5224b9b454b4ded9b5d2d2634bbda8a,1538448754047572,datasets/LIDAR_TOP/n015-2018-10-02-10-50-40+0800__LIDAR_TOP__1538448754047572.pcd.bin,ad881d8f511d41ffae14c7e93963fc61,921418ec19a946fbafe4a5e058d79bf9,0106a9b8e65f4ad1867b44591aeed8b0,4ee219c4638949de9d994bc792fd0a69
4ee219c4638949de9d994bc792fd0a69,c5224b9b454b4ded9b5d2d2634bbda8a,1538448754547448,datasets/LIDAR_TOP/n015-2018-10-02-10-50-40+0800__LIDAR_TOP__1538448754547448.pcd.bin,f330779d807d451aafaea198e036cba7,921418ec19a946fbafe4a5e058d79bf9,4786b3c0d0a24c8b86b0676d32dd5919,ac9af15d1aba4f5786877dde9f0b1c93
ac9af15d1aba4f5786877dde9f0b1c93,c5224b9b454b4ded9b5d2d2634bbda8a,1538448755047865,datasets/LIDAR_TOP/n015-2018-10-02-10-50-40+0800__LIDAR_TOP__1538448755047865.pcd.bin,5dcd4e529def4dea83dfdbb41f359234,921418ec19a946fbafe4a5e058d79bf9,4ee219c4638949de9d994bc792fd0a69,61d47d1198184bfdaa6777e9448d825d
61d47d1198184bfdaa6777e9448d825d,c5224b9b454b4ded9b5d2d2634bbda8a,1538448755548316,datasets/LIDAR_TOP/n015-2018-10-02-10-50-40+0800__LIDAR_TOP__1538448755548316.pcd.bin,301d18c2894d42078e3dd3dee71092eb,921418ec19a946fbafe4a5e058d79bf9,ac9af15d1aba4f5786877dde9f0b1c93,f1fd429830e3437db4ba03ba851f0015
f1fd429830e3437db4ba03ba851f0015,c5224b9b454b4ded9b5d2d2634bbda8a,1538448756050426,datasets/LIDAR_TOP/n015-2018-10-02-10-50-40+0800__LIDAR_TOP__1538448756050426.pcd.bin,0c54d13080a44cf2893e6a395bcc5f5a,921418ec19a946fbafe4a5e058d79bf9,61d47d1198184bfdaa6777e9448d825d,7df1288fed8a403b8e7a35112b392d7c
7df1288fed8a403b8e7a35112b392d7c,c5224b9b454b4ded9b5d2d2634bbda8a,1538448756547528,datasets/LIDAR_TOP/n015-2018-10-02-10-50-40+0800__LIDAR_TOP__1538448756547528.pcd.bin,2052f63adeeb4cb58e9a2d26a14b16eb,921418ec19a946fbafe4a5e058d79bf9,f1fd429830e3437db4ba03ba851f0015,264c5f3a04744d53a72fd07c1bb6a724
264c5f3a04744d53a72fd07c1bb6a724,c5224b9b454b4ded9b5d2d2634bbda8a,1538448757048500,datasets/LIDAR_TOP/n015-2018-10-02-10-50-40+0800__LIDAR_TOP__1538448757048500.pcd.bin,9924c2fdbbed44d09bac67e5e1144431,921418ec19a946fbafe4a5e058d79bf9,7df1288fed8a403b8e7a35112b392d7c,bc0040070bcc4233a057bb293f5f6444
bc0040070bcc4233a057bb293f5f6444,c5224b9b454b4ded9b5d2d2634bbda8a,1538448757548354,datasets/LIDAR_TOP/n015-2018-10-02-10-50-40+0800__LIDAR_TOP__1538448757548354.pcd.bin,21f576c4c5a24dd38aea878e2c78f9aa,921418ec19a946fbafe4a5e058d79bf9,264c5f3a04744d53a72fd07c1bb6a724,269ccf1fe399403c914e1f649d2a8ca2
269ccf1fe399403c914e1f649d2a8ca2,c5224b9b454b4ded9b5d2d2634bbda8a,1538448758048230,datasets/LIDAR_TOP/n015-2018-10-02-10-50-40+0800__LIDAR_TOP__1538448758048230.pcd.bin,d58214c9fe024a10806ea13c2d5c9747,921418ec19a946fbafe4a5e058d79bf9,bc0040070bcc4233a057bb293f5f6444,59b32981037042eda1fed3c1026fbaba
59b32981037042eda1fed3c1026fbaba,c5224b9b454b4ded9b5d2d2634bbda8a,1538448758547578,datasets/LIDAR_TOP/n015-2018-10-02-10-50-40+0800__LIDAR_TOP__1538448758547578.pcd.bin,d480d2744ce34815b52dd05eeb5732df,921418ec19a946fbafe4a5e058d79bf9,269ccf1fe399403c914e1f649d2a8ca2,1dba6570f0774b5cb87de6694bb338c0
1dba6570f0774b5cb87de6694bb338c0,c5224b9b454b4ded9b5d2d2634bbda8a,1538448759047433,datasets/LIDAR_TOP/n015-2018-10-02-10-50-40+0800__LIDAR_TOP__1538448759047433.pcd.bin,6940339abda24bada9c47a85a291af32,921418ec19a946fbafe4a5e058d79bf9,59b32981037042eda1fed3c1026fbaba,3e7ed5cf0b4541e4a0e1b109dfea89cf
3e7ed5cf0b4541e4a0e1b109dfea89cf,c5224b9b454b4ded9b5d2d2634bbda8a,1538448759546758,datasets/LIDAR_TOP/n015-2018-10-02-10-50-40+0800__LIDAR_TOP__1538448759546758.pcd.bin,49ba1c7ea209428aa648affaa00e3347,921418ec19a946fbafe4a5e058d79bf9,1dba6570f0774b5cb87de6694bb338c0,be1494c7762c43ca88010f366997a586
be1494c7762c43ca88010f366997a586,c5224b9b454b4ded9b5d2d2634bbda8a,1538448760047738,datasets/LIDAR_TOP/n015-2018-10-02-10-50-40+0800__LIDAR_TOP__1538448760047738.pcd.bin,63175a77138f46f891924cd0746a189d,921418ec19a946fbafe4a5e058d79bf9,3e7ed5cf0b4541e4a0e1b109dfea89cf,b422bd971acf483592e367c2c5057a60
b422bd971acf483592e367c2c5057a60,c5224b9b454b4ded9b5d2d2634bbda8a,1538448760548179,datasets/LIDAR_TOP/n015-2018-10-02-10-50-40+0800__LIDAR_TOP__1538448760548179.pcd.bin,babb4ff9ad2b45f69d49acea58ce4b86,921418ec19a946fbafe4a5e058d79bf9,be1494c7762c43ca88010f366997a586,fa51f1910942494cbe396640010fea64
fa51f1910942494cbe396640010fea64,c5224b9b454b4ded9b5d2d2634bbda8a,1538448761048087,datasets/LIDAR_TOP/n015-2018-10-02-10-50-40+0800__LIDAR_TOP__1538448761048087.pcd.bin,70cbbf88b7e2495f9a45f392e0fbe605,921418ec19a946fbafe4a5e058d79bf9,b422bd971acf483592e367c2c5057a60,26e594c412e84bdda76e344933fe305a
26e594c412e84bdda76e344933fe305a,c5224b9b454b4ded9b5d2d2634bbda8a,1538448761548500,datasets/LIDAR_TOP/n015-2018-10-02-10-50-40+0800__LIDAR_TOP__1538448761548500.pcd.bin,5d5fa8f7e1fa4bb89efe64daf8b2434a,921418ec19a946fbafe4a5e058d79bf9,fa51f1910942494cbe396640010fea64,78e778e7e6c84dc59c0436a4d6ff5032
78e778e7e6c84dc59c0436a4d6ff5032,c5224b9b454b4ded9b5d2d2634bbda8a,1538448762048350,datasets/LIDAR_TOP/n015-2018-10-02-10-50-40+0800__LIDAR_TOP__1538448762048350.pcd.bin,7cf393d35396408097fc318d66facc06,921418ec19a946fbafe4a5e058d79bf9,26e594c412e84bdda76e344933fe305a,9966278ad296494598a9e5fba07926e0
9966278ad296494598a9e5fba07926e0,c5224b9b454b4ded9b5d2d2634bbda8a,1538448762547686,datasets/LIDAR_TOP/n015-2018-10-02-10-50-40+0800__LIDAR_TOP__1538448762547686.pcd.bin,cc6ad410cc8f4e1797ddf5d8b8cc84a3,921418ec19a946fbafe4a5e058d79bf9,78e778e7e6c84dc59c0436a4d6ff5032,225aa2795d63442ebc496cd0c49d3bdb
225aa2795d63442ebc496cd0c49d3bdb,c5224b9b454b4ded9b5d2d2634bbda8a,1538448763047541,datasets/LIDAR_TOP/n015-2018-10-02-10-50-40+0800__LIDAR_TOP__1538448763047541.pcd.bin,11882438a76e417d833618f0aefd797a,921418ec19a946fbafe4a5e058d79bf9,9966278ad296494598a9e5fba07926e0,de9432d4fc7a4e5a985e2bc628eb614c
de9432d4fc7a4e5a985e2bc628eb614c,c5224b9b454b4ded9b5d2d2634bbda8a,1538448763547987,datasets/LIDAR_TOP/n015-2018-10-02-10-50-40+0800__LIDAR_TOP__1538448763547987.pcd.bin,80bbed0cdcef4a329de253d5fb6b6d2d,921418ec19a946fbafe4a5e058d79bf9,225aa2795d63442ebc496cd0c49d3bdb,63c24b51feb94f14bec29022dae4975d
63c24b51feb94f14bec29022dae4975d,c5224b9b454b4ded9b5d2d2634bbda8a,1538448764047314,datasets/LIDAR_TOP/n015-2018-10-02-10-50-40+0800__LIDAR_TOP__1538448764047314.pcd.bin,be93b3f1e1fb4e6297823e3ca0cc3585,921418ec19a946fbafe4a5e058d79bf9,de9432d4fc7a4e5a985e2bc628eb614c,
b5989651183643369174912bc5641d3b,325cef682f064c55a255f2625c533b75,1538984233547259,datasets/LIDAR_TOP/n015-2018-10-08-15-36-50+0800__LIDAR_TOP__1538984233547259.pcd.bin,65e07a70e6b5404a87bf34e49d4c0924,00e93a09857648a8b723b48db4236602,,0bb62a68055249e381b039bf54b0ccf8
0bb62a68055249e381b039bf54b0ccf8,325cef682f064c55a255f2625c533b75,1538984234047134,datasets/LIDAR_TOP/n015-2018-10-08-15-36-50+0800__LIDAR_TOP__1538984234047134.pcd.bin,9ab5069c183c492b82b0ab30133080c1,00e93a09857648a8b723b48db4236602,b5989651183643369174912bc5641d3b,07fad91090c746ccaa1b2bdb55329e20
07fad91090c746ccaa1b2bdb55329e20,325cef682f064c55a255f2625c533b75,1538984234547551,datasets/LIDAR_TOP/n015-2018-10-08-15-36-50+0800__LIDAR_TOP__1538984234547551.pcd.bin,4258ba3b8b8142f48c3249d310a8c3d2,00e93a09857648a8b723b48db4236602,0bb62a68055249e381b039bf54b0ccf8,ae5004bf4ebb4db0a84cb3c27bd398d1
ae5004bf4ebb4db0a84cb3c27bd398d1,325cef682f064c55a255f2625c533b75,1538984234947904,datasets/LIDAR_TOP/n015-2018-10-08-15-36-50+0800__LIDAR_TOP__1538984234947904.pcd.bin,8970a737ebee4443af37102473aaef8b,00e93a09857648a8b723b48db4236602,07fad91090c746ccaa1b2bdb55329e20,ac8b4d49731d43289579f014cb7c97ef
ac8b4d49731d43289579f014cb7c97ef,325cef682f064c55a255f2625c533b75,1538984235447825,datasets/LIDAR_TOP/n015-2018-10-08-15-36-50+0800__LIDAR_TOP__1538984235447825.pcd.bin,83f3eb36fc7144ab902e192db3a98c06,00e93a09857648a8b723b48db4236602,ae5004bf4ebb4db0a84cb3c27bd398d1,c1eed31234b94e9f8e22fbf3428b0ac2
c1eed31234b94e9f8e22fbf3428b0ac2,325cef682f064c55a255f2625c533b75,1538984235947081,datasets/LIDAR_TOP/n015-2018-10-08-15-36-50+0800__LIDAR_TOP__1538984235947081.pcd.bin,0fc0a764b3ec4c8196ffa35598fbda5f,00e93a09857648a8b723b48db4236602,ac8b4d49731d43289579f014cb7c97ef,edba7d0cf1c64d2a9c8a5ebddab507a9
edba7d0cf1c64d2a9c8a5ebddab507a9,325cef682f064c55a255f2625c533b75,1538984236446970,datasets/LIDAR_TOP/n015-2018-10-08-15-36-50+0800__LIDAR_TOP__1538984236446970.pcd.bin,ef823f39fe034fdc9651a363fc81327b,00e93a09857648a8b723b48db4236602,c1eed31234b94e9f8e22fbf3428b0ac2,a5afebb0aa5e4d7c95665788ce51ec58
a5afebb0aa5e4d7c95665788ce51ec58,325cef682f064c55a255f2625c533b75,1538984236946289,datasets/LIDAR_TOP/n015-2018-10-08-15-36-50+0800__LIDAR_TOP__1538984236946289.pcd.bin,f8de967b00394c9e88558219feef8426,00e93a09857648a8b723b48db4236602,edba7d0cf1c64d2a9c8a5ebddab507a9,5b7cb170eee6468aa1fdbd3abcf63c5a
5b7cb170eee6468aa1fdbd3abcf63c5a,325cef682f064c55a255f2625c533b75,1538984237446737,datasets/LIDAR_TOP/n015-2018-10-08-15-36-50+0800__LIDAR_TOP__1538984237446737.pcd.bin,cb440b4d1912467fb51d871f0ccf8e8a,00e93a09857648a8b723b48db4236602,a5afebb0aa5e4d7c95665788ce51ec58,d8251bbc2105497ab8ec80827d4429aa
d8251bbc2105497ab8ec80827d4429aa,325cef682f064c55a255f2625c533b75,1538984237947155,datasets/LIDAR_TOP/n015-2018-10-08-15-36-50+0800__LIDAR_TOP__1538984237947155.pcd.bin,13546ea263ff48f49899cb30ac0004e9,00e93a09857648a8b723b48db4236602,5b7cb170eee6468aa1fdbd3abcf63c5a,048a45dd2cf54aa5808d8ccc85731d44
048a45dd2cf54aa5808d8ccc85731d44,325cef682f064c55a255f2625c533b75,1538984238447571,datasets/LIDAR_TOP/n015-2018-10-08-15-36-50+0800__LIDAR_TOP__1538984238447571.pcd.bin,9b77dad2bdcf4814b042fa47889f19f6,00e93a09857648a8b723b48db4236602,d8251bbc2105497ab8ec80827d4429aa,858a1ece22cf45d9bc71e42336604b78
858a1ece22cf45d9bc71e42336604b78,325cef682f064c55a255f2625c533b75,1538984238948012,datasets/LIDAR_TOP/n015-2018-10-08-15-36-50+0800__LIDAR_TOP__1538984238948012.pcd.bin,2b77a910c5e749f9a620d893361c1976,00e93a09857648a8b723b48db4236602,048a45dd2cf54aa5808d8ccc85731d44,372725a4b00e49c78d6d0b1c4a38b6e0
372725a4b00e49c78d6d0b1c4a38b6e0,325cef682f064c55a255f2625c533b75,1538984239448435,datasets/LIDAR_TOP/n015-2018-10-08-15-36-50+0800__LIDAR_TOP__1538984239448435.pcd.bin,097394612e494d1ebe1750ed54a27763,00e93a09857648a8b723b48db4236602,858a1ece22cf45d9bc71e42336604b78,61a7bd24f88a46c2963280d8b13ac675
61a7bd24f88a46c2963280d8b13ac675,325cef682f064c55a255f2625c533b75,1538984239948316,datasets/LIDAR_TOP/n015-2018-10-08-15-36-50+0800__LIDAR_TOP__1538984239948316.pcd.bin,20601ccb0ab0445db56bad84060c1323,00e93a09857648a8b723b48db4236602,372725a4b00e49c78d6d0b1c4a38b6e0,609d5177362340458a3bfd4949cd1e64
609d5177362340458a3bfd4949cd1e64,325cef682f064c55a255f2625c533b75,1538984240448191,datasets/LIDAR_TOP/n015-2018-10-08-15-36-50+0800__LIDAR_TOP__1538984240448191.pcd.bin,746857c6bd46430fa4b5b82186e716e0,00e93a09857648a8b723b48db4236602,61a7bd24f88a46c2963280d8b13ac675,b1303058fa624645b753d7283d70de45
b1303058fa624645b753d7283d70de45,325cef682f064c55a255f2625c533b75,1538984240947518,datasets/LIDAR_TOP/n015-2018-10-08-15-36-50+0800__LIDAR_TOP__1538984240947518.pcd.bin,ef4fbe4064a74ce6b0a52cb3dd2e0bf0,00e93a09857648a8b723b48db4236602,609d5177362340458a3bfd4949cd1e64,a19a80c905674faab7203a3a4e0f5246
a19a80c905674faab7203a3a4e0f5246,325cef682f064c55a255f2625c533b75,1538984241447959,datasets/LIDAR_TOP/n015-2018-10-08-15-36-50+0800__LIDAR_TOP__1538984241447959.pcd.bin,63d7813869b34ee9aa65064e93775e58,00e93a09857648a8b723b48db4236602,b1303058fa624645b753d7283d70de45,b6c420c3a5bd4a219b1cb82ee5ea0aa7
b6c420c3a5bd4a219b1cb82ee5ea0aa7,325cef682f064c55a255f2625c533b75,1538984241947812,datasets/LIDAR_TOP/n015-2018-10-08-15-36-50+0800__LIDAR_TOP__1538984241947812.pcd.bin,3d5a6fe339f3490297e4b9d1f3949618,00e93a09857648a8b723b48db4236602,a19a80c905674faab7203a3a4e0f5246,8092909473464f80b9f791a4d31ddcb8
8092909473464f80b9f791a4d31ddcb8,325cef682f064c55a255f2625c533b75,1538984242447730,datasets/LIDAR_TOP/n015-2018-10-08-15-36-50+0800__LIDAR_TOP__1538984242447730.pcd.bin,306e66375cf94c7881864ba03782d2d2,00e93a09857648a8b723b48db4236602,b6c420c3a5bd4a219b1cb82ee5ea0aa7,e174cb43655f49dab7ffa27b973670e3
e174cb43655f49dab7ffa27b973670e3,325cef682f064c55a255f2625c533b75,1538984242947023,datasets/LIDAR_TOP/n015-2018-10-08-15-36-50+0800__LIDAR_TOP__1538984242947023.pcd.bin,49cd09e4a07145258972fc4e6b18e42d,00e93a09857648a8b723b48db4236602,8092909473464f80b9f791a4d31ddcb8,6ff9723a60bf4e14b328b3b19f04dc32
6ff9723a60bf4e14b328b3b19f04dc32,325cef682f064c55a255f2625c533b75,1538984243446332,datasets/LIDAR_TOP/n015-2018-10-08-15-36-50+0800__LIDAR_TOP__1538984243446332.pcd.bin,60448167db014ef49dcfb65d89d69b3f,00e93a09857648a8b723b48db4236602,e174cb43655f49dab7ffa27b973670e3,06be0e3b665c44fa8d17d9f4770bdf9c
06be0e3b665c44fa8d17d9f4770bdf9c,325cef682f064c55a255f2625c533b75,1538984243946219,datasets/LIDAR_TOP/n015-2018-10-08-15-36-50+0800__LIDAR_TOP__1538984243946219.pcd.bin,f0bb168a6bc34e0bba79dd122b6394b0,00e93a09857648a8b723b48db4236602,6ff9723a60bf4e14b328b3b19f04dc32,9150678870764c1b87a649a25939c61b
9150678870764c1b87a649a25939c61b,325cef682f064c55a255f2625c533b75,1538984244446640,datasets/LIDAR_TOP/n015-2018-10-08-15-36-50+0800__LIDAR_TOP__1538984244446640.pcd.bin,a82ac06abf0d4d5ea70af9e19e82305e,00e93a09857648a8b723b48db4236602,06be0e3b665c44fa8d17d9f4770bdf9c,8573a885a7cb41d185c05029eeb9a54e
8573a885a7cb41d185c05029eeb9a54e,325cef682f064c55a255f2625c533b75,1538984244946513,datasets/LIDAR_TOP/n015-2018-10-08-15-36-50+0800__LIDAR_TOP__1538984244946513.pcd.bin,2a572213c61c4d40a1955c2aecee6104,00e93a09857648a8b723b48db4236602,9150678870764c1b87a649a25939c61b,55c258972acb4300a3a6077a531ab050
55c258972acb4300a3a6077a531ab050,325cef682f064c55a255f2625c533b75,1538984245447134,datasets/LIDAR_TOP/n015-2018-10-08-15-36-50+0800__LIDAR_TOP__1538984245447134.pcd.bin,4734352144ac49a7b02960b99573fc14,00e93a09857648a8b723b48db4236602,8573a885a7cb41d185c05029eeb9a54e,44237858a539457da65822bfcf58c414
44237858a539457da65822bfcf58c414,325cef682f064c55a255f2625c533b75,1538984245947391,datasets/LIDAR_TOP/n015-2018-10-08-15-36-50+0800__LIDAR_TOP__1538984245947391.pcd.bin,0ab9ec2730894df2b48df70d0d2e84a9,00e93a09857648a8b723b48db4236602,55c258972acb4300a3a6077a531ab050,8cd36e9531fb4eba8e6ac1d666c4641c
8cd36e9531fb4eba8e6ac1d666c4641c,325cef682f064c55a255f2625c533b75,1538984246447815,datasets/LIDAR_TOP/n015-2018-10-08-15-36-50+0800__LIDAR_TOP__1538984246447815.pcd.bin,cb708f56b6104d638f93e3906cba5b82,00e93a09857648a8b723b48db4236602,44237858a539457da65822bfcf58c414,7bebe3c9be714f02837f8617c56df122
7bebe3c9be714f02837f8617c56df122,325cef682f064c55a255f2625c533b75,1538984246948247,datasets/LIDAR_TOP/n015-2018-10-08-15-36-50+0800__LIDAR_TOP__1538984246948247.pcd.bin,fd6002d736cb405796fc4fbdd5af6f7f,00e93a09857648a8b723b48db4236602,8cd36e9531fb4eba8e6ac1d666c4641c,4b894442c95141f9affd731d9da7b43c
4b894442c95141f9affd731d9da7b43c,325cef682f064c55a255f2625c533b75,1538984247449248,datasets/LIDAR_TOP/n015-2018-10-08-15-36-50+0800__LIDAR_TOP__1538984247449248.pcd.bin,7f769bb638214009813b92df0cfb501a,00e93a09857648a8b723b48db4236602,7bebe3c9be714f02837f8617c56df122,e00dc15130dc44e796687baadd076ae4
e00dc15130dc44e796687baadd076ae4,325cef682f064c55a255f2625c533b75,1538984247949081,datasets/LIDAR_TOP/n015-2018-10-08-15-36-50+0800__LIDAR_TOP__1538984247949081.pcd.bin,f76469bb5b5747dbaedb1c59990b5579,00e93a09857648a8b723b48db4236602,4b894442c95141f9affd731d9da7b43c,e63b83b436a0479db7362338cdfab118
e63b83b436a0479db7362338cdfab118,325cef682f064c55a255f2625c533b75,1538984248448966,datasets/LIDAR_TOP/n015-2018-10-08-15-36-50+0800__LIDAR_TOP__1538984248448966.pcd.bin,770820077d44452a8428299e33808c0f,00e93a09857648a8b723b48db4236602,e00dc15130dc44e796687baadd076ae4,c567f9b8e9f34817acdc9c49d791c557
c567f9b8e9f34817acdc9c49d791c557,325cef682f064c55a255f2625c533b75,1538984248948287,datasets/LIDAR_TOP/n015-2018-10-08-15-36-50+0800__LIDAR_TOP__1538984248948287.pcd.bin,8a7007fd59cf4f39a3855b0e82136105,00e93a09857648a8b723b48db4236602,e63b83b436a0479db7362338cdfab118,8e352d4a6c6f40c8ad4f10a3d2c3f158
8e352d4a6c6f40c8ad4f10a3d2c3f158,325cef682f064c55a255f2625c533b75,1538984249448168,datasets/LIDAR_TOP/n015-2018-10-08-15-36-50+0800__LIDAR_TOP__1538984249448168.pcd.bin,15f4465f9fe44b80ab54908983b1cf68,00e93a09857648a8b723b48db4236602,c567f9b8e9f34817acdc9c49d791c557,841dd6709e9b4d7c9d6bf888f1fe6d7e
841dd6709e9b4d7c9d6bf888f1fe6d7e,325cef682f064c55a255f2625c533b75,1538984249948039,datasets/LIDAR_TOP/n015-2018-10-08-15-36-50+0800__LIDAR_TOP__1538984249948039.pcd.bin,f94199c2a589484d8e32dd6bf4931d4f,00e93a09857648a8b723b48db4236602,8e352d4a6c6f40c8ad4f10a3d2c3f158,e54b784a608644a2804fcf800c7499f7
e54b784a608644a2804fcf800c7499f7,325cef682f064c55a255f2625c533b75,1538984250447364,datasets/LIDAR_TOP/n015-2018-10-08-15-36-50+0800__LIDAR_TOP__1538984250447364.pcd.bin,a07f902656eb4f0fb2e5a77f803fb37c,00e93a09857648a8b723b48db4236602,841dd6709e9b4d7c9d6bf888f1fe6d7e,a1289b27ca1d41deb6fc982be9a3d03c
a1289b27ca1d41deb6fc982be9a3d03c,325cef682f064c55a255f2625c533b75,1538984250947236,datasets/LIDAR_TOP/n015-2018-10-08-15-36-50+0800__LIDAR_TOP__1538984250947236.pcd.bin,bec365d878c4413d85d5fbb3eb3b3f46,00e93a09857648a8b723b48db4236602,e54b784a608644a2804fcf800c7499f7,e6e877f31dd447199b56cae07f86daad
e6e877f31dd447199b56cae07f86daad,325cef682f064c55a255f2625c533b75,1538984251447166,datasets/LIDAR_TOP/n015-2018-10-08-15-36-50+0800__LIDAR_TOP__1538984251447166.pcd.bin,7ac804cee1cd4d48ac2ea0ac97726bc9,00e93a09857648a8b723b48db4236602,a1289b27ca1d41deb6fc982be9a3d03c,cb4e6195faad467094fbd4d0a9e960e9
cb4e6195faad467094fbd4d0a9e960e9,325cef682f064c55a255f2625c533b75,1538984251947010,datasets/LIDAR_TOP/n015-2018-10-08-15-36-50+0800__LIDAR_TOP__1538984251947010.pcd.bin,54259afa6c644e1d99422df9da1c8f35,00e93a09857648a8b723b48db4236602,e6e877f31dd447199b56cae07f86daad,7f594234e8034228b1a7d727f1981e09
7f594234e8034228b1a7d727f1981e09,325cef682f064c55a255f2625c533b75,1538984252446890,datasets/LIDAR_TOP/n015-2018-10-08-15-36-50+0800__LIDAR_TOP__1538984252446890.pcd.bin,fa8abe51b4104eb68fc7f85ab1c475bb,00e93a09857648a8b723b48db4236602,cb4e6195faad467094fbd4d0a9e960e9,9cdbf5ff7f294549aea0a4307e5d104a
9cdbf5ff7f294549aea0a4307e5d104a,325cef682f064c55a255f2625c533b75,1538984252947312,datasets/LIDAR_TOP/n015-2018-10-08-15-36-50+0800__LIDAR_TOP__1538984252947312.pcd.bin,bc84a61f13f744cd8f5aa8e888ce879b,00e93a09857648a8b723b48db4236602,7f594234e8034228b1a7d727f1981e09,b4ff30109dd14c89b24789dc5713cf8c
b4ff30109dd14c89b24789dc5713cf8c,325cef682f064c55a255f2625c533b75,1538984253447765,datasets/LIDAR_TOP/n015-2018-10-08-15-36-50+0800__LIDAR_TOP__1538984253447765.pcd.bin,76c090ac27774e66a592f40998d5537c,00e93a09857648a8b723b48db4236602,9cdbf5ff7f294549aea0a4307e5d104a,
5998b71b64c146769bde1d5430741381,d25718445d89453381c659b9c8734939,1542800367947576,datasets/LIDAR_TOP/n015-2018-11-21-19-38-26+0800__LIDAR_TOP__1542800367947576.pcd.bin,5e8bbadecb8640c69a12857c6992f44c,3483259a64104da79b354a726981e8a6,,30aaef2c5ab44dc4afea271fe829b459
30aaef2c5ab44dc4afea271fe829b459,d25718445d89453381c659b9c8734939,1542800368447460,datasets/LIDAR_TOP/n015-2018-11-21-19-38-26+0800__LIDAR_TOP__1542800368447460.pcd.bin,77a132cf54f84881bdc8800e82068d4a,3483259a64104da79b354a726981e8a6,5998b71b64c146769bde1d5430741381,e8b1863300964b2481fee312496d06d8
e8b1863300964b2481fee312496d06d8,d25718445d89453381c659b9c8734939,1542800368948430,datasets/LIDAR_TOP/n015-2018-11-21-19-38-26+0800__LIDAR_TOP__1542800368948430.pcd.bin,6e9f7877390a4533a6bbf711516173a1,3483259a64104da79b354a726981e8a6,30aaef2c5ab44dc4afea271fe829b459,f0c059b6d7b8438ea9f08de0a3c1fc1a
f0c059b6d7b8438ea9f08de0a3c1fc1a,d25718445d89453381c659b9c8734939,1542800369448339,datasets/LIDAR_TOP/n015-2018-11-21-19-38-26+0800__LIDAR_TOP__1542800369448339.pcd.bin,560181e1085341a3a6edfd87710dc312,3483259a64104da79b354a726981e8a6,e8b1863300964b2481fee312496d06d8,a63038dfb41843eb8a14485d90c2fa35
a63038dfb41843eb8a14485d90c2fa35,d25718445d89453381c659b9c8734939,1542800369949334,datasets/LIDAR_TOP/n015-2018-11-21-19-38-26+0800__LIDAR_TOP__1542800369949334.pcd.bin,8aa1a7754d6847d691685d29ee05ca33,3483259a64104da79b354a726981e8a6,f0c059b6d7b8438ea9f08de0a3c1fc1a,7220a2aaebf347cda4efedc88dcae96e
7220a2aaebf347cda4efedc88dcae96e,d25718445d89453381c659b9c8734939,1542800370450291,datasets/LIDAR_TOP/n015-2018-11-21-19-38-26+0800__LIDAR_TOP__1542800370450291.pcd.bin,3fae29536ac04b02a45fe07a4a994bdf,3483259a64104da79b354a726981e8a6,a63038dfb41843eb8a14485d90c2fa35,4cd162f9083b47d0acd83129a6539c01
4cd162f9083b47d0acd83129a6539c01,d25718445d89453381c659b9c8734939,1542800370949037,datasets/LIDAR_TOP/n015-2018-11-21-19-38-26+0800__LIDAR_TOP__1542800370949037.pcd.bin,41e8be1595df455aa74ae631ec869fc9,3483259a64104da79b354a726981e8a6,7220a2aaebf347cda4efedc88dcae96e,c0f7a7d51fbe46f9be8ca098da06b7fb
c0f7a7d51fbe46f9be8ca098da06b7fb,d25718445d89453381c659b9c8734939,1542800371448359,datasets/LIDAR_TOP/n015-2018-11-21-19-38-26+0800__LIDAR_TOP__1542800371448359.pcd.bin,e6eca216565a4620916ef5103cefe401,3483259a64104da79b354a726981e8a6,4cd162f9083b47d0acd83129a6539c01,1ddf7a48af3d43be8763f154974f09ce
1ddf7a48af3d43be8763f154974f09ce,d25718445d89453381c659b9c8734939,1542800371948272,datasets/LIDAR_TOP/n015-2018-11-21-19-38-26+0800__LIDAR_TOP__1542800371948272.pcd.bin,3d7b552d1e3741509d844bf4b6791962,3483259a64104da79b354a726981e8a6,c0f7a7d51fbe46f9be8ca098da06b7fb,3be9d2705879419f8f3afc08949dca57
3be9d2705879419f8f3afc08949dca57,d25718445d89453381c659b9c8734939,1542800372397808,datasets/LIDAR_TOP/n015-2018-11-21-19-38-26+0800__LIDAR_TOP__1542800372397808.pcd.bin,6e5a2f9bc359433a9bc821d8558c85d3,3483259a64104da79b354a726981e8a6,1ddf7a48af3d43be8763f154974f09ce,ed2e7d24f2ad41abb3d37cd9a0ca8e89
ed2e7d24f2ad41abb3d37cd9a0ca8e89,d25718445d89453381c659b9c8734939,1542800372948008,datasets/LIDAR_TOP/n015-2018-11-21-19-38-26+0800__LIDAR_TOP__1542800372948008.pcd.bin,0af1568c817a44048cfc67879f893f35,3483259a64104da79b354a726981e8a6,3be9d2705879419f8f3afc08949dca57,ca6000b81f2b4b598502b1e93e334a1d
ca6000b81f2b4b598502b1e93e334a1d,d25718445d89453381c659b9c8734939,1542800373447883,datasets/LIDAR_TOP/n015-2018-11-21-19-38-26+0800__LIDAR_TOP__1542800373447883.pcd.bin,86e42829043946a4bdbafa460919177b,3483259a64104da79b354a726981e8a6,ed2e7d24f2ad41abb3d37cd9a0ca8e89,385d542a35384181bc1e69cfd2df0664
385d542a35384181bc1e69cfd2df0664,d25718445d89453381c659b9c8734939,1542800373947765,datasets/LIDAR_TOP/n015-2018-11-21-19-38-26+0800__LIDAR_TOP__1542800373947765.pcd.bin,80394e6e6f4d448184d03965a87fa413,3483259a64104da79b354a726981e8a6,ca6000b81f2b4b598502b1e93e334a1d,8c8755ebb0bf4c519416323acad6cea1
8c8755ebb0bf4c519416323acad6cea1,d25718445d89453381c659b9c8734939,1542800374447637,datasets/LIDAR_TOP/n015-2018-11-21-19-38-26+0800__LIDAR_TOP__1542800374447637.pcd.bin,c7f57453fbdc4fd08bb36f65f17f469a,3483259a64104da79b354a726981e8a6,385d542a35384181bc1e69cfd2df0664,384e26fb47f94faea344766bb26f987a
384e26fb47f94faea344766bb26f987a,d25718445d89453381c659b9c8734939,1542800374947539,datasets/LIDAR_TOP/n015-2018-11-21-19-38-26+0800__LIDAR_TOP__1542800374947539.pcd.bin,c781207aebcb4b95ba9cc12ba30c44cb,3483259a64104da79b354a726981e8a6,8c8755ebb0bf4c519416323acad6cea1,7f49d07afdf64212a4eea699cb5ab17c
7f49d07afdf64212a4eea699cb5ab17c,d25718445d89453381c659b9c8734939,1542800375447384,datasets/LIDAR_TOP/n015-2018-11-21-19-38-26+0800__LIDAR_TOP__1542800375447384.pcd.bin,6a2893ec6f1e4fc5a79f1709e88b0cd4,3483259a64104da79b354a726981e8a6,384e26fb47f94faea344766bb26f987a,2e96e4ef43624c3d9ae8fd5526444fa8
2e96e4ef43624c3d9ae8fd5526444fa8,d25718445d89453381c659b9c8734939,1542800375947245,datasets/LIDAR_TOP/n015-2018-11-21-19-38-26+0800__LIDAR_TOP__1542800375947245.pcd.bin,5b219d0ca20446c68746b4ae3ce98eba,3483259a64104da79b354a726981e8a6,7f49d07afdf64212a4eea699cb5ab17c,7f87e737dad642d9aff78a7fe12ce194
7f87e737dad642d9aff78a7fe12ce194,d25718445d89453381c659b9c8734939,1542800376447154,datasets/LIDAR_TOP/n015-2018-11-21-19-38-26+0800__LIDAR_TOP__1542800376447154.pcd.bin,3496cb2b32094b76bffff3c253463b3b,3483259a64104da79b354a726981e8a6,2e96e4ef43624c3d9ae8fd5526444fa8,37bed8d646cd4f0f8eac519794dd8bd7
37bed8d646cd4f0f8eac519794dd8bd7,d25718445d89453381c659b9c8734939,1542800376947003,datasets/LIDAR_TOP/n015-2018-11-21-19-38-26+0800__LIDAR_TOP__1542800376947003.pcd.bin,db9c2232838d48c5968c5ace0b129f53,3483259a64104da79b354a726981e8a6,7f87e737dad642d9aff78a7fe12ce194,6d1d793b68b24165be5755a54054c82a
6d1d793b68b24165be5755a54054c82a,d25718445d89453381c659b9c8734939,1542800377447456,datasets/LIDAR_TOP/n015-2018-11-21-19-38-26+0800__LIDAR_TOP__1542800377447456.pcd.bin,ba504fabcb6d4eaa9cf4b33a49f99f9f,3483259a64104da79b354a726981e8a6,37bed8d646cd4f0f8eac519794dd8bd7,083240c8c70b44e4ac6fc7f267b1518f
083240c8c70b44e4ac6fc7f267b1518f,d25718445d89453381c659b9c8734939,1542800377898133,datasets/LIDAR_TOP/n015-2018-11-21-19-38-26+0800__LIDAR_TOP__1542800377898133.pcd.bin,a6b5ca4ced94480e91e4ff7fe141bcc6,3483259a64104da79b354a726981e8a6,6d1d793b68b24165be5755a54054c82a,db0173c29e1e43d1b5535f48e541efdf
db0173c29e1e43d1b5535f48e541efdf,d25718445d89453381c659b9c8734939,1542800378397983,datasets/LIDAR_TOP/n015-2018-11-21-19-38-26+0800__LIDAR_TOP__1542800378397983.pcd.bin,95621ad99e9c4d6eba093c260c5fb92f,3483259a64104da79b354a726981e8a6,083240c8c70b44e4ac6fc7f267b1518f,d148d50ba9be44bcb2105d8da47425b4
d148d50ba9be44bcb2105d8da47425b4,d25718445d89453381c659b9c8734939,1542800378897841,datasets/LIDAR_TOP/n015-2018-11-21-19-38-26+0800__LIDAR_TOP__1542800378897841.pcd.bin,a04994887b474a3f9e5b2d28e65f7e78,3483259a64104da79b354a726981e8a6,db0173c29e1e43d1b5535f48e541efdf,f2d48fe35d5646659dc339e1d36886f9
f2d48fe35d5646659dc339e1d36886f9,d25718445d89453381c659b9c8734939,1542800379397716,datasets/LIDAR_TOP/n015-2018-11-21-19-38-26+0800__LIDAR_TOP__1542800379397716.pcd.bin,07e8a798a39b49d6bd35d53156e64232,3483259a64104da79b354a726981e8a6,d148d50ba9be44bcb2105d8da47425b4,a32166aff42946d39455fcbe502a321a
a32166aff42946d39455fcbe502a321a,d25718445d89453381c659b9c8734939,1542800379897591,datasets/LIDAR_TOP/n015-2018-11-21-19-38-26+0800__LIDAR_TOP__1542800379897591.pcd.bin,f64be8fc951b4a77a4e1895188df261e,3483259a64104da79b354a726981e8a6,f2d48fe35d5646659dc339e1d36886f9,7ca3502caf394d6d9c0a80b822b3ff48
7ca3502caf394d6d9c0a80b822b3ff48,d25718445d89453381c659b9c8734939,1542800380398024,datasets/LIDAR_TOP/n015-2018-11-21-19-38-26+0800__LIDAR_TOP__1542800380398024.pcd.bin,9d65676f67ae42e688e0b0db45b927bf,3483259a64104da79b354a726981e8a6,a32166aff42946d39455fcbe502a321a,5b77f438091b4d00a74d333ef2fe9033
5b77f438091b4d00a74d333ef2fe9033,d25718445d89453381c659b9c8734939,1542800380947696,datasets/LIDAR_TOP/n015-2018-11-21-19-38-26+0800__LIDAR_TOP__1542800380947696.pcd.bin,9f4ac54175b143f7aa42c23b86bba95b,3483259a64104da79b354a726981e8a6,7ca3502caf394d6d9c0a80b822b3ff48,29796060110c4163b07f06eff4af0753
29796060110c4163b07f06eff4af0753,d25718445d89453381c659b9c8734939,1542800381448102,datasets/LIDAR_TOP/n015-2018-11-21-19-38-26+0800__LIDAR_TOP__1542800381448102.pcd.bin,d9ee706fc0e1481a82e1d1d2788b38f1,3483259a64104da79b354a726981e8a6,5b77f438091b4d00a74d333ef2fe9033,7bf1cef0e253474e847ee4c2eb955901
7bf1cef0e253474e847ee4c2eb955901,d25718445d89453381c659b9c8734939,1542800381897652,datasets/LIDAR_TOP/n015-2018-11-21-19-38-26+0800__LIDAR_TOP__1542800381897652.pcd.bin,73049bc284734389a16cd36f58cff3d7,3483259a64104da79b354a726981e8a6,29796060110c4163b07f06eff4af0753,e10f8dcb73e646af840d9955a70a63d5
e10f8dcb73e646af840d9955a70a63d5,d25718445d89453381c659b9c8734939,1542800382397543,datasets/LIDAR_TOP/n015-2018-11-21-19-38-26+0800__LIDAR_TOP__1542800382397543.pcd.bin,eb8c268a648e47a1986867e1262f868f,3483259a64104da79b354a726981e8a6,7bf1cef0e253474e847ee4c2eb955901,17a9388ec4b04e028b4d07af2cc3a45c
17a9388ec4b04e028b4d07af2cc3a45c,d25718445d89453381c659b9c8734939,1542800382897959,datasets/LIDAR_TOP/n015-2018-11-21-19-38-26+0800__LIDAR_TOP__1542800382897959.pcd.bin,bcd2da1ef3ed45b185fd2fbb492d5122,3483259a64104da79b354a726981e8a6,e10f8dcb73e646af840d9955a70a63d5,1fc26189c2524ef396e5ce6cc210c1cd
1fc26189c2524ef396e5ce6cc210c1cd,d25718445d89453381c659b9c8734939,1542800383397856,datasets/LIDAR_TOP/n015-2018-11-21-19-38-26+0800__LIDAR_TOP__1542800383397856.pcd.bin,4bbfaebece7b4af9914dca6630b0610e,3483259a64104da79b354a726981e8a6,17a9388ec4b04e028b4d07af2cc3a45c,92594549844e4f7da7a0e73e92945b2b
92594549844e4f7da7a0e73e92945b2b,d25718445d89453381c659b9c8734939,1542800383897713,datasets/LIDAR_TOP/n015-2018-11-21-19-38-26+0800__LIDAR_TOP__1542800383897713.pcd.bin,06c93d995da14560be10806aa0506984,3483259a64104da79b354a726981e8a6,1fc26189c2524ef396e5ce6cc210c1cd,1923316323b44b86b3389178fb026db6
1923316323b44b86b3389178fb026db6,d25718445d89453381c659b9c8734939,1542800384397580,datasets/LIDAR_TOP/n015-2018-11-21-19-38-26+0800__LIDAR_TOP__1542800384397580.pcd.bin,22ede9793684495b91c953ffe2707ddc,3483259a64104da79b354a726981e8a6,92594549844e4f7da7a0e73e92945b2b,05e993bd780241aabaa30dd2a0473286
05e993bd780241aabaa30dd2a0473286,d25718445d89453381c659b9c8734939,1542800384947787,datasets/LIDAR_TOP/n015-2018-11-21-19-38-26+0800__LIDAR_TOP__1542800384947787.pcd.bin,ce808765ee7e47a09ea677ccbc58aefd,3483259a64104da79b354a726981e8a6,1923316323b44b86b3389178fb026db6,64134c75d5f547fdb4a6862b192f06cd
64134c75d5f547fdb4a6862b192f06cd,d25718445d89453381c659b9c8734939,1542800385448218,datasets/LIDAR_TOP/n015-2018-11-21-19-38-26+0800__LIDAR_TOP__1542800385448218.pcd.bin,9b69e262837d4fb59eb3f00a930e1e5a,3483259a64104da79b354a726981e8a6,05e993bd780241aabaa30dd2a0473286,c69f16f8568a4479ab2f200c802309d9
c69f16f8568a4479ab2f200c802309d9,d25718445d89453381c659b9c8734939,1542800385948086,datasets/LIDAR_TOP/n015-2018-11-21-19-38-26+0800__LIDAR_TOP__1542800385948086.pcd.bin,05afff45782640739984210fc595c3a6,3483259a64104da79b354a726981e8a6,64134c75d5f547fdb4a6862b192f06cd,a401b5ee030547ab8678a563f13b4731
a401b5ee030547ab8678a563f13b4731,d25718445d89453381c659b9c8734939,1542800386398207,datasets/LIDAR_TOP/n015-2018-11-21-19-38-26+0800__LIDAR_TOP__1542800386398207.pcd.bin,bc4258e225e442f295822c63dc34db87,3483259a64104da79b354a726981e8a6,c69f16f8568a4479ab2f200c802309d9,cc0342fe162348dc9445493aab4b463e
cc0342fe162348dc9445493aab4b463e,d25718445d89453381c659b9c8734939,1542800386898102,datasets/LIDAR_TOP/n015-2018-11-21-19-38-26+0800__LIDAR_TOP__1542800386898102.pcd.bin,58a21b7592f5489b9d15686d6c117375,3483259a64104da79b354a726981e8a6,a401b5ee030547ab8678a563f13b4731,6a9eb66eaac44de69c19d24b9d76e598
6a9eb66eaac44de69c19d24b9d76e598,d25718445d89453381c659b9c8734939,1542800387397971,datasets/LIDAR_TOP/n015-2018-11-21-19-38-26+0800__LIDAR_TOP__1542800387397971.pcd.bin,5d229fdca3c74e3796f9c12ab3ef13ab,3483259a64104da79b354a726981e8a6,cc0342fe162348dc9445493aab4b463e,ee9b3f38dadd40588f43ba590c4751b9
ee9b3f38dadd40588f43ba590c4751b9,d25718445d89453381c659b9c8734939,1542800387897823,datasets/LIDAR_TOP/n015-2018-11-21-19-38-26+0800__LIDAR_TOP__1542800387897823.pcd.bin,07ad082b378a45a4bca7ac47fc6871bd,3483259a64104da79b354a726981e8a6,6a9eb66eaac44de69c19d24b9d76e598,
e6b0b282aa174a978272dc2d0a89d560,de7d80a1f5fb4c3e82ce8a4f213b450a,1542800847948119,datasets/LIDAR_TOP/n015-2018-11-21-19-38-26+0800__LIDAR_TOP__1542800847948119.pcd.bin,da48bb33b1c847798767a03ed0dcee39,43619e1e67274cf989804763b82d9954,,f77ef1c17cbf432587d705c88ce76b3b
f77ef1c17cbf432587d705c88ce76b3b,de7d80a1f5fb4c3e82ce8a4f213b450a,1542800848447981,datasets/LIDAR_TOP/n015-2018-11-21-19-38-26+0800__LIDAR_TOP__1542800848447981.pcd.bin,15ef121927134d56b3431d762a288224,43619e1e67274cf989804763b82d9954,e6b0b282aa174a978272dc2d0a89d560,77fc24547ab34182a945eecb825b6576
77fc24547ab34182a945eecb825b6576,de7d80a1f5fb4c3e82ce8a4f213b450a,1542800848947897,datasets/LIDAR_TOP/n015-2018-11-21-19-38-26+0800__LIDAR_TOP__1542800848947897.pcd.bin,58dfdc7b80f648ddb7812d3198229877,43619e1e67274cf989804763b82d9954,f77ef1c17cbf432587d705c88ce76b3b,648fe1aeca944fb793b334cb6ee01854
648fe1aeca944fb793b334cb6ee01854,de7d80a1f5fb4c3e82ce8a4f213b450a,1542800849447179,datasets/LIDAR_TOP/n015-2018-11-21-19-38-26+0800__LIDAR_TOP__1542800849447179.pcd.bin,746ac5a5b8594420b1870ac30a191a0d,43619e1e67274cf989804763b82d9954,77fc24547ab34182a945eecb825b6576,1e0d1b76ea134c7db0592c4510f5e737
1e0d1b76ea134c7db0592c4510f5e737,de7d80a1f5fb4c3e82ce8a4f213b450a,1542800849947059,datasets/LIDAR_TOP/n015-2018-11-21-19-38-26+0800__LIDAR_TOP__1542800849947059.pcd.bin,87f8c309f9404ea5816a7a44c4ba14e6,43619e1e67274cf989804763b82d9954,648fe1aeca944fb793b334cb6ee01854,fb61d590dd1143ccb12ea56fbe9d9d07
fb61d590dd1143ccb12ea56fbe9d9d07,de7d80a1f5fb4c3e82ce8a4f213b450a,1542800850447485,datasets/LIDAR_TOP/n015-2018-11-21-19-38-26+0800__LIDAR_TOP__1542800850447485.pcd.bin,531e4593fc0e46c393415279743586e6,43619e1e67274cf989804763b82d9954,1e0d1b76ea134c7db0592c4510f5e737,3b594831ff7f4e27a9889c7b7d0d8e92
3b594831ff7f4e27a9889c7b7d0d8e92,de7d80a1f5fb4c3e82ce8a4f213b450a,1542800850947378,datasets/LIDAR_TOP/n015-2018-11-21-19-38-26+0800__LIDAR_TOP__1542800850947378.pcd.bin,f00a4081c44c4cdaa3292107041633f2,43619e1e67274cf989804763b82d9954,fb61d590dd1143ccb12ea56fbe9d9d07,8178cfbc864e4cb0b6e35746b32bed9f
8178cfbc864e4cb0b6e35746b32bed9f,de7d80a1f5fb4c3e82ce8a4f213b450a,1542800851450143,datasets/LIDAR_TOP/n015-2018-11-21-19-38-26+0800__LIDAR_TOP__1542800851450143.pcd.bin,acbffeaf383e4fad8b14a580ffaab052,43619e1e67274cf989804763b82d9954,3b594831ff7f4e27a9889c7b7d0d8e92,07c29094cb6144aa889c16c52f762d79
07c29094cb6144aa889c16c52f762d79,de7d80a1f5fb4c3e82ce8a4f213b450a,1542800851947705,datasets/LIDAR_TOP/n015-2018-11-21-19-38-26+0800__LIDAR_TOP__1542800851947705.pcd.bin,159bf84dfb134dada96732c55061fb63,43619e1e67274cf989804763b82d9954,8178cfbc864e4cb0b6e35746b32bed9f,a43568a562a043f38af0ec0b71520af7
a43568a562a043f38af0ec0b71520af7,de7d80a1f5fb4c3e82ce8a4f213b450a,1542800852448091,datasets/LIDAR_TOP/n015-2018-11-21-19-38-26+0800__LIDAR_TOP__1542800852448091.pcd.bin,cefe3d3fd2e84ea9872aec67024e35a5,43619e1e67274cf989804763b82d9954,07c29094cb6144aa889c16c52f762d79,d1136fce62f14400a069613e274f46f7
d1136fce62f14400a069613e274f46f7,de7d80a1f5fb4c3e82ce8a4f213b450a,1542800852947478,datasets/LIDAR_TOP/n015-2018-11-21-19-38-26+0800__LIDAR_TOP__1542800852947478.pcd.bin,ced4b55ba0954d4cba144e4e6cbe7efc,43619e1e67274cf989804763b82d9954,a43568a562a043f38af0ec0b71520af7,f65ffdc408fb4a0c8ef0d1614b47dce8
f65ffdc408fb4a0c8ef0d1614b47dce8,de7d80a1f5fb4c3e82ce8a4f213b450a,1542800853447313,datasets/LIDAR_TOP/n015-2018-11-21-19-38-26+0800__LIDAR_TOP__1542800853447313.pcd.bin,6df51a723dd74012973f2a9600f79688,43619e1e67274cf989804763b82d9954,d1136fce62f14400a069613e274f46f7,0915646e387b484785ae2b847ffdee2f
0915646e387b484785ae2b847ffdee2f,de7d80a1f5fb4c3e82ce8a4f213b450a,1542800853947736,datasets/LIDAR_TOP/n015-2018-11-21-19-38-26+0800__LIDAR_TOP__1542800853947736.pcd.bin,43d5b80ebe6b4aafa64ae88bf923a7e9,43619e1e67274cf989804763b82d9954,f65ffdc408fb4a0c8ef0d1614b47dce8,95c0a92d52584756832ec795d346e296
95c0a92d52584756832ec795d346e296,de7d80a1f5fb4c3e82ce8a4f213b450a,1542800854447717,datasets/LIDAR_TOP/n015-2018-11-21-19-38-26+0800__LIDAR_TOP__1542800854447717.pcd.bin,83e831cdb74d491e897a39dd7c2e5f2b,43619e1e67274cf989804763b82d9954,0915646e387b484785ae2b847ffdee2f,9c7c7d5d109c40fcaecd3c422d37b4f6
9c7c7d5d109c40fcaecd3c422d37b4f6,de7d80a1f5fb4c3e82ce8a4f213b450a,1542800854948033,datasets/LIDAR_TOP/n015-2018-11-21-19-38-26+0800__LIDAR_TOP__1542800854948033.pcd.bin,c406776798d847e29a03ef2a4c801f41,43619e1e67274cf989804763b82d9954,95c0a92d52584756832ec795d346e296,7d82aa0c679141d1a71733b85fdcd3ed
7d82aa0c679141d1a71733b85fdcd3ed,de7d80a1f5fb4c3e82ce8a4f213b450a,1542800855448455,datasets/LIDAR_TOP/n015-2018-11-21-19-38-26+0800__LIDAR_TOP__1542800855448455.pcd.bin,36fef290c36a4aff8f66f58de617480a,43619e1e67274cf989804763b82d9954,9c7c7d5d109c40fcaecd3c422d37b4f6,07175443e8444b8c8c4802fd004e33c1
07175443e8444b8c8c4802fd004e33c1,de7d80a1f5fb4c3e82ce8a4f213b450a,1542800855949460,datasets/LIDAR_TOP/n015-2018-11-21-19-38-26+0800__LIDAR_TOP__1542800855949460.pcd.bin,5deba590a3e04b70bde08ce180ae5221,43619e1e67274cf989804763b82d9954,7d82aa0c679141d1a71733b85fdcd3ed,056becbc0d5a46da8d59eebddedb47bb
056becbc0d5a46da8d59eebddedb47bb,de7d80a1f5fb4c3e82ce8a4f213b450a,1542800856450419,datasets/LIDAR_TOP/n015-2018-11-21-19-38-26+0800__LIDAR_TOP__1542800856450419.pcd.bin,bd7f9a8a1cf842ab8e6647675c8fca45,43619e1e67274cf989804763b82d9954,07175443e8444b8c8c4802fd004e33c1,3b594af1b130490989536590345c9dc9
3b594af1b130490989536590345c9dc9,de7d80a1f5fb4c3e82ce8a4f213b450a,1542800856950302,datasets/LIDAR_TOP/n015-2018-11-21-19-38-26+0800__LIDAR_TOP__1542800856950302.pcd.bin,ff9c5ce617164ff8b86931626aa72b63,43619e1e67274cf989804763b82d9954,056becbc0d5a46da8d59eebddedb47bb,acf9fcbeb1e346b98640f694f15460e8
acf9fcbeb1e346b98640f694f15460e8,de7d80a1f5fb4c3e82ce8a4f213b450a,1542800857450187,datasets/LIDAR_TOP/n015-2018-11-21-19-38-26+0800__LIDAR_TOP__1542800857450187.pcd.bin,09fcf8699529477784bfc9c8c6559ef9,43619e1e67274cf989804763b82d9954,3b594af1b130490989536590345c9dc9,0e837c21890a4515874247ceb3dbf5c3
0e837c21890a4515874247ceb3dbf5c3,de7d80a1f5fb4c3e82ce8a4f213b450a,1542800857899729,datasets/LIDAR_TOP/n015-2018-11-21-19-38-26+0800__LIDAR_TOP__1542800857899729.pcd.bin,b7e30c7d851d4f428d84c91596068e02,43619e1e67274cf989804763b82d9954,acf9fcbeb1e346b98640f694f15460e8,f5f955d2d7594fb4b18ef615b421c98e
f5f955d2d7594fb4b18ef615b421c98e,de7d80a1f5fb4c3e82ce8a4f213b450a,1542800858399042,datasets/LIDAR_TOP/n015-2018-11-21-19-38-26+0800__LIDAR_TOP__1542800858399042.pcd.bin,0f92b1a57bf84db0b72c22752662ebe6,43619e1e67274cf989804763b82d9954,0e837c21890a4515874247ceb3dbf5c3,6cb024831cce4b6e8acf85afb7cece6e
6cb024831cce4b6e8acf85afb7cece6e,de7d80a1f5fb4c3e82ce8a4f213b450a,1542800858898923,datasets/LIDAR_TOP/n015-2018-11-21-19-38-26+0800__LIDAR_TOP__1542800858898923.pcd.bin,e50641a59d3e498b9d036b7bc5836d81,43619e1e67274cf989804763b82d9954,f5f955d2d7594fb4b18ef615b421c98e,273c930b3f384bd58b2bbae02fe81d1e
273c930b3f384bd58b2bbae02fe81d1e,de7d80a1f5fb4c3e82ce8a4f213b450a,1542800859451995,datasets/LIDAR_TOP/n015-2018-11-21-19-38-26+0800__LIDAR_TOP__1542800859451995.pcd.bin,6ae83cd380c2415ba55f4d9dff2e8f1a,43619e1e67274cf989804763b82d9954,6cb024831cce4b6e8acf85afb7cece6e,a84f43c4ef52461d940a6c7d0768b86f
a84f43c4ef52461d940a6c7d0768b86f,de7d80a1f5fb4c3e82ce8a4f213b450a,1542800859947349,datasets/LIDAR_TOP/n015-2018-11-21-19-38-26+0800__LIDAR_TOP__1542800859947349.pcd.bin,b30f1f4f6ad4440fa0cf59cced0f2ad9,43619e1e67274cf989804763b82d9954,273c930b3f384bd58b2bbae02fe81d1e,8d7dcd1533704f5882a5afcb65509ed5
8d7dcd1533704f5882a5afcb65509ed5,de7d80a1f5fb4c3e82ce8a4f213b450a,1542800860447226,datasets/LIDAR_TOP/n015-2018-11-21-19-38-26+0800__LIDAR_TOP__1542800860447226.pcd.bin,62204c77ef23492a91226fca8847700b,43619e1e67274cf989804763b82d9954,a84f43c4ef52461d940a6c7d0768b86f,f90292e4cdf647e1a8842baabdaafcec
f90292e4cdf647e1a8842baabdaafcec,de7d80a1f5fb4c3e82ce8a4f213b450a,1542800860947086,datasets/LIDAR_TOP/n015-2018-11-21-19-38-26+0800__LIDAR_TOP__1542800860947086.pcd.bin,20e45bdb8c5d412c907d5db0dc6749ab,43619e1e67274cf989804763b82d9954,8d7dcd1533704f5882a5afcb65509ed5,98fa81992fb04e799c329eca220e7164
98fa81992fb04e799c329eca220e7164,de7d80a1f5fb4c3e82ce8a4f213b450a,1542800861447555,datasets/LIDAR_TOP/n015-2018-11-21-19-38-26+0800__LIDAR_TOP__1542800861447555.pcd.bin,c4b1457d7c684d709a01d93d9b16810b,43619e1e67274cf989804763b82d9954,f90292e4cdf647e1a8842baabdaafcec,49dfd2f2fef447cc9b8dec3e17c1c919
49dfd2f2fef447cc9b8dec3e17c1c919,de7d80a1f5fb4c3e82ce8a4f213b450a,1542800861947962,datasets/LIDAR_TOP/n015-2018-11-21-19-38-26+0800__LIDAR_TOP__1542800861947962.pcd.bin,b439e578bd014fd6ad8170dc787c9ff8,43619e1e67274cf989804763b82d9954,98fa81992fb04e799c329eca220e7164,c18d3bcc9297454ba52112c079cb756e
c18d3bcc9297454ba52112c079cb756e,de7d80a1f5fb4c3e82ce8a4f213b450a,1542800862447900,datasets/LIDAR_TOP/n015-2018-11-21-19-38-26+0800__LIDAR_TOP__1542800862447900.pcd.bin,9ed2218da68f4d81b3bdd5ace6d12113,43619e1e67274cf989804763b82d9954,49dfd2f2fef447cc9b8dec3e17c1c919,9cc9718713c14974b5e3094e1c4eae1c
9cc9718713c14974b5e3094e1c4eae1c,de7d80a1f5fb4c3e82ce8a4f213b450a,1542800862947705,datasets/LIDAR_TOP/n015-2018-11-21-19-38-26+0800__LIDAR_TOP__1542800862947705.pcd.bin,5aa7b01e3c0648309532b83a2baf2af7,43619e1e67274cf989804763b82d9954,c18d3bcc9297454ba52112c079cb756e,a5c0ec90615e42818962e4e002de0cef
a5c0ec90615e42818962e4e002de0cef,de7d80a1f5fb4c3e82ce8a4f213b450a,1542800863447572,datasets/LIDAR_TOP/n015-2018-11-21-19-38-26+0800__LIDAR_TOP__1542800863447572.pcd.bin,3fffefbdecd14ac1aa23f46a78173e27,43619e1e67274cf989804763b82d9954,9cc9718713c14974b5e3094e1c4eae1c,3f2ddc9476eb475b8c46f777f508cedb
3f2ddc9476eb475b8c46f777f508cedb,de7d80a1f5fb4c3e82ce8a4f213b450a,1542800863948003,datasets/LIDAR_TOP/n015-2018-11-21-19-38-26+0800__LIDAR_TOP__1542800863948003.pcd.bin,c13656cc70af4875a2836e5de8baa642,43619e1e67274cf989804763b82d9954,a5c0ec90615e42818962e4e002de0cef,27749aa3de2545219186c61d4d415e1c
27749aa3de2545219186c61d4d415e1c,de7d80a1f5fb4c3e82ce8a4f213b450a,1542800864448454,datasets/LIDAR_TOP/n015-2018-11-21-19-38-26+0800__LIDAR_TOP__1542800864448454.pcd.bin,82b48fbe54084bdebb272000b2c1e764,43619e1e67274cf989804763b82d9954,3f2ddc9476eb475b8c46f777f508cedb,daae21dc94b74898a7362922e8792415
daae21dc94b74898a7362922e8792415,de7d80a1f5fb4c3e82ce8a4f213b450a,1542800864948320,datasets/LIDAR_TOP/n015-2018-11-21-19-38-26+0800__LIDAR_TOP__1542800864948320.pcd.bin,38dc24a4b6b644dd96384c25f3692aaf,43619e1e67274cf989804763b82d9954,27749aa3de2545219186c61d4d415e1c,042f582eb2bb4231910918ba85f390d3
042f582eb2bb4231910918ba85f390d3,de7d80a1f5fb4c3e82ce8a4f213b450a,1542800865448238,datasets/LIDAR_TOP/n015-2018-11-21-19-38-26+0800__LIDAR_TOP__1542800865448238.pcd.bin,e295bae3d72c4f329ac279f2a232bd0f,43619e1e67274cf989804763b82d9954,daae21dc94b74898a7362922e8792415,fe40762a54e1414da73de751877ad576
fe40762a54e1414da73de751877ad576,de7d80a1f5fb4c3e82ce8a4f213b450a,1542800865948074,datasets/LIDAR_TOP/n015-2018-11-21-19-38-26+0800__LIDAR_TOP__1542800865948074.pcd.bin,dcf4bf8309a446eca57c9295204aabe0,43619e1e67274cf989804763b82d9954,042f582eb2bb4231910918ba85f390d3,0ee7e7691e3e4bd88d43150073906a4f
0ee7e7691e3e4bd88d43150073906a4f,de7d80a1f5fb4c3e82ce8a4f213b450a,1542800866448494,datasets/LIDAR_TOP/n015-2018-11-21-19-38-26+0800__LIDAR_TOP__1542800866448494.pcd.bin,3256a2a0621d4938b5d210cdc5026067,43619e1e67274cf989804763b82d9954,fe40762a54e1414da73de751877ad576,b085cc54b9c6437db176033620d00529
b085cc54b9c6437db176033620d00529,de7d80a1f5fb4c3e82ce8a4f213b450a,1542800866948361,datasets/LIDAR_TOP/n015-2018-11-21-19-38-26+0800__LIDAR_TOP__1542800866948361.pcd.bin,6f50f208157f4f679d42d6efa4336d50,43619e1e67274cf989804763b82d9954,0ee7e7691e3e4bd88d43150073906a4f,4e1d1031fe9f45f981a2f598365fc645
4e1d1031fe9f45f981a2f598365fc645,de7d80a1f5fb4c3e82ce8a4f213b450a,1542800867447688,datasets/LIDAR_TOP/n015-2018-11-21-19-38-26+0800__LIDAR_TOP__1542800867447688.pcd.bin,3797ea02ce0247a1ab5c438552695047,43619e1e67274cf989804763b82d9954,b085cc54b9c6437db176033620d00529,
a480496a5988410fbe3d8ed6c84da996,e233467e827140efa4b42d2b4c435855,1542800987947699,datasets/LIDAR_TOP/n015-2018-11-21-19-38-26+0800__LIDAR_TOP__1542800987947699.pcd.bin,b723df2123fe473d85512c9d02156c27,2f33eba3ec8d4637aad8010686d364fa,,b993550e60054741983f8052ba97b0b0
b993550e60054741983f8052ba97b0b0,e233467e827140efa4b42d2b4c435855,1542800988448155,datasets/LIDAR_TOP/n015-2018-11-21-19-38-26+0800__LIDAR_TOP__1542800988448155.pcd.bin,a64fc7d1153249f293676a686c9b705d,2f33eba3ec8d4637aad8010686d364fa,a480496a5988410fbe3d8ed6c84da996,61cfc5554a724824b0d34bddc147d890
61cfc5554a724824b0d34bddc147d890,e233467e827140efa4b42d2b4c435855,1542800988948006,datasets/LIDAR_TOP/n015-2018-11-21-19-38-26+0800__LIDAR_TOP__1542800988948006.pcd.bin,03510a45057547c2b7361e3950dcdf6d,2f33eba3ec8d4637aad8010686d364fa,b993550e60054741983f8052ba97b0b0,dc4c80e8a1534ff8a3eb80307341161c
dc4c80e8a1534ff8a3eb80307341161c,e233467e827140efa4b42d2b4c435855,1542800989447876,datasets/LIDAR_TOP/n015-2018-11-21-19-38-26+0800__LIDAR_TOP__1542800989447876.pcd.bin,4dc98064647f400bb2e797f95e4500cb,2f33eba3ec8d4637aad8010686d364fa,61cfc5554a724824b0d34bddc147d890,c36e8482feb041de9f081e76396cf4fe
c36e8482feb041de9f081e76396cf4fe,e233467e827140efa4b42d2b4c435855,1542800989947775,datasets/LIDAR_TOP/n015-2018-11-21-19-38-26+0800__LIDAR_TOP__1542800989947775.pcd.bin,e01250e2b756499082d7051f93dd6028,2f33eba3ec8d4637aad8010686d364fa,dc4c80e8a1534ff8a3eb80307341161c,c9e812f2705b4b198f4675dfaa33812d
c9e812f2705b4b198f4675dfaa33812d,e233467e827140efa4b42d2b4c435855,1542800990447665,datasets/LIDAR_TOP/n015-2018-11-21-19-38-26+0800__LIDAR_TOP__1542800990447665.pcd.bin,51cf60deff4d4a71a0bcd2476d734b68,2f33eba3ec8d4637aad8010686d364fa,c36e8482feb041de9f081e76396cf4fe,eff61ec3657c4d1c9327e3fe6ca639d3
eff61ec3657c4d1c9327e3fe6ca639d3,e233467e827140efa4b42d2b4c435855,1542800990947514,datasets/LIDAR_TOP/n015-2018-11-21-19-38-26+0800__LIDAR_TOP__1542800990947514.pcd.bin,1cbca681f61f435283dcc08adc24b57f,2f33eba3ec8d4637aad8010686d364fa,c9e812f2705b4b198f4675dfaa33812d,0a3abc33048d46f9bd78151d1df4b004
0a3abc33048d46f9bd78151d1df4b004,e233467e827140efa4b42d2b4c435855,1542800991448017,datasets/LIDAR_TOP/n015-2018-11-21-19-38-26+0800__LIDAR_TOP__1542800991448017.pcd.bin,65210739f5274f268ceb8c63e45e68f4,2f33eba3ec8d4637aad8010686d364fa,eff61ec3657c4d1c9327e3fe6ca639d3,2c77ee386aa0444aaf27140fe6cc8364
2c77ee386aa0444aaf27140fe6cc8364,e233467e827140efa4b42d2b4c435855,1542800991947811,datasets/LIDAR_TOP/n015-2018-11-21-19-38-26+0800__LIDAR_TOP__1542800991947811.pcd.bin,500885ba456b405ebb59ab9a0358b0ae,2f33eba3ec8d4637aad8010686d364fa,0a3abc33048d46f9bd78151d1df4b004,4e169e93acb346d59de1af7f2b4882e1
4e169e93acb346d59de1af7f2b4882e1,e233467e827140efa4b42d2b4c435855,1542800992447751,datasets/LIDAR_TOP/n015-2018-11-21-19-38-26+0800__LIDAR_TOP__1542800992447751.pcd.bin,474f8b1764544249a8c1b91c2430f71f,2f33eba3ec8d4637aad8010686d364fa,2c77ee386aa0444aaf27140fe6cc8364,b902d29df24c4efda414a9a88ed57031
b902d29df24c4efda414a9a88ed57031,e233467e827140efa4b42d2b4c435855,1542800992897804,datasets/LIDAR_TOP/n015-2018-11-21-19-38-26+0800__LIDAR_TOP__1542800992897804.pcd.bin,33480893f81740c4918302729a3fba06,2f33eba3ec8d4637aad8010686d364fa,4e169e93acb346d59de1af7f2b4882e1,3ff58ee0fc4748d9895300f02114aa56
3ff58ee0fc4748d9895300f02114aa56,e233467e827140efa4b42d2b4c435855,1542800993397691,datasets/LIDAR_TOP/n015-2018-11-21-19-38-26+0800__LIDAR_TOP__1542800993397691.pcd.bin,4d9b4477402c492a84e707aa8ff72e52,2f33eba3ec8d4637aad8010686d364fa,b902d29df24c4efda414a9a88ed57031,7147d8d1b51b428fb408f34799325111
7147d8d1b51b428fb408f34799325111,e233467e827140efa4b42d2b4c435855,1542800993897003,datasets/LIDAR_TOP/n015-2018-11-21-19-38-26+0800__LIDAR_TOP__1542800993897003.pcd.bin,cf0243e7bafc4ea691505285b5a5d096,2f33eba3ec8d4637aad8010686d364fa,3ff58ee0fc4748d9895300f02114aa56,050b2d9c4bb647b7ab4ee94bdb538e1d
050b2d9c4bb647b7ab4ee94bdb538e1d,e233467e827140efa4b42d2b4c435855,1542800994396889,datasets/LIDAR_TOP/n015-2018-11-21-19-38-26+0800__LIDAR_TOP__1542800994396889.pcd.bin,28082e3d115f4512a9668354eb2391f7,2f33eba3ec8d4637aad8010686d364fa,7147d8d1b51b428fb408f34799325111,2690c36281244c06b709e9f4eeb1317a
2690c36281244c06b709e9f4eeb1317a,e233467e827140efa4b42d2b4c435855,1542800994896757,datasets/LIDAR_TOP/n015-2018-11-21-19-38-26+0800__LIDAR_TOP__1542800994896757.pcd.bin,b027389b996a487d958ad438145b316a,2f33eba3ec8d4637aad8010686d364fa,050b2d9c4bb647b7ab4ee94bdb538e1d,99f903d3f74a4f76a05a4f1e10e49329
99f903d3f74a4f76a05a4f1e10e49329,e233467e827140efa4b42d2b4c435855,1542800995397176,datasets/LIDAR_TOP/n015-2018-11-21-19-38-26+0800__LIDAR_TOP__1542800995397176.pcd.bin,e5b494e154054645a56b981b2542a568,2f33eba3ec8d4637aad8010686d364fa,2690c36281244c06b709e9f4eeb1317a,25a4a6aa9096458285cba35c950f2717
25a4a6aa9096458285cba35c950f2717,e233467e827140efa4b42d2b4c435855,1542800995898163,datasets/LIDAR_TOP/n015-2018-11-21-19-38-26+0800__LIDAR_TOP__1542800995898163.pcd.bin,c2b6c6405b7746828089305baf0be09e,2f33eba3ec8d4637aad8010686d364fa,99f903d3f74a4f76a05a4f1e10e49329,c631b61375a642b6b110f5bd5543ef7a
c631b61375a642b6b110f5bd5543ef7a,e233467e827140efa4b42d2b4c435855,1542800996448383,datasets/LIDAR_TOP/n015-2018-11-21-19-38-26+0800__LIDAR_TOP__1542800996448383.pcd.bin,26e5af11777c423691ee4ecd5efc22ad,2f33eba3ec8d4637aad8010686d364fa,25a4a6aa9096458285cba35c950f2717,614c6962e44240b1b0ebb3eb351fe0eb
614c6962e44240b1b0ebb3eb351fe0eb,e233467e827140efa4b42d2b4c435855,1542800996948806,datasets/LIDAR_TOP/n015-2018-11-21-19-38-26+0800__LIDAR_TOP__1542800996948806.pcd.bin,13190d5fa4e6464d90cdae484b134029,2f33eba3ec8d4637aad8010686d364fa,c631b61375a642b6b110f5bd5543ef7a,ace4b20b94cf47d0b68addac79fe68de
ace4b20b94cf47d0b68addac79fe68de,e233467e827140efa4b42d2b4c435855,1542800997448664,datasets/LIDAR_TOP/n015-2018-11-21-19-38-26+0800__LIDAR_TOP__1542800997448664.pcd.bin,3a9531b0c656401292aa52e8e1741db2,2f33eba3ec8d4637aad8010686d364fa,614c6962e44240b1b0ebb3eb351fe0eb,134ae8a8f5c340f9894a414fc0966af4
134ae8a8f5c340f9894a414fc0966af4,e233467e827140efa4b42d2b4c435855,1542800997948536,datasets/LIDAR_TOP/n015-2018-11-21-19-38-26+0800__LIDAR_TOP__1542800997948536.pcd.bin,d347b5c478b74796abed1a10ff464e7f,2f33eba3ec8d4637aad8010686d364fa,ace4b20b94cf47d0b68addac79fe68de,41550a1f0b0548e5823b14d95e807c7d
41550a1f0b0548e5823b14d95e807c7d,e233467e827140efa4b42d2b4c435855,1542800998398646,datasets/LIDAR_TOP/n015-2018-11-21-19-38-26+0800__LIDAR_TOP__1542800998398646.pcd.bin,80bccf7217974ff88fc90aeabbd06cd9,2f33eba3ec8d4637aad8010686d364fa,134ae8a8f5c340f9894a414fc0966af4,36aa1c0eeb50457b97911c3bd742a730
36aa1c0eeb50457b97911c3bd742a730,e233467e827140efa4b42d2b4c435855,1542800998948303,datasets/LIDAR_TOP/n015-2018-11-21-19-38-26+0800__LIDAR_TOP__1542800998948303.pcd.bin,b0414855b9ef489fb3cfbf632437a099,2f33eba3ec8d4637aad8010686d364fa,41550a1f0b0548e5823b14d95e807c7d,26f99f91a8e14038bd52aee4d00df394
26f99f91a8e14038bd52aee4d00df394,e233467e827140efa4b42d2b4c435855,1542800999448167,datasets/LIDAR_TOP/n015-2018-11-21-19-38-26+0800__LIDAR_TOP__1542800999448167.pcd.bin,961ec15476e447b083e0e6942dfb2507,2f33eba3ec8d4637aad8010686d364fa,36aa1c0eeb50457b97911c3bd742a730,8e5512a630dc44c08d3e3f692b34f808
8e5512a630dc44c08d3e3f692b34f808,e233467e827140efa4b42d2b4c435855,1542800999948064,datasets/LIDAR_TOP/n015-2018-11-21-19-38-26+0800__LIDAR_TOP__1542800999948064.pcd.bin,1db9636af66847f48c67b78ed7abe924,2f33eba3ec8d4637aad8010686d364fa,26f99f91a8e14038bd52aee4d00df394,b4c279e61abf49bd871ff2ec4b13e115
b4c279e61abf49bd871ff2ec4b13e115,e233467e827140efa4b42d2b4c435855,1542801000447918,datasets/LIDAR_TOP/n015-2018-11-21-19-38-26+0800__LIDAR_TOP__1542801000447918.pcd.bin,4ac1a1868ec9433d899b9e5a530c2da4,2f33eba3ec8d4637aad8010686d364fa,8e5512a630dc44c08d3e3f692b34f808,9c93690fc9e24ebc90906ed922159d75
9c93690fc9e24ebc90906ed922159d75,e233467e827140efa4b42d2b4c435855,1542801000947820,datasets/LIDAR_TOP/n015-2018-11-21-19-38-26+0800__LIDAR_TOP__1542801000947820.pcd.bin,ad6ed998c429493e9e3c769a8766520f,2f33eba3ec8d4637aad8010686d364fa,b4c279e61abf49bd871ff2ec4b13e115,f2a6d0e38153467ba0d02706024e258d
f2a6d0e38153467ba0d02706024e258d,e233467e827140efa4b42d2b4c435855,1542801001447119,datasets/LIDAR_TOP/n015-2018-11-21-19-38-26+0800__LIDAR_TOP__1542801001447119.pcd.bin,c34fd1d1fe324be19b99254fbefe1fc7,2f33eba3ec8d4637aad8010686d364fa,9c93690fc9e24ebc90906ed922159d75,93f4f8ac1145418cadcf14dfd2a9cf78
93f4f8ac1145418cadcf14dfd2a9cf78,e233467e827140efa4b42d2b4c435855,1542801001947564,datasets/LIDAR_TOP/n015-2018-11-21-19-38-26+0800__LIDAR_TOP__1542801001947564.pcd.bin,f1e22417afdf40b6b4d6ce0cdb7bda62,2f33eba3ec8d4637aad8010686d364fa,f2a6d0e38153467ba0d02706024e258d,d61ef2ae3bd54793b8beec55061940f0
d61ef2ae3bd54793b8beec55061940f0,e233467e827140efa4b42d2b4c435855,1542801002447972,datasets/LIDAR_TOP/n015-2018-11-21-19-38-26+0800__LIDAR_TOP__1542801002447972.pcd.bin,0fadce38a46c4f8ebfdaf1f2d8d853cc,2f33eba3ec8d4637aad8010686d364fa,93f4f8ac1145418cadcf14dfd2a9cf78,fc8ed14d78fa4879898315f5dee21d38
fc8ed14d78fa4879898315f5dee21d38,e233467e827140efa4b42d2b4c435855,1542801002947855,datasets/LIDAR_TOP/n015-2018-11-21-19-38-26+0800__LIDAR_TOP__1542801002947855.pcd.bin,11e4c8e9cc2649548310bdbacf886b5d,2f33eba3ec8d4637aad8010686d364fa,d61ef2ae3bd54793b8beec55061940f0,dc53cf076d114df7bb59c2a0b3bc3154
dc53cf076d114df7bb59c2a0b3bc3154,e233467e827140efa4b42d2b4c435855,1542801003447741,datasets/LIDAR_TOP/n015-2018-11-21-19-38-26+0800__LIDAR_TOP__1542801003447741.pcd.bin,da349c581e8f4905bd921dac23322f81,2f33eba3ec8d4637aad8010686d364fa,fc8ed14d78fa4879898315f5dee21d38,9bd27a83e6ee47f9aa372bbe8a8573c8
9bd27a83e6ee47f9aa372bbe8a8573c8,e233467e827140efa4b42d2b4c435855,1542801003948191,datasets/LIDAR_TOP/n015-2018-11-21-19-38-26+0800__LIDAR_TOP__1542801003948191.pcd.bin,f8a059bf1c5143e7a860c3070829326e,2f33eba3ec8d4637aad8010686d364fa,dc53cf076d114df7bb59c2a0b3bc3154,236f1ecb6ee7459d918cd011831674d6
236f1ecb6ee7459d918cd011831674d6,e233467e827140efa4b42d2b4c435855,1542801004447480,datasets/LIDAR_TOP/n015-2018-11-21-19-38-26+0800__LIDAR_TOP__1542801004447480.pcd.bin,382de18dad304a4f81692ac6b35b3836,2f33eba3ec8d4637aad8010686d364fa,9bd27a83e6ee47f9aa372bbe8a8573c8,8336b62c3f6f4bb988c3865cc5df4446
8336b62c3f6f4bb988c3865cc5df4446,e233467e827140efa4b42d2b4c435855,1542801004947354,datasets/LIDAR_TOP/n015-2018-11-21-19-38-26+0800__LIDAR_TOP__1542801004947354.pcd.bin,726e07214b9a4914b6aee2ab19714dbe,2f33eba3ec8d4637aad8010686d364fa,236f1ecb6ee7459d918cd011831674d6,8cc06390249d4895b5b9b860f0952f24
8cc06390249d4895b5b9b860f0952f24,e233467e827140efa4b42d2b4c435855,1542801005447229,datasets/LIDAR_TOP/n015-2018-11-21-19-38-26+0800__LIDAR_TOP__1542801005447229.pcd.bin,a3f72937ffd14cfcaeb1a76ca65a9144,2f33eba3ec8d4637aad8010686d364fa,8336b62c3f6f4bb988c3865cc5df4446,d7cb9aa06de1442d8e2a22d562045cb4
d7cb9aa06de1442d8e2a22d562045cb4,e233467e827140efa4b42d2b4c435855,1542801005947122,datasets/LIDAR_TOP/n015-2018-11-21-19-38-26+0800__LIDAR_TOP__1542801005947122.pcd.bin,3bb2d52afb664af09e24b313122f8d24,2f33eba3ec8d4637aad8010686d364fa,8cc06390249d4895b5b9b860f0952f24,4d4e4c0fd8ec49bdb12788e0a9ecbce3
4d4e4c0fd8ec49bdb12788e0a9ecbce3,e233467e827140efa4b42d2b4c435855,1542801006446992,datasets/LIDAR_TOP/n015-2018-11-21-19-38-26+0800__LIDAR_TOP__1542801006446992.pcd.bin,3f7ae86f28f84174b3cf7d4f4c8d9335,2f33eba3ec8d4637aad8010686d364fa,d7cb9aa06de1442d8e2a22d562045cb4,0d6668bcb0644bbaaee81c17cc308845
0d6668bcb0644bbaaee81c17cc308845,e233467e827140efa4b42d2b4c435855,1542801006946864,datasets/LIDAR_TOP/n015-2018-11-21-19-38-26+0800__LIDAR_TOP__1542801006946864.pcd.bin,4f8e6d77f3514815ba95220dbf42b5d3,2f33eba3ec8d4637aad8010686d364fa,4d4e4c0fd8ec49bdb12788e0a9ecbce3,abf3d91d3c28407e80e3334fe89c03cb
abf3d91d3c28407e80e3334fe89c03cb,e233467e827140efa4b42d2b4c435855,1542801007446751,datasets/LIDAR_TOP/n015-2018-11-21-19-38-26+0800__LIDAR_TOP__1542801007446751.pcd.bin,e7d9eec0e14a4a25beffd451517b520e,2f33eba3ec8d4637aad8010686d364fa,0d6668bcb0644bbaaee81c17cc308845,
